id,text,lang,label,category,source,is_synthetic
1,Напоминание: срок оплаты за обучение до 25.12. Сумма 44 000 тг,ru,safe,legitimate,synthetic_template_kz,1
2,Еске салу: оқу ақысын 7.9 дейін төлеу қажет. Сома 80 600 тг,kk,safe,legitimate,synthetic_template_kz,1
3,Пополнение 24 700 тг на карту *6728. Баланс 6 000 000 тг,ru,safe,legitimate,synthetic_template_kz,1
4,"Bank RBK: покупка 2 000 000 тг, карта *5076. Доступно 8 000 000 тг",ru,safe,legitimate,synthetic_template_kz,1
5,Jusan Bank қауіпсіздік қызmеті: 40 600 тг күдікті аудаpым. +7 744 177 40 71 нөміріне жедел хабaрласыңыз,kk,scam,fake_bank,synthetic_template_kz,1
6,"Занятие по английскому переносится на 15:00, аудитория 352",ru,safe,legitimate,synthetic_template_kz,1
7,Тұрғын үй бағдарламалары мен жаңалықтары.,kk,safe,legitimate,github_Yerassyl04_Spam-kazakh,0
8,Повестка в суд по делу №43008. Материалы дела: kaspi.kz.secure-login.cc,ru,scam,fake_police,synthetic_template_kz,1
9,Kaspi Магазин: ваш товар продан. Для получения 44 000 тг перейдите enpf-vyplata.ru,ru,scam,kaspi_scam,synthetic_template_kz,1
10,Bereke Bank. Списание 39 000 тг одобрено. Отменить операцию: kaspi.kz.secure-login.cc,ru,scam,fake_bank,synthetic_template_kz,1
11,Нөміріңіз Activ акциясының жеңімпазы атанды! Жүлде 7 000 000 тг. Растаңыз: jusan-secure.info,kk,scam,fake_prize,synthetic_template_kz,1
12,Салық берешегі 2 000 000 тг. Онлайн өтеу: halyk-verify.xyz,kk,scam,phishing,synthetic_template_kz,1
13,№458140 тапсырысыңыз Boxberry пунктіне жетті. 5 күн ішінде алыңыз,kk,safe,legitimate,synthetic_template_kz,1
14,"Несие бойынша сақтандыруды қайтару. Өтемақы тиесілі ме, тексеріңіз: +7 756 941 20 70",kk,suspicious,grey_marketing,synthetic_template_kz,1
15,Деректeріңіз расталмағандықтан шотыңыз 2 сағат ішінде жабылады. Сауaлнаманы жаңартыңыз: gov-kz.support,kk,scam,fake_bank,synthetic_template_kz,1
16,ForteBank.  14  000 тг есептен шығару бекітілді. Болдырмау үшін: enpf-vyplata.ru,kk,scam,fake_bank,synthetic_template_kz,1
17,Одобрен займ до 92 000 тг без справок и залога. Оформить за 5 минут: wildberries.kz,ru,suspicious,grey_marketing,synthetic_template_kz,1
18,Ваш счет будет закрыт сегодня до 18:00 из-за неподтвержденных данных. Обновите анкету: kz-vyigrysh.net,ru,scam,fake_bank,synthetic_template_kz,1
19,Ваш номер участвует в перерасчете пенсии. Заполните форму gov-kz.support до конца недели,ru,scam,phishing,synthetic_template_kz,1
20,Сіздің емтихандарыңызға дайындық басталды.,kk,safe,legitimate,github_Yerassyl04_Spam-kazakh,0
21,*1431 картаға 1 000 000 тг толықтырылды. Баланс 1 000 000 тг,kk,safe,legitimate,synthetic_template_kz,1
22,Национальный Банк РК: на ваше имя заведено производство. Явитесь или ознакомьтесь bonus-kz.click,ru,scam,fake_police,synthetic_template_kz,1
23,Kaspi: код 209359. Ешкімге айтпаңыз.,kk,safe,legitimate,synthetic_template_kz,1
24,"Kaspi Gold: код 8599. Никому не сообщайте. Если это не вы, звоните +7 765 395 31 79",ru,scam,kaspi_scam,synthetic_template_kz,1
25,Мерейтойлық  ұтыс!  Сізге 27 000 тг бонус есептелді. Шығару үшін 7228 тг комиссия төлеңіз,kk,scam,fake_prize,synthetic_template_kz,1
26,Бесплатная диагностика организма в нашей клинике. Запись на сегодня +7 715 367 83 62,ru,suspicious,grey_marketing,synthetic_template_kz,1
27,"Оплата ЖКХ за май принята, сумма 39 800 tг",ru,safe,legitimate,synthetic_template_kz,1
28,№325739 тапсырысыңыз Яндекс Доставка пунктіне жетті. 5 күн ішінде алыңыз,kk,safe,legitimate,synthetic_template_kz,1
29,"izi: тариф ұзартылды, 3294 тг есептен шығарылды !!!",kk,safe,legitimate,synthetic_template_kz,1
30,Bereke Bank қауіпсіздік қызметі: 79 000 тг күдікті аударым. +7 772 359 82 30 нөміріне жедел хабарласыңыз,kk,scam,fake_bank,synthetic_template_kz,1
31,Повестка в суд по делу №17991. Материалы дела: wb-kz-rize.shop,ru,scam,fake_police,synthetic_template_kz,1
32,Kaspi Магазин: тауарыңыз сатылды. 25 800 тг алу үшін өтіңіз kaspi.kz.secure-login.cc,kk,scam,kaspi_scam,synthetic_template_kz,1
33,"На вас оформлен кредит мошенниками. Дело ведет Национальный Банк РК, оператор +7 755 853 52 96",ru,scam,fake_police,synthetic_template_kz,1
34,Kaspi: код 17273. Никому не сообщайте.,ru,safe,legitimate,synthetic_template_kz,1
35,Temu: сәлемдемеңіз кеденде тұр. 847 тг баж салығын төлеңіз: jusan-secure.info,kk,scam,phishing,synthetic_template_kz,1
36,izi: аптасына 672 тг жазылым қосылды. Өшіру *710#,kk,suspicious,grey_marketing,synthetic_template_kz,1
37,"Возврат страховки по кредиту. Проверьте, положена ли вам компенсация: +7 778 926 34 21",ru,suspicious,grey_marketing,synthetic_template_kz,1
38,Служба безопасности Eurasian Bank: подозрительный перевод на 72 000 тг. Свяжитесь с оператором +7 789 487 35 91 немедленно,ru,scam,fake_bank,synthetic_template_kz,1
39,№971300 тапсырысыңыз Яндекс Доставка пунктіне жетті. 5 күн ішінде алыңыз,kk,safe,legitimate,synthetic_template_kz,1
40,Заработок из дома от 71 000 тг в Hеделю. Пишите в WhatsApp +7 762 542 39 35,ru,suspicious,grey_marketing,synthetic_template_kz,1
41,Трейдинг курстары. Бірінші сбақ тегін. Тіркелу +7 719 594 22 24,kk,suspicious,grey_marketing,synthetic_template_kz,1
42,*2603 картаға 64 600 тг толықтырылды. Баланс 63 000 тг,kk,safe,legitimate,synthetic_template_kz,1
43,Бесплатная диагностика организма в нашей клинике. Запись на сегодня +7 706 771 71 77,ru,suspicious,grey_marketing,synthetic_template_kz,1
44,Курсы трейдинга. Первое занятие бесплатно. Запись +7 778 699 16 57,ru,suspicious,grey_marketing,synthetic_template_kz,1
45,Обновление базы ЕНПФ. Вам начислена выплата 30 000 тг. Получить: kaspi-gold.site,ru,scam,phishing,synthetic_template_kz,1
46,"Halyk Bank: жеке кабинетіңізге жаңа құрылғыдан кіру әрекеті тіркелді. Егер бұл сіз болмасаңыз, растаңыз: kaspi-bonus.top",kk,scam,fake_bank,synthetic_template_kz,1
47,Activ:  остаток  26 ГБ и 787 минут до 4.9,ru,safe,legitimate,synthetic_template_kz,1
48,Ерте тұру қажет болса ерте жат,kk,safe,legitimate,github_Yerassyl04_Spam-kazakh,0
49,Заработок из дома от 62 400 тг в неделю. Пишите в WhatsApp +7 709 336 70 10,ru,suspicious,grey_marketing,synthetic_template_kz,1
50,"Eurasian Bank: одобрен кредит на 27 300 тг. Если вы не подавали заявку, отмените здесь forte-cabinet.pro",ru,scam,fake_bank,synthetic_template_kz,1
51,"ForteBank: покупка 6 000 000 тг, карта *4272. Доступно 9 000 000 тг",ru,safe,legitimate,synthetic_template_kz,1
52,Kaspi Магазин: тауарыңыз сатылды. 7 000 000 тг алу үшін өтіңіз jusan-secre.info,kk,scam,kaspi_scam,synthetic_template_kz,1
53,"Требуются сотрудники, график свободный, оплата ежедневно 15 000 тг. Telegram по номеру +7 782 243 61 76",ru,suspicious,grey_marketing,synthetic_template_kz,1
54,Біздің жаңа жобамызды қараңыз.,kk,safe,legitimate,github_Yerassyl04_Spam-kazakh,0
55,Kaspi: перевод 64 000 тг от Гульнара ожидает подтверждения. Подтвердить: halyk-verify.xyz,ru,scam,kaspi_scam,synthetic_template_kz,1
56,Өзіңіздің медициналық тексеруіңізді жоспарлаңыз.,kk,safe,legitimate,github_Yerassyl04_Spam-kazakh,0
57,"Үйден жұмыс, аптасына 80 000 тг табыс. WhatsApp +7 778 413 10 47 жазыңыз",kk,suspicious,grey_marketing,synthetic_template_kz,1
58,ЖСН нөміріңіз заңсыз операцияда қолданылған. Тергеуші хабарласады: +7 719 809 18 28. Үшінші тұлғаларға айтпаңыз,kk,scam,fake_police,synthetic_template_kz,1
59,Одобрен займ до 7 000 000 тг без справок и залога. Оформить за 5 минут: egov.kz,ru,suspicious,grey_marketing,synthetic_template_kz,1
60,Ваш ИИН использован в незаконной операции. Следователь свяжется с вами: +7 717 530 49 92. Не сообщайте третьим лицам,ru,scam,fake_police,synthetic_template_kz,1
61,Одобрен займ до 5 000 000 тг без справок и залога. Оформить за 5 минут: kaspi.kz,ru,suspicious,grey_marketing,synthetic_template_kz,1
62,Tele2: SIM картаңыздың мерзімі бітуде. Тіркеуді ұзартыңыз kz-vyigrysh.net,kk,scam,phishing,synthetic_template_kz,1
63,"Такси прибыло. Chevrolet Cobalt, гос. ноер 832 CCF 01",ru,safe,legitimate,synthetic_template_kz,1
64,Мерейтойлық ұтыс! Сізге 80 600 тг бонус есептелді. Шығару үшін 9771 тг комиссия төлеңіз,kk,scam,fake_prize,synthetic_template_kz,1
65,Сіздің жүлдеіңіз дайын!,kk,suspicious,grey_marketing,github_Yerassyl04_Spam-kazakh,0
66,Kaspi: Әйгерім жіберген 70 000 тг аударым растауды күтуде. Растау: gov-kz.support,kk,scam,kaspi_scam,synthetic_template_kz,1
67,Kaspi Red: рассрочка на 9 000 000 тг оформлена. Отменить gov-kz.support,ru,scam,kaspi_scam,synthetic_template_kz,1
68,"Мама, я задержусь, буду примерно к 21 часам",ru,safe,legitimate,synthetic_template_kz,1
69,"Возврат страховки по кредиту. Проверьте, положена ли вам компенсация: +7 704 665 48 31",ru,suspicious,grey_marketing,synthetic_template_kz,1
70,Одобрен займ до 4 000 000 тг без справок и залога. Оформить за 5 минут: halykbank.kz,ru,suspicious,grey_marketing,synthetic_template_kz,1
71,Тек бүгін ғана - ақшаны қайтарып алыңыз!,kk,suspicious,grey_marketing,github_Yerassyl04_Spam-kazakh,0
72,СДЭК: неверный адрес доставки. Уточниtе данные jusan-secure.info иначе заказ вернeтся отправиtелю,ru,scam,phishing,synthetic_template_kz,1
73,"Altel: тариф продлен, списано 2668 тг. Следующее списание 16.12",ru,safe,legitimate,synthetic_template_kz,1
74,Сот орындаушылары: сіздің атыңызға іс қозғалды. Танысу үшін kaspi.kz.secure-login.cc,kk,scam,fake_police,synthetic_template_kz,1
75,Beeline: подключена подписка за 498 тг/нед. Отключить *371#,ru,suspicious,grey_marketing,synthetic_template_kz,1
76,"Мама, я задержусь, буду примерно к 20 часам 🔴",ru,safe,legitimate,synthetic_template_kz,1
77,Temu: сәлемдемеңіз кеденде тұр. 1668 тг баж салығын төлеңіз: forte-cabinet.pro,kk,scam,phishing,synthetic_template_kz,1
78,Только сегодня! Скидка 61% на все товары в Kaspi Магазин. Успей до полуночи,ru,suspicious,grey_marketing,synthetic_template_kz,1
79,"Такси прибыло. Kia Rio, гоc. Hомер 727 AKR 08",ru,safe,legitimate,synthetic_template_kz,1
80,"Встpеча группы SE-2421 в 10:00, коpпyс 1",ru,safe,legitimate,synthetic_template_kz,1
81,"Бағдарламалау сабағы 16:00-ге ауыстырылды, 367 аудитория",kk,safe,legitimate,synthetic_template_kz,1
82,"Здравствуйте, я по объявлению на Kaspi. Уже оплатил, подтвердитe получение по ссылке kaspi-gold.site",ru,scam,kaspi_scam,synthetic_template_kz,1
83,"Қызметкерлер қажет, кесте еркін, күнделікті төлем 29 000 тг. Telegram +7 780 203 89 21",kk,suspicious,grey_marketing,synthetic_template_kz,1
84,"Внимание! Ваша карта *1645 скомпрометирована. Переведите средства на резервный счет, инструкция: kaspi-bonus.top",ru,scam,fake_bank,synthetic_template_kz,1
85,"Ағылшын тілі сабағы 15:00-ге ауыстырылды, 360 аудитория",kk,safe,legitimate,synthetic_template_kz,1
86,Ваш заказ №616333 прибыл в пункт выдачи Kaspi Postomat. Забрать в течение 5 дней,ru,safe,legitimate,synthetic_template_kz,1
87,Kaspi: код 288067. Ешкімге айтпаңыз.,kk,safe,legitimate,synthetic_template_kz,1
88,Повестка в суд по делу №20639. Материалы дела: jusan-secure.info,ru,scam,fake_police,synthetic_template_kz,1
89,"Здравствуйте, я по объявлеHию на Kaspi. Уже оплатил, подтвердиtе пoлучение по ссылке kaspi-bonus.top",ru,scam,kaspi_scam,synthetic_template_kz,1
90,Сізге  43  000 тг сомасына Kaspi Bonus 10% түсті. Белсендіру enpf-vyplata.ru,kk,scam,kaspi_scam,synthetic_template_kz,1
91,Kaspi: перевод 79 400 тг от Ерлан ожидает подтверждения. Подтвердить: wb-kz-prize.shop,ru,scam,kaspi_scam,synthetic_template_kz,1
92,БЖЗҚ дерекқоры жаңартылды. Сізге 15 000 тг төлем есептелді. Алу: kaspi-gold.site,kk,scam,phishing,synthetic_template_kz,1
93,"Ерлан, сізге 85 100 тг төлем мақұлданды. Деректерді осында енгізіңіз kaspi.kz.secure-login.cc",kk,scam,fake_prize,synthetic_template_kz,1
94,Ваш код подтверждения для входа: 996630,ru,safe,legitimate,synthetic_template_kz,1
95,"63  000  тг бастап инвестиция, айына 55% табыс. Кеңес +7 722 734 49 51",kk,suspicious,grey_marketing,synthetic_template_kz,1
96,Только сегодня! Скидка 79% на все товары в Wildberries. Успей до полуночи,ru,suspicious,grey_marketing,synthetic_template_kz,1
97,Трейдинг курстары. Бірінші сабақ тегін. Тіркелу +7 700 287 92 60,kk,suspicious,grey_marketing,synthetic_template_kz,1
98,"Данияр, вам доступен персональный кредитный лимит 25 000 тг. Подробнее в приложении",ru,suspicious,grey_marketing,synthetic_template_kz,1
99,"Бағдарламалау сабағы 12:00-ге ауыстырылды, 306 аудитория",kk,safe,legitimate,synthetic_template_kz,1
100,Курcы трейдинга. Первое заняtие бесплатнo. Запись +7 782 390 27 33,ru,suspicious,grey_marketing,synthetic_template_kz,1
101,КОМИТЕТ ГОСДОХОДОВ: НА ВАШЕ ИМЯ ЗАВЕДЕНО ПРОИЗВОДСТВО. ЯВИТЕСЬ ИЛИ ОЗНАКОМЬТЕСЬ GOV-KZ.SUPPORT,ru,scam,fake_police,synthetic_template_kz,1
102,Кіру үшін растау кодыңыз: 448461,kk,safe,legitimate,synthetic_template_kz,1
103,Мемлекеттік кірістер комитеті. Шоттарыңызға тыйым салынды. Шектеуді 2 сағат ішінде алу: jusan-secure.info,kk,scam,fake_police,synthetic_template_kz,1
104,Kaspi Red: рассpочка на 7 000 000 тг оформленa. Оtменить halyk-verify.xyz,ru,scam,kaspi_scam,synthetic_template_kz,1
105,Сатып алғаныңыз үшін рахмеt! Түбіpтеk wildberries.kz сайтында,kk,safe,legitimate,synthetic_template_kz,1
106,"Ана, мен кешігемін, шамамен 21-де боламын ⚠️",kk,safe,legitimate,synthetic_template_kz,1
107,Еске салу: оқу ақысын 28.8 дейін төлеу қажет. Сома 46 500 тг,kk,safe,legitimate,synthetic_template_kz,1
108,"Kaspi Gold: код 90811. Никому не сообщайте. Если это не вы, звоните +7 741 610 58 78",ru,scam,kaspi_scam,synthetic_template_kz,1
109,Напоминание: срок оплаты за обучение дo 17.10. Сyмма 31 000 тг,ru,safe,legitimate,synthetic_template_kz,1
110,Деректеріңіз расталмағандықтан шотыңыз жедел түрде жабылады. Сауалнаманы жаңартыңыз: enpf-vyplata.ru,kk,scam,fake_bank,synthetic_template_kz,1
111,Құттықтаймыз! Сіз Jusan Bank ұтыс ойынында 1 000 000 тг ұттыңыз. Жүлдені алу: kaspi-gold.site,kk,scam,fake_prize,synthetic_template_kz,1
112,"Kaspi Gold: код 720585. Никому не сообщайте. Если это не вы, звоните +7 724 181 33 15",ru,scam,kaspi_scam,synthetic_template_kz,1
113,"Tele2: тариф продлен, списано 3481 тг. Следующее списание 11.4",ru,safe,legitimate,synthetic_template_kz,1
114,"Инвестиции от 53 000 тг, доход 37% в месяц. Консультация +7 799 299 97 55",ru,suspicious,grey_marketing,synthetic_template_kz,1
115,Еске  салу:  оқу ақысын 6.1 дейін төлеу қажет. Сома 2 000 000 тг,kk,safe,legitimate,synthetic_template_kz,1
116,Бүгін ғана: электронды құрылғыларда үлкен жеңілдіктер!,kk,suspicious,grey_marketing,github_Yerassyl04_Spam-kazakh,0
117,Kaspi Магазин: тауарыңыз сатылды. 82 300 tг алу үшін өtіңіз kaspi.kz.secure-login.cc,kk,scam,kaspi_scam,synthetic_template_kz,1
118,eGov аккаунтыңыз 23:59-ға дейін жойылады. ЖСН растаңыз: forte-cabinet.pro,kk,scam,phishing,synthetic_template_kz,1
119,"Крипто-сигналы с точностью 80%. Первый месяц бесплатно, канал по ссылке в профиле",ru,suspicious,grey_marketing,synthetic_template_kz,1
120,Орнынан тұрмай ақша тапқын келсе,kk,suspicious,grey_marketing,github_Yerassyl04_Spam-kazakh,0
121,Tele2: остаток 1 ГБ и 648 минут до 7.10,ru,safe,legitimate,synthetic_template_kz,1
122,"izi: тариф продлен, списано 5108 тг. Следующее списание 21.11",ru,safe,legitimate,synthetic_template_kz,1
123,"Ана, мен кешігемін, шамамен 21-де боламын",kk,safe,legitimate,synthetic_template_kz,1
124,"Такси прибыло. Toyota Camry, гос. номер 536 SCE 07",ru,safe,legitimate,synthetic_template_kz,1
125,"Halk Bank: покупка 7 000 000 тг, карта *3257. Доступно 6 000 000 тг",ru,safe,legitimate,synthetic_template_kz,1
126,Көпшілік ортада еркін сөйлегіңіз келеді ме?,kk,safe,legitimate,github_Yerassyl04_Spam-kazakh,0
127,*5538 картаға 40 800 тг толықтырылды. Баланс 56 200 тг,kk,safe,legitimate,synthetic_template_kz,1
128,"Несие бойынша сақтандыруды қайтару. Өтемақы тиесілі ме, тексеріңіз: +7 777 111 92 37",kk,suspicious,grey_marketing,synthetic_template_kz,1
129,Обновление базы ЕНПФ. Вам начислена выплата 91 000 тг. Получить: jusan-secure.info ⚠️,ru,scam,phishing,synthetic_template_kz,1
130,"Eurasian Bank: зафиксирована попытка входа в ваш кабинет с нового устройства. Если это не вы, подтвердите личность: halyk-verify.xyz",ru,scam,fake_bank,synthetic_template_kz,1
131,"Возврат страховки по кредиту. Проверьте, положена ли вам компенсация: +7 747 700 99 29",ru,suspicious,grey_marketing,synthetic_template_kz,1
132,Boxberry: жеткізу мекенжайы қате. Деректерді Hақтылаңыз kaspi-gold.site,kk,scam,phishing,synthetic_template_kz,1
133,Ваша заявка на карту рассмотрена. Перезвоните +7 711 852 89 25 для активации,ru,suspicious,grey_marketing,synthetic_template_kz,1
134,Повестка в суд по делу №82718. Материалы дела: halyk-verify.xyz,ru,scam,fake_police,synthetic_template_kz,1
135,"Jusan Bank: жеке кабинетіңізге жаңа құрылғыдан кіру әрекеті тіркелді. Егер бұл сіз болмасаңыз, растаңыз: kaspi-bonus.top",kk,scam,fake_bank,synthetic_template_kz,1
136,"Сәлеметсіз  бе,  Kaspi-дегі хабарландыру бойынша жазып тұрмын. Төледім, сілтеме арқылы растаңыз wb-kz-prize.shop",kk,scam,kaspi_scam,synthetic_template_kz,1
137,Ваш аккаунт eGov будет удален в течеHие 2 часов. Подтвердите ИИН: egov-kz.online,ru,scam,phishing,synthetic_template_kz,1
138,"Здравствуйте, я по объявлению на Kaspi. Уже оплатил, подтвердите получение по ссылке kaspi-bonus.top",ru,scam,kaspi_scam,synthetic_template_kz,1
139,"Сәлеметсіз бе, Kaspi-деі хабарландыру бойынша жазып тұрмын. Төледім, сілтеме арқылы растаңыз bonus-kz.click",kk,scam,kaspi_scam,synthetic_template_kz,1
140,Картаға өтінішіңіз қаралды. Белсендіру үшін +7 764 602 59 72 нөміріне қоңырау шалыңыз,kk,suspicious,grey_marketing,synthetic_template_kz,1
141,Пополнение 71 000 тг на карту *3295. Баланс 6 000 000 тг,ru,safe,legitimate,synthetic_template_kz,1
142,Ваш счет будет закрыт сегодня до 18:00 из-за неподтвержденных данных. Обновите анкету: enpf-vyplata.ru,ru,scam,fake_bank,synthetic_template_kz,1
143,Вам поступил Kaspi Bonus 4% на 29 700 тг. Активация halyk-verify.xyz,ru,scam,kaspi_scam,synthetic_template_kz,1
144,"Үйден жұмыс, аптасына 88 000 тг табыс. WhatsApp +7 766 205 21 59 жазыңыз",kk,suspicious,grey_marketing,synthetic_template_kz,1
145,"Тaкси прибыло. Hyundai Accent, гос. номeр 199 FRA 08",ru,safe,legitimate,synthetic_template_kz,1
146,Сіздің ұтысыңыз туралы хабарлама!,kk,scam,fake_prize,github_Yerassyl04_Spam-kazakh,0
147,Temu: посылка задержана на таможне. Оплатите пошлину 2271 тг: kaspi-gold.site,ru,scam,phishing,synthetic_template_kz,1
148,Деректеріңіз расталмағандықтан шотыңыз жедел түрде жабылады. Сауалнаманы жаңартыңыз: beeline-bonus.icu,kk,scam,fake_bank,synthetic_template_kz,1
149,"Требуются сотрудники, график свободный, оплата ежедневно 19 000 тг. Telegram по номеру +7 732 413 74 47",ru,suspicious,grey_marketing,synthetic_template_kz,1
150,"Үйден жұмыс, аптасына 75 000 тг табыс. WhatsApp +7 757 233 58 74 жазыңыз",kk,suspicious,grey_marketing,synthetic_template_kz,1
151,"Сәлеметсіз бе, Әсел! Ертең сағат 12:00-де дәрігерге жазылғаныңызды еске саламыз",kk,safe,legitimate,synthetic_template_kz,1
152,Одобрен займ до 84 000 тг без справок и залога. Оформить за 5 минут: beeline.kz,ru,suspicious,grey_marketing,synthetic_template_kz,1
153,Вам поступил Kaspi Bonus 15% на 7 000 000 тг. Активация forte-cabinet.pro,ru,scam,kaspi_scam,synthetic_template_kz,1
154,"Beeline: тариф ұзартылды, 4187 тг есептен шығарылды",kk,safe,legitimate,synthetic_template_kz,1
155,Сенбі күні футбол ойыны болады.,kk,safe,legitimate,github_Yerassyl04_Spam-kazakh,0
156,Activ: срок действия SIM истекает. Продлите регистрацию beeline-bonus.icu,ru,scam,phishing,synthetic_template_kz,1
157,Повестка  в  суд по делу №38578. Материалы дела: halyk-verify.xyz,ru,scam,fake_police,synthetic_template_kz,1
158,"Возврат страховки по кредиту. Проверьте, положена ли вам компенсация: +7 734 254 62 63",ru,suspicious,grey_marketing,synthetic_template_kz,1
159,АЭС жайлы ақпарат алу қажет,kk,safe,legitimate,github_Yerassyl04_Spam-kazakh,0
160,Kaspi: перевод 4 000 000 тг от Мадина ожидaет подтверждения. Пoдтвердить: egov-kz.online,ru,scam,kaspi_scam,synthetic_template_kz,1
161,Тек бүгін! Temu дүкенінде барлық тауарға 50% жеңілдік. Түн ортасына дейін үлгеріңіз,kk,suspicious,grey_marketing,synthetic_template_kz,1
162,Розыгрыш к 30-летию! Вам начислен бонус 24 000 тг. Для вывода оплатите комиссию 4550 тг,ru,scam,fake_prize,synthetic_template_kz,1
163,"izi: 21 ГБ және 727 минут қалды, 19.2 дейін",kk,safe,legitimate,synthetic_template_kz,1
164,ПОЗДРАВЛЯЕМ! ВЫ ВЫИГРАЛИ 36 500 ТГ В РОЗЫГРЫШЕ BEREKE BANK. ЗАБРАТЬ ПРИЗ: KZ-VYIGRYSH.NET,ru,scam,fake_prize,synthetic_template_kz,1
165,"Оплата ЖКХ за февраль принята, сумма 64 000 тг",ru,safe,legitimate,synthetic_template_kz,1
166,"SE-2420 тобының жиналысы 12:00-де, 3 корпус",kk,safe,legitimate,synthetic_template_kz,1
167,БЖЗҚ дерекқоры жаңартылды. Сізге 85 000 тг төлем есептелді. Алу: bonus-kz.click,kk,scam,phishing,synthetic_template_kz,1
168,"izi: тариф продлeн, списано 5150 тг. Следующеe списание 2.3",ru,safe,legitimate,synthetic_template_kz,1
169,Нөміріңіз зейнетақыны қайtа есептеуге қатысады. ФорmаHы толтырыңыз kaspi-gold.site,kk,scam,phishing,synthetic_template_kz,1
170,"Алгебра сабағы 14:00-ге ауыстырылды, 219 аудитория",kk,safe,legitimate,synthetic_template_kz,1
171,Тек қазір: 90%-ға дейін жеңілдіктер!,kk,suspicious,grey_marketing,github_Yerassyl04_Spam-kazakh,0
172,Ваш код подтверждения для входа: 683511,ru,safe,legitimate,synthetic_template_kz,1
173,eGov: ваша справка готова. Скачать в мобильном приложении или на wildberries.kz,ru,safe,legitimate,synthetic_template_kz,1
174,Розыгрыш  к  30-летию! Вам начислен бонус 78 700 тг. Для вывода оплатите комиссию 3946 тг,ru,scam,fake_prize,synthetic_template_kz,1
175,Ваш номер выбран победителем акции Tele2! Приз 79 000 тг. Подтвердите: halyk-verify.xyz,ru,scam,fake_prize,synthetic_template_kz,1
176,Altel: остаток 21 ГБ и 623 минут до 11.6,ru,safe,legitimate,synthetic_template_kz,1
177,Kaspi: код 879747. Ешкімге айтпаңыз.,kk,safe,legitimate,synthetic_template_kz,1
178,Сізге 5 000 000 тг сомасына Kaspi Bonus 14% түсті. Белсендіру beeline-bonus . icu,kk,scam,kaspi_scam,synthetic_template_kz,1
179,КНБ РК. Наложен арест на счета. Снять ограничение в течение 2 часов: wb-kz-prize.shop,ru,scam,fake_police,synthetic_template_kz,1
180,№973706 тапсырысыңыз Boxberry пунктіне жетті. 5 күн ішінде алыңыз,kk,safe,legitimate,synthetic_template_kz,1
181,"Возврат страховки по кредиту. Проверьте, положена ли вам компенсация: +7 774 381 72 55",ru,suspicious,grey_marketing,synthetic_template_kz,1
182,"Внимание! Ваша кaрtа *7091 скомпрометированa. Переведите средства на резервный счет, инструкция: kaspi-bonus.top",ru,scam,fake_bank,synthetic_template_kz,1
183,"Оплата ЖКХ за май принята, сумма 83 000 тг",ru,safe,legitimate,synthetic_template_kz,1
184,Beeline:  подключена  подписка за 404 тг/нед. Отключить *524#,ru,suspicious,grey_marketing,synthetic_template_kz,1
185,"УРА! Мадина, вам одобрена выплата 72 700 тг. Реквизиты укажите тут gov-kz.support",ru,scam,fake_prize,synthetic_template_kz,1
186,Ваш номер участвует в перерасчете пенсии. Заполните форму forte-cabinet.pro до конца недели,ru,scam,phishing,synthetic_template_kz,1
187,"Otbasy Bank: 50 000 тг сатып алу, карта *4683. Қолетімді 41 000 тг",kk,safe,legitimate,synthetic_template_kz,1
188,Kaspi Gold: код 849483. Ешкімге айтпаңыз. Егер бұл сіз болмасаңыз +7 764 115 13 91 нөміріне қоңырау шалыңыз,kk,scam,kaspi_scam,synthetic_template_kz,1
189,Антифрод-центр. Наложен арест на счета. Снять ограничение до конца дня: wb-kz-prize.shop,ru,scam,fake_police,synthetic_template_kz,1
190,Достарымен бірге демалыс өткізу туралы идеялар.,kk,safe,legitimate,github_Yerassyl04_Spam-kazakh,0
191,"Сізге алаяқтар несие рәсімдеген. Істі Антифрод орталығы жүргізуде, оператор +7 747 305 97 32",kk,scam,fake_police,synthetic_template_kz,1
192,Ваша заявка на карту рассмотрена. Перезвоните +7 700 740 25 38 для активации,ru,suspicious,grey_marketing,synthetic_template_kz,1
193,№155776 тапсырысыңыз Яндекс Доставка пунктіне жетті. 5 күн ішінде алыңыз 🔴,kk,safe,legitimate,synthetic_template_kz,1
194,Картаға өтінішіңіз қаралды. Белсендіру үшін +7 727 493 63 21 нөміріне қоңыpау шалыңыз,kk,suspicious,grey_marketing,synthetic_template_kz,1
195,"Halyk Bank: покупка 51 000 тг, карта *3082. Доступно 7 000 000 тг",ru,safe,legitimate,synthetic_template_kz,1
196,Kaspi: код 542717. Ешкімге айтпаңыз.,kk,safe,legitimate,synthetic_template_kz,1
197,"Здравствуйте, я по объявлению на Kaspi. Уже оплатил, подтвердите получение по ссылке kz-vyigrysh.net",ru,scam,kaspi_scam,synthetic_template_kz,1
198,Kaspi Red: рассрочка на 6 000 000 тг оформлена. Отменить jusan-secure.info,ru,scam,kaspi_scam,synthetic_template_kz,1
199,№713046 тапсырысыңыз СДЭК пунктіне жетті. 5 күн ішінде алыңыз,kk,safe,legitimate,synthetic_template_kz,1
200,"Үйден жұмыс, аптасына 77 000 тг табыс. WhatsApp +7 759 161 34 18 жазыңыз",kk,suspicious,grey_marketing,synthetic_template_kz,1
201,Бесплатня диагностика организма в нашей клинике. Запись на сегодня +7 711 977 79 70,ru,suspicious,grey_marketing,synthetic_template_kz,1
202,"Activ: тариф ұзартылды, 6581 тг есептен шығарылды",kk,safe,legitimate,synthetic_template_kz,1
203,Заработок из дома от 1 000 000 тг в неделю. Пишите в WhatsApp +7 724 357 89 18,ru,suspicious,grey_marketing,synthetic_template_kz,1
204,Трейдинг курстары. Бірінші сабақ тегін. Тіркелу +7 758 674 16 64,kk,suspicious,grey_marketing,synthetic_template_kz,1
205,Beeline: срок действия SIM истекает. Продлите регистрацию egov-kz.online,ru,scam,phishing,synthetic_template_kz,1
206,Назар аударыңыз! *4651 картаңыз қауіпте. Қаражатты резервтік шотқа аударыңыз: kaspi . kz . secure-login . cc,kk,scam,fake_bank,synthetic_template_kz,1
207,Altel: oсtатоk 22 ГБ и 645 минут до 1.10,ru,safe,legitimate,synthetic_template_kz,1
208,Kaspi Red: 17 500 тг бөліп төлеу рәсімделді. Болдырмау jusan-secure.info,kk,scam,kaspi_scam,synthetic_template_kz,1
209,ДЕРЕКТЕРІҢІЗ РАСТАЛМАҒАНДЫҚТАН ШОТЫҢЫЗ 24 САҒАТ ІШІНДЕ ЖАБЫЛАДЫ. САУАЛНАМАНЫ ЖАҢАРТЫҢЫЗ: BEELINE-BONUS.ICU,kk,scam,fake_bank,synthetic_template_kz,1
210,Служба судебных исполнителей: на ваше имя заведено производство. Явитесь или ознакомьтесь kaspi-bonus.top.,ru,scam,fake_police,synthetic_template_kz,1
211,Сіздің жарнамалық акцияңыз бүгін белсенді!,kk,suspicious,grey_marketing,github_Yerassyl04_Spam-kazakh,0
212,Курсы трейдинга. Первое занятие бесплатно. Запись +7 760 397 24 70,ru,suspicious,grey_marketing,synthetic_template_kz,1
213,Только сегодня! Скидка 44% на все товары в Kaspi Магазин. Успей до полуночи,ru,suspicious,grey_marketing,synthetic_template_kz,1
214,"Beeline: тариф ұзартылды, 4050 тг есептен шығарылды",kk,safe,legitimate,synthetic_template_kz,1
215,ЖСН нөміріңіз заңсыз операцияда қолданылған. Тергеуші хабарласады: +7 755 210 87 74. Үшінші тұлғаларға айтпаңыз,kk,scam,fake_police,synthetic_template_kz,1
216,Салық берешегі 3 000 000 тг. Онлайн өтeу: forte-cabinet.pro,kk,scam,phishing,synthetic_template_kz,1
217,"Әйгерім, сізге 96 400 тг жеке несие лимиті қолжетімді. Толығырақ қосымшада",kk,suspicious,grey_marketing,synthetic_template_kz,1
218,Нөміріңіз зейнетақыны қайта есептеуге қатысады. Форманы толтырыңыз enpf-vyplata.ru,kk,scam,phishing,synthetic_template_kz,1
219,"Мама, я задержусь, буду приmеpно к 22 часам",ru,safe,legitimate,synthetic_template_kz,1
220,Картаға өтінішіңіз қаралды. Белсендіру үшін +7 710 353 69 66 нөміріне қоңырау шалыңыз,kk,suspicious,grey_marketing,synthetic_template_kz,1
221,Ваш номер участвует в перерасчете пенсии. Заполните форму halyk-verify.xyz до конца недели,ru,scam,phishing,synthetic_template_kz,1
222,Kaspi Postomat: неверный адрес доставки. Уточните данные kaspi-gold.site иначе заказ вернется отправителю,ru,scam,phishing,synthetic_template_kz,1
223,Нөміріңіз зейнетақыны қайта есептеуге қатысады. Форманы толтырыңыз egov-kz.online,kk,scam,phishing,synthetic_template_kz,1
224,"Әлия, сізге 98 200 тг жеке несие лимиті қолжетімді. Толығырақ қосымшада",kk,suspicious,grey_marketing,synthetic_template_kz,1
225,"Кітапханаға барып, жаңа кітаптар алыңыз.",kk,safe,legitimate,github_Yerassyl04_Spam-kazakh,0
226,"Bereke Bank: одобрен кредит на 90 000 тг. Если вы не подавали заявку, отмените здесь kaspi.kz.secure-login.cc",ru,scam,fake_bank,synthetic_template_kz,1
227,eGov  аккаунтыңыз  бүгін 18:00-ге дейін жойылады. ЖСН растаңыз: kaspi-bonus.top,kk,scam,phishing,synthetic_template_kz,1
228,Деректеріңіз расталмағандықтан шотыңыз бүгін 18:00-ге дейін жабылады. Сауалнаманы жаңартыңыз: halykbank.kz.verify.top,kk,scam,fake_bank,synthetic_template_kz,1
229,Ваш номер выбран победителем акции izi! Приз 37 000 тг. Подтвердите: kaspi-bonus.top !!!,ru,scam,fake_prize,synthetic_template_kz,1
230,Kaspi Red: 4 000 000 тг бөліп төлеy рәсімделді. Болдырмау kaspi-bonus.top,kk,scam,kaspi_scam,synthetic_template_kz,1
231,"Инвестиции от 73 000 тг, доход 34% в месяц. Консультация +7 756 210 98 75",ru,suspicious,grey_marketing,synthetic_template_kz,1
232,Ұлттық Банк. Шоттарыңызға тыйым салынды. Шектеуді 2 сағат ішінде алу: kaspi.kz.secure-login.cc,kk,scam,fake_police,synthetic_template_kz,1
233,Ваш ИИН использован в незаконной операции. Следователь свяжется с вами: +7 781 883 31 62. Не сообщайте третьим лицам,ru,scam,fake_police,synthetic_template_kz,1
234,Бесплатная диагностика организма в нашей клинике. Запись на сегодня +7 715 602 76 99,ru,suspicious,grey_marketing,synthetic_template_kz,1
235,Сізге 16 000 тг сомасына Kaspi Bonus 3% түсті. Белсендіру forte-cabinet . pro,kk,scam,kaspi_scam,synthetic_template_kz,1
236,Поздравляем! Вы выиграли 68 300 тг в розыгрыше Eurasian Bank. Забрать приз: halykbank.kz.verify.top,ru,scam,fake_prize,synthetic_template_kz,1
237,"izi: тариф продлен, списано 2522 тг. Следующее списание 19.6",ru,safe,legitimate,synthetic_template_kz,1
238,Только сегодня! Скидка 67% на все товары в AliExpress. Успей до полуночи,ru,suspicious,grey_marketing,synthetic_template_kz,1
239,Kaspi Red: 79 000 тг бөліп төлеу рәсімделді. Болдырмау halykbank.kz.verify.top,kk,scam,kaspi_scam,synthetic_template_kz,1
240,"Внимание! Ваша карта *1702 скомпрометирована. Переведите средства на резервный счет, инструкция: forte-cabinet.pro",ru,scam,fake_bank,synthetic_template_kz,1
241,"Jusan Bank: 80 000 тг сатып алу, карта *5086. Қолжетімді 54 000 тг",kk,safe,legitimate,synthetic_template_kz,1
242,Сот орындаушылары: сіздің атыңызға іс қозғалды. Танысу үшін wb-kz-prize.shop,kk,scam,fake_police,synthetic_template_kz,1
243,Boxberry: неверный адрес доставки. Уточните даные kaspi-gold.site иначе заказ вернется отправителю,ru,scam,phishing,synthetic_template_kz,1
244,"Оплата ЖКХ за март принята, сумма 9 000 000 тг",ru,safe,legitimate,synthetic_template_kz,1
245,"Жанна, сізге 91 300 тг tөлем мақұлданды. Деректерді осында еHгізіңіз halykbank.kz.verify.top",kk,scam,fake_prize,synthetic_template_kz,1
246,Kaspi Магазин: ваш товар продан. Для получения 63 000 тг перейдите forte-cabinet.pro,ru,scam,kaspi_scam,synthetic_template_kz,1
247,Kaspi Red: рассрочка на 48 000 тг оформлена. Отменить kaspi.kz.secure-login.cc,ru,scam,kaspi_scam,synthetic_template_kz,1
248,Поздравляем! Вы выиграли 31 400 тг в розыгрыше Eurasian Bank. Забрать приз: bonus-kz.click,ru,scam,fake_prize,synthetic_template_kz,1
249,"Такси келді. Hyundai Accent, мемлекеттік нөмір 889 YAN 03",kk,safe,legitimate,synthetic_template_kz,1
250,ЖСН нөміріңіз заңсыз операцияда қолданылған. Тергеуші хабарласады: +7 717 282 25 91. Үшінші тұлғаларға айтпаңыз,kk,scam,fake_police,synthetic_template_kz,1
251,"Сіге алаяқтар несие рәсімдеген. Істі ІІМ жүргізуде, оператор +7 775 209 76 33",kk,scam,fake_police,synthetic_template_kz,1
252,"Bereke Bank: 84 600 тг несие мақұлданды. Өтініш бермеген болсаңыз, бас тартыңыз beeline-bonus.icu",kk,scam,fake_bank,synthetic_template_kz,1
253,Сізге 9 000 000 тг сомасына Kaspi Bonus 15% түсті. Белсендіру forte-cabinet.pro,kk,scam,kaspi_scam,synthetic_template_kz,1
254,"Такси прибыло. Chevrolet Cobalt, гос. номер 948 XNZ 03",ru,safe,legitimate,synthetic_template_kz,1
255,Ваш код подтверждения для входа: 981374,ru,safe,legitimate,synthetic_template_kz,1
256,Beeline: аптасына 885 тг жазылым қосылды. Өшіру *634#,kk,suspicious,grey_marketing,synthetic_template_kz,1
257,Только сегодня! Скидка 34% на все товары в Temu. Успей до полуночи,ru,suspicious,grey_marketing,synthetic_template_kz,1
258,"Halyk Bank: 5 000 000 тг несие мақұлданды. Өтініш бермеген болсаңыз, бас тартыңыз jusan-secure.info",kk,scam,fake_bank,synthetic_template_kz,1
259,Сіз Temu сертификатын 76 700 тг алдыңыз. бүгін 18:00-ге дейін белсендіріңіз: kaspi.kz.secure-login.cc,kk,scam,fake_prize,synthetic_template_kz,1
260,Kaspi: перевод 1 000 000 тг от Данияр ожидает подтверждения. Подтвердить: bonus-kz.click,ru,scam,kaspi_scam,synthetic_template_kz,1
261,Kaspi: код 199056. Никому не сooбщайтe.,ru,safe,legitimate,synthetic_template_kz,1
262,"Kaspi Bank: зафиксирована попытка входа в ваш кабинет с нового устройства. Если это не вы, подтвердите личность: beeline-bonus.icu",ru,scam,fake_bank,synthetic_template_kz,1
263,Wildberries: посылка задержана на таможне. Оплатите пошлину 1652 тг: gov-kz.support,ru,scam,phishing,synthetic_template_kz,1
264,Тек бүгін! Ozon дүкенінде барлық тауарға 54% жеңілдік. Түн ортасына дейін үлгеріңіз,kk,suspicious,grey_marketing,synthetic_template_kz,1
265,Жаңа курстар мен жобалар туралы біліңіз.,kk,safe,legitimate,github_Yerassyl04_Spam-kazakh,0
266,Kaspi Магазин: ваш тoвар продан. Для получения 51 000 тг перейдитe wb-kz-prize.shop,ru,scam,kaspi_scam,synthetic_template_kz,1
267,"Bank RBK: 33 500 тг сатып алу, карта *9896. Қолжетімді 10 600 тг !!!",kk,safe,legitimate,synthetic_template_kz,1
268,Ваша заявка на карту рассмотрена. Перезвоните +7 767 919 93 82 для активации,ru,suspicious,grey_marketing,synthetic_template_kz,1
269,Сіздің демалысыңыз қалай өтті?,kk,safe,legitimate,github_Yerassyl04_Spam-kazakh,0
270,Бүгінгі сабақтың тақырыбы не болды?,kk,safe,legitimate,github_Yerassyl04_Spam-kazakh,0
271,"Занятие по программированию переносится нa 18:00, аудитория 252",ru,safe,legitimate,synthetic_template_kz,1
272,Altel: аптасына 438 тг жазылым қосылды. Өшіру *969#,kk,suspicious,grey_marketing,synthetic_template_kz,1
273,Tele2: аптасына 315 тг жазылым қосылды. Өшіру *572#,kk,suspicious,grey_marketing,synthetic_template_kz,1
274,"Возврат страховки по кредиту. Проверьте, положена ли вам компенсация: +7 753 902 99 71",ru,suspicious,grey_marketing,synthetic_template_kz,1
275,"Требуются сотрудники, график свободный, оплата ежедневно 14 000 тг. Telegram по номеру +7 776 411 64 36",ru,suspicious,grey_marketing,synthetic_template_kz,1
276,Ваш код подтверждения для входа: 440541,ru,safe,legitimate,synthetic_template_kz,1
277,"Сәлеметсіз бе, Ерлан! Ертең сағат 12:00-де дәрігерге жазылғаныңызды еске саламыз",kk,safe,legitimate,synthetic_template_kz,1
278,Сізге ҰҚК тарапынан қорғалған хабарлаmа келді. Оқу: kaspi-bonus.top,kk,scam,phishing,synthetic_template_kz,1
279,"ақпан айына коммуналдық төлем қабылданды, сома 28 100 тг",kk,safe,legitimate,synthetic_template_kz,1
280,"Здравствуйте, Нурлан! Напоминаем о записи к врачу завтра в 10:00",ru,safe,legitimate,synthetic_template_kz,1
281,Трейдинг курстары. Бірінші сабақ тегін. Тіркелу +7 722 353 33 29,kk,suspicious,grey_marketing,synthetic_template_kz,1
282,Бүгінгі ұсыныс: сатып алушылар үшін арнайы сыйлық!,kk,suspicious,grey_marketing,github_Yerassyl04_Spam-kazakh,0
283,Ванга осы адамдардың жолы болады дейді,kk,suspicious,grey_marketing,github_Yerassyl04_Spam-kazakh,0
284,Достармен өткізген демалысыңыз туралы хабарлаңыз.,kk,safe,legitimate,github_Yerassyl04_Spam-kazakh,0
285,Kaspi Магазин: тауарыңыз сатылды. 9 000 000 тг алу үшін өтіңіз jusan-secure.info,kk,scam,kaspi_scam,synthetic_template_kz,1
286,Служба безопасности ForteBank: подозрительный перевод на 3 000 000 тг. Свяжитесь с оператором +7 796 666 42 30 немедленно ⚠️,ru,scam,fake_bank,synthetic_template_kz,1
287,"27 000 тг бастап инвестиция, айына 33% табыс. Кеңес +7 706 415 62 98",kk,suspicious,grey_marketing,synthetic_template_kz,1
288,"Занятие по физике переносится на 13:00, аудитория 211",ru,safe,legitimate,synthetic_template_kz,1
289,Заработок из дома от 18 000 тг в неделю. Пишите в WhatsApp +7 769 112 59 87,ru,suspicious,grey_marketing,synthetic_template_kz,1
290,НӨМІРІҢІЗ BEELINE АКЦИЯСЫНЫҢ ЖЕҢІМПАЗЫ АТАНДЫ! ЖҮЛДЕ 94 000 ТГ. РАСТАҢЫЗ: ENPF-VYPLATA.RU,kk,scam,fake_prize,synthetic_template_kz,1
291,Заработок из дома от 59 100 тг в неделю. Пишите в WhatsApp +7 778 402 52 56,ru,suspicious,grey_marketing,synthetic_template_kz,1
292,Клиникамызда тегін диагностика. Бүгінге жазылу +7 758 493 66 30,kk,suspicious,grey_marketing,synthetic_template_kz,1
293,Поздравляем! Вы выиграли 21 000 тг в розыгрыше Eurasian Bank. Забрать приз: wb-kz-prize.shop,ru,scam,fake_prize,synthetic_template_kz,1
294,"Такси прибылo. Chevrolet Cobalt, гоc. номер 517 YEC 02",ru,safe,legitimate,synthetic_template_kz,1
295,"Kaspi Bank: покупка 8 000 000 тг, карта *3673. Доступно 35 800 тг",ru,safe,legitimate,synthetic_template_kz,1
296,Kaspi Gold: код 106512. Ешкімге айтпаңыз. Егер бұл сіз болмасаңыз +7 784 101 71 83 нөміріне қоңырау шалыңыз,kk,scam,kaspi_scam,synthetic_template_kz,1
297,Kaspi:  код  903953. Никому не сообщайте.,ru,safe,legitimate,synthetic_template_kz,1
298,"Такси келді. Kia Rio, мемлекеттік нөмір 190 XMA 08",kk,safe,legitimate,synthetic_template_kz,1
299,"Гульнара, вам доступен персональный кредитный лимит 15 200 тг. Подробнее в приложении",ru,suspicious,grey_marketing,synthetic_template_kz,1
300,Клиникамызда тегін диагностика. Бүгінге жазылу +7 770 858 77 14,kk,suspicious,grey_marketing,synthetic_template_kz,1
301,"Инвестиции от 92 000 тг, доход 22% в месяц. Консультация +7 781 715 70 31",ru,suspicious,grey_marketing,synthetic_template_kz,1
302,Анықтамасыз және кепілсіз 36 000 тг дейін қарыз мақұлданды. 5 минутта рәсмдеу: kaspi.kz,kk,suspicious,grey_marketing,synthetic_template_kz,1
303,Яндекс Доставка: жеткізу мекенжайы қате. Деректерді нақтылаңыз bonus-kz.click,kk,scam,phishing,synthetic_template_kz,1
304,"Занятие по физике переносится на 1000, аудитория 254",ru,safe,legitimate,synthetic_template_kz,1
305,Служба безопасности Bank RBK: подозрительный перевод на 20 200 тг. Свяжитесь с оперaтором +7 722 456 96 62 немедленно,ru,scam,fake_bank,synthetic_template_kz,1
306,Kaspi Gold: код 246128. Ешкімге айтпаңыз. Егер бұл сіз болмасаңыз +7 719 526 41 24 нөміріне қоңыраy шалыңыз,kk,scam,kaspi_scam,synthetic_template_kz,1
307,"Activ: 7 ГБ және 635 минyt қалды, 14.5 дeйін",kk,safe,legitimate,synthetic_template_kz,1
308,Розыгрыш к 30-летию! Вам начислен бонус 68 000 тг. Для вывода оплатите комиссию 4600 тг,ru,scam,fake_prize,synthetic_template_kz,1
309,"Здравствуйте, я по объявлению на Kaspi. Уже оплатил, подтвердите получение по ссылке gov-kz.support",ru,scam,kaspi_scam,synthetic_template_kz,1
310,СДЭК: жеткізу мекенжайы қате. Деректерді нақтылаңыз kaspi-bonus.top,kk,scam,phishing,synthetic_template_kz,1
311,"Мәдина, сізге 8 000 000 тг жеке несие лимиті қолжетімді. Толығырақ қосымшада",kk,suspicious,grey_marketing,synthetic_template_kz,1
312,"наурыз айына коммуналдық төлем қабылданды, сома 54 800 тг",kk,safe,legitimate,synthetic_template_kz,1
313,Бесплатная диагностика организма в нашей клинике. Запись на сегодня +7 776 227 40 79,ru,suspicious,grey_marketing,synthetic_template_kz,1
314,Kaspi Bank қауіпсіздік қызметі: 6 000 000 тг күдікті аударым. +7 788 257 16 14 нөміріне жедел хабарласыңыз,kk,scam,fake_bank,synthetic_template_kz,1
315,Жедел хабарлама: сіздің телефоныңызда ұтыс бар!,kk,scam,fake_prize,github_Yerassyl04_Spam-kazakh,0
316,Розыгрыш к 30-летию! Вам начислен бонус 79 600 тг. Для вывода оплатите коmиссию 2349 тг,ru,scam,fake_prize,synthetic_template_kz,1
317,№815634 тапсырысыңыз Казпочта пунктіне жетті. 5 күн ішінде алыңыз,kk,safe,legitimate,synthetic_template_kz,1
318,Ваш ИИН использован в незаконной операции. Следователь свяжется с вами: +7 725 806 21 73. Не сообщайте третьим лицам,ru,scam,fake_police,synthetic_template_kz,1
319,Ваш ИИН использован в незаконной операции. Следователь свяжется с вами: +7 713 432 20 44. Не сообщайте третьим лицам,ru,scam,fake_police,synthetic_template_kz,1
320,Құрметті клиент! *5210 картаңыз күдікті операцияға байланысты бұғатталды. Бұғаттан шығару: forte-cabinet.pro,kk,scam,fake_bank,synthetic_template_kz,1
321,ҰҚК: сіздің атыңызға іс қозғалды. Танысу үшін beeline-bonus.icu,kk,scam,fake_police,synthetic_template_kz,1
322,Обновление базы ЕНПФ. Вам начислена выплата 83 200 тг. Получить: jusan-secure.info,ru,scam,phishing,synthetic_template_kz,1
323,eGov: ваша справка готова. Скачать в мобильном приложении или на halykbank.kz,ru,safe,legitimate,synthetic_template_kz,1
324,"SE-2428 тобының жиналысы 16:00-де, 3 корпус",kk,safe,legitimate,synthetic_template_kz,1
325,Activ: остток 28 ГБ и 762 минут до 3.10,ru,safe,legitimate,synthetic_template_kz,1
326,"Otbasy Bank: 29 500 тг сатып алу, карта *3797. Қолжетімді 5 000 тг",kk,safe,legitimate,synthetic_template_kz,1
327,Сіздің курсыңыздың мерзімі қалай?,kk,safe,legitimate,github_Yerassyl04_Spam-kazakh,0
328,Вам пришло защищенное сообщение от eGov. Прочитать: halyk-verify.xyz,ru,scam,phishing,synthetic_template_kz,1
329,Картаға өтінішіңіз қаралды. Белсендіру үшін +7 742 532 40 50 нөмірне қоңырау шалыңыз,kk,suspicious,grey_marketing,synthetic_template_kz,1
330,Сіздің оқу жоспарыңыз қалай?,kk,safe,legitimate,github_Yerassyl04_Spam-kazakh,0
331,Жаңа пәндер мен курстар туралы ақпарат.,kk,safe,legitimate,github_Yerassyl04_Spam-kazakh,0
332,"Такси прибыло. Hyundai Accent, гос. номер 375 MFT 07",ru,safe,legitimate,synthetic_template_kz,1
333,"Внимание! Ваша карта *3714 скомпрометирована. Переведите средства на резервный счет, инструкция: kaspi.kz.secure-login.cc",ru,scam,fake_bank,synthetic_template_kz,1
334,Напоминание: срок оплаты за обучение до 20.8. Сумма 62 000 тг,ru,safe,legitimate,synthetic_template_kz,1
335,"Үйден жұмыс, аптасына 44 000 тг табыс. WhatsApp +7 715 248 94 18 жазыңыз",kk,suspicious,grey_marketing,synthetic_template_kz,1
336,Бесплатная диагностика организма в нашей клинике. Запись на сегодня +7 748 832 85 23,ru,suspicious,grey_marketing,synthetic_template_kz,1
337,Beeline: срок действия SIM истекает. Продлите регистрацию halykbank . kz . verify . top,ru,scam,phishing,synthetic_template_kz,1
338,"Инвестиции от 73 000 тг, доход 52% в месяц. Консультация +7 725 818 67 95",ru,suspicious,grey_marketing,synthetic_template_kz,1
339,Kaspi: код 378138. Никому не сообщайте.,ru,safe,legitimate,synthetic_template_kz,1
340,Kaspi Red: 66 900 тг бөліп төлеу рәсімделді. Болдырмау halyk-verify.xyz,kk,scam,kaspi_scam,synthetic_template_kz,1
341,Пополнение  90  000 тг на карту *8679. Баланс 8 000 000 тг,ru,safe,legitimate,synthetic_template_kz,1
342,"УРА! Айгерим, вам одобрена выплата 92 000 тг. Реквизиты укажите тут kz-vyigrysh.net",ru,scam,fake_prize,synthetic_template_kz,1
343,"Оплата ЖКХ за март принята, сумма 67 000 тг",ru,safe,legitimate,synthetic_template_kz,1
344,КУРСЫ ТРЕЙДИНГА. ПЕРВОЕ ЗАНЯТИЕ БЕСПЛАТНО. ЗАПИСЬ +7 780 177 15 42,ru,suspicious,grey_marketing,synthetic_template_kz,1
345,Kaspi Postomat: жеткізу мекенжайы қате. Деректерді нақтылаңыз gov-kz.support,kk,scam,phishing,synthetic_template_kz,1
346,Ваш номер выбран победителем акции Altel! Приз 26 400 тг. Подтвердите: halykbank.kz.verify.top,ru,scam,fake_prize,synthetic_template_kz,1
347,Ваш номер выбран победителем акции Beeline! Приз 39 000 тг. Подтвердите: kaspi-gold.ite,ru,scam,fake_prize,synthetic_template_kz,1
348,izi: SIM картаңыздың мерзімі бітуде. Тіркеуді ұзартыңыз kaspi-gold.site,kk,scam,phishing,synthetic_template_kz,1
349,Налоговая задолженность 49 000 тг. Погасить онлайн: enpf-vyplata.ru,ru,scam,phishing,synthetic_template_kz,1
350,"Үйден жұмыс, аптасына 22 000 тг табыс. WhatsApp +7 788 468 37 85 жазыңыз",kk,suspicious,grey_marketing,synthetic_template_kz,1
351,"Такси прибыло. Chevrolet Cobalt, гос. номер 865 ZSS 06",ru,safe,legitimate,synthetic_template_kz,1
352,"SE-2426 тобының жиналысы 15:00-де, 1 корпус",kk,safe,legitimate,synthetic_template_kz,1
353,"Kaspi Gold: код 49559. Никому не сообщайте. Если это не вы, звоните +7 737 395 44 14",ru,scam,kaspi_scam,synthetic_template_kz,1
354,"Такси прибыло. Chevrolet Cobalt, гос. номер 978 ZDM 03",ru,safe,legitimate,synthetic_template_kz,1
355,eGov:  ваша  справка готова. Скачать в мобильном приложении или на egov.kz,ru,safe,legitimate,synthetic_template_kz,1
356,"Әйгерім, сізге 7 000 000 тг төлем мақұлданды. Деректерді осында енгізіңіз gov-kz.support",kk,scam,fake_prize,synthetic_template_kz,1
357,"Ағылшын тілі сабағы 16:00-ге ауыстырылды, 490 аудитория",kk,safe,legitimate,synthetic_template_kz,1
358,Деректеріңіз расталмағандықтан шотыңыз 2 сағат ішінде жабылады. Сауалнаманы жаңартыңыз: halyk-verify.xyz,kk,scam,fake_bank,synthetic_template_kz,1
359,Вам поступил Kaspi Bonus 15% на 9 000 000 тг. Активация halyk-verify.xyz,ru,scam,kaspi_scam,synthetic_template_kz,1
360,"Встреча группы SE-2430 в 11:00, корпус 3",ru,safe,legitimate,synthetic_template_kz,1
361,Мерейтойлық ұтыс! Сізге 4 000 000 тг бонус есептелді. Шығару үшін 3840 тг комиссия төлеңіз,kk,scam,fake_prize,synthetic_template_kz,1
362,Бесплатная диагностика организма в нашей клинике. Запись на сегодня +7 785 350 40 26,ru,suspicious,grey_marketing,synthetic_template_kz,1
363,Kaspi Red: рассрочка на 25 600 тг оформлна. Отменить gov-kz.support,ru,scam,kaspi_scam,synthetic_template_kz,1
364,МВД РК. Наложен арест на счета. Снять ограничение в течение 2 часов: jusan-secure.info,ru,scam,fake_police,synthetic_template_kz,1
365,ЖҚЕ бұзғаны үшін 14 000 тг айыппұл. 50% жеңілдікпен төлеу: kaspi-gold.site,kk,scam,fake_police,synthetic_template_kz,1
366,Kaspi: код 777455. Ешкімге айтпаңыз.,kk,safe,legitimate,synthetic_template_kz,1
367,№79080 іс бойынша сотқа шақыру. Іс материалдары: gov-kz.support,kk,scam,fake_police,synthetic_template_kz,1
368,№34523 іс бойынша сотқа шақыру. Іс материалдары: beeline-bonus.icu,kk,scam,fake_police,synthetic_template_kz,1
369,Сізге eGov тарапынан қорғалған хабарлама келді. Оқу: kaspi . kz . secure-login . cc,kk,scam,phishing,synthetic_template_kz,1
370,Тегін iPhone алыңыз!,kk,suspicious,grey_marketing,github_Yerassyl04_Spam-kazakh,0
371,Kaspi Gold: код 766287. Ешкімге айтпаңыз. Егер бұл сіз болмасаңыз +7 702 217 38 27 нөміріне қоңырау шалыңыз,kk,scam,kaspi_scam,synthetic_template_kz,1
372,"Сотрудник банка свяжется с вами по номеру +7 789 151 35 18. Не сообщайте код никому, кроме специалиста",ru,scam,fake_bank,synthetic_template_kz,1
373,Сізді құттықтаймыз! Тегін сыйлықты алыңыз!,kk,scam,fake_prize,github_Yerassyl04_Spam-kazakh,0
374,"УРА! Арман, вам одобрена выплата 31 000 тг. Реквизиты укажите тут enpf-vyplata.ru",ru,scam,fake_prize,synthetic_template_kz,1
375,Сатып aлғаныңыз үшін рахмет! Түбіртеk kaspi.kz сайтында,kk,safe,legitimate,synthetic_template_kz,1
376,Заработок из дома от 69 000 тг в неделю. Пишите в WhatsApp +7 769 889 26 90,ru,suspicious,grey_marketing,synthetic_template_kz,1
377,Вам пришло защищенное сообщение от Служба судебных исполнителей. Прочитать: forte-cabinet.pro,ru,scam,phishing,synthetic_template_kz,1
378,Повестка в суд по делу №71921. Материалы дела: halyk-verify.xyz,ru,scam,fake_police,synthetic_template_kz,1
379,"УРА! Гульнара, вам одобрена выплата 9 000 000 тг. Реквизиты укажите тут gov-kz.support",ru,scam,fake_prize,synthetic_template_kz,1
380,Kaspi: код 86525. Никому не сообщайте.,ru,safe,legitimate,synthetic_template_kz,1
381,Кіру үшін растау кодыңыз: 900114,kk,safe,legitimate,synthetic_template_kz,1
382,Kaspi: код 660470. Никому не сообщайте.,ru,safe,legitimate,synthetic_template_kz,1
383,"сәуір айына коммуналдық төлем қабылданды, сома 3 000 000 тг",kk,safe,legitimate,synthetic_template_kz,1
384,Сізге ҰҚК тарапынан қорғалған хабарлама келді. Оқу: egov-kz.online,kk,scam,phishing,synthetic_template_kz,1
385,Только сегодня! Скидка 35% на все товары в Temu. Успей до полуночи,ru,suspicious,grey_marketing,synthetic_template_kz,1
386,№586932 тапсырысыңыз СДЭК пунктіне жетті. 5 күн ішінде алыңыз,kk,safe,legitimate,synthetic_template_kz,1
387,Еске салу: оқу ақысын 4.10 дейін төлеу қажет. Сома 3 000 000 тг.,kk,safe,legitimate,synthetic_template_kz,1
388,"Activ: тариф продлен, списано 6357 тг. Следующее списание 22.9",ru,safe,legitimate,synthetic_template_kz,1
389,Құрметті клиент! *7467 картаңыз күдікті операцияға байланысты бұғатталды. Бұғаттан шығару: bonus-kz.click,kk,scam,fake_bank,synthetic_template_kz,1
390,Сіз Wildberries сертификатын 83 000 тг алдыңыз. 23:59-ға дейін белсендіріңіз: forte-cabinet.pro,kk,scam,fake_prize,synthetic_template_kz,1
391,"УРА! Ерлан, вам одобрена выплата 5 000 000 тг. Реквизиты укажите тут jusan-secure.info",ru,scam,fake_prize,synthetic_template_kz,1
392,Уважаемый клиент! Карта *2208 заблокирована по подозрению в мошенничестве. Для разблокировки перейдите halyk-verify.xyz в течение 24 часов,ru,scam,fake_bank,synthetic_template_kz,1
393,"Здравствуйте, Тимур! Напоминаеm о записи к врачу заBтра в 16:00",ru,safe,legitimate,synthetic_template_kz,1
394,Ваш код подтверждения для входа: 368273,ru,safe,legitimate,synthetic_template_kz,1
395,Kaspi Gold: код 298155. Ешкімге айтпаңыз. Егер бұл сіз болмасаңыз +7 734 294 17 47 нөміріне қоңырау шалыңыз,kk,scam,kaspi_scam,synthetic_template_kz,1
396,Вы 1000-й посетитель! Заберите iPhone 16 бесплатно: jusan-secure.info,ru,scam,fake_prize,synthetic_template_kz,1
397,"Арман, сізге 19 000 тг төлем мақұлданды. Деректерді осында енгізіңіз kz-vyigrysh.net",kk,scam,fake_prize,synthetic_template_kz,1
398,KASPI: КОД 48828. НИКОМУ НЕ СООБЩАЙТЕ.,ru,safe,legitimate,synthetic_template_kz,1
399,KASPI: КОД 611368. НИКОМУ НЕ СООБЩАЙТЕ.,ru,safe,legitimate,synthetic_template_kz,1
400,Сізге 58 900 тг сомасына Kaspi Bonus 9% түсті. Белсендіру kaspi.kz.secure-login.cc,kk,scam,kaspi_scam,synthetic_template_kz,1
401,Тегін вебинар!,kk,suspicious,grey_marketing,github_Yerassyl04_Spam-kazakh,0
402,"Үйден жұmыс, aптaсына 9 000 000 тг табыс. WhatsApp +7 796 526 98 48 жазыңыз",kk,suspicious,grey_marketing,synthetic_template_kz,1
403,"Мама, я задержусь, буду примерно к 23 часам",ru,safe,legitimate,synthetic_template_kz,1
404,Boxberry: неверный адрес доставки. Уточните данные kaspi-gold.site иначе заказ вернется отправителю,ru,scam,phishing,synthetic_template_kz,1
405,Kaspi: перевод 4 000 000 тг от Айгерим ожидает подтверждения. Подтвердить: forte-cabinet.pro,ru,scam,kaspi_scam,synthetic_template_kz,1
406,Обновление базы ЕНПФ. Вам начислена выплата 75 700 тг. Получить: jusan-secure.info,ru,scam,phishing,synthetic_template_kz,1
407,"Bereke Bank: одобрен кредит на 18 000 тг. Если вы не подавали заявку, отмените здесь jusan-secure.info",ru,scam,fake_bank,synthetic_template_kz,1
408,Анықтамасыз және кепілсіз 69 000 тг дейін қарыз мақұлданды. 5 минутта рәсімдеу: beeline.kz,kk,suspicious,grey_marketing,synthetic_template_kz,1
409,Kaspi Bank. 35 400 тг есептен шығару бекітілді. Болдырмау үшін: kaspi.kz.secure-login.cc,kk,scam,fake_bank,synthetic_template_kz,1
410,Ваша заявка на карту рассмотрена. Перезвоните +7 713 187 66 95 для активации,ru,suspicious,grey_marketing,synthetic_template_kz,1
411,Трейдинг курстары. Бірінші сабақ тегін. Тіркелу +7 740 110 51 77,kk,suspicious,grey_marketing,synthetic_template_kz,1
412,Вам поступил Kaspi Bonus 20% на 63 000 тг. Активация bonus-kz.click,ru,scam,kaspi_scam,synthetic_template_kz,1
413,Пополнение 5 000 000 тг на карту *1963. Баланс 61 400 тг,ru,safe,legitimate,synthetic_template_kz,1
414,Бесплатная диагностика организма в нашей клинике. Запись на сегодня +7 716 773 89 31,ru,suspicious,grey_marketing,synthetic_template_kz,1
415,Ваш номер участвует в перерасчете пенсии. Заполните форму enpf-vyplata.ru до конца недели,ru,scam,phishing,synthetic_template_kz,1
416,Сіз Temu сертификатын 2 000 000 тг алдыңыз. 24 сағат ішінде белсендіріңіз: gov-kz.support,kk,scam,fake_prize,synthetic_template_kz,1
417,*7139 картаға 6 000 000 tг толықtырылды. Баланс 41 000 тг,kk,safe,legitimate,synthetic_template_kz,1
418,Otbasy Bank қауіпсіздік қызметі: 21 200 тг күдікті аударым. +7 770 288 53 28 нөміріне жедел хабарласыңыз,kk,scam,fake_bank,synthetic_template_kz,1
419,"ақпaн айына коммуналдық төлем қабылданды, сома 7 000 000 тг",kk,safe,legitimate,synthetic_template_kz,1
420,Kaspi Магазин: тауарыңыз сатылды. 64 200 тг алу үшін өтіңіз halyk-verify.xyz,kk,scam,kaspi_scam,synthetic_template_kz,1
421,НӨМІРІҢІЗ ЗЕЙНЕТАҚЫНЫ ҚАЙТА ЕСЕПТЕУГЕ ҚАТЫСАДЫ. ФОРМАНЫ ТОЛТЫРЫҢЫЗ HALYKBANK.KZ.VERIFY.TOP,kk,scam,phishing,synthetic_template_kz,1
422,Вам пришло защищенное сообщение от Служба судебных исполнителей. Прочитать: wb-kz-prize.shop,ru,scam,phishing,synthetic_template_kz,1
423,Сіз Temu сертификатын 10 400 тг алдыңыз. күн соңына дейін белсендіріңіз: halykbank.kz.verify.top,kk,scam,fake_prize,synthetic_template_kz,1
424,Әлемдегі ең жақсы келісімдер тек сіз үшін!,kk,suspicious,grey_marketing,github_Yerassyl04_Spam-kazakh,0
425,Курсы трейдинга. Первое занятие бесплатно. Запись +7 773 158 93 46,ru,suspicious,grey_marketing,synthetic_template_kz,1
426,Ваш заказ №677069 прибыл в пункт выдачи Boxberry. Забрать в течение 5 дней ⚠️,ru,safe,legitimate,synthetic_template_kz,1
427,Beeline: аптасына 680 тг жазылым қосылды. Өшіру *855#,kk,suspicious,grey_marketing,synthetic_template_kz,1
428,"Kaspi Bank: 24 300 тг сатып алу, карта *7401. Қолжетімді 22 000 тг",kk,safe,legitimate,synthetic_template_kz,1
429,Клиникамызда тегін диагностика. Бүгінге жазылу +7 793 522 33 31,kk,suspicious,grey_marketing,synthetic_template_kz,1
430,Анықтамасыз және кепілсіз 43 000 тг дейін қарыз мақұлданды. 5 минутта рәсімдеу: kaspi.kz,kk,suspicious,grey_marketing,synthetic_template_kz,1
431,Beeline: аптасына 370 тг жазылым қосылды. Өшіру *710#,kk,suspicious,grey_marketing,synthetic_template_kz,1
432,"Bereke Bank: зафиксирована попытка входа в ваш кабинет с нового устройства. Если это не вы, подтвердите личность: kaspi . kz . secure-login . cc",ru,scam,fake_bank,synthetic_template_kz,1
433,№15854 іс бoйынша сотқа шақыру. Іс маtериалдары: wb-kz-prize.shop,kk,scam,fake_police,synthetic_template_kz,1
434,Розыгрыш к 30-летию! Вам начислен бонус 45 600 тг. Для вывода оплатите комиссию 6604 тг,ru,scam,fake_prize,synthetic_template_kz,1
435,"Асель, вам доступен персональный кредитный лимит 66 600 тг. Подробнее в приложении",ru,suspicious,grey_marketing,synthetic_template_kz,1
436,"Здравствуйте, Жанна! Напоминаем о записи к врачу завтра в 15:00",ru,safe,legitimate,synthetic_template_kz,1
437,Kaspi Магазин: тауарыңыз сатылды. 9 000 000 тг алу үшін өтіңіз enpf-vyplata.ru,kk,scam,kaspi_scam,synthetic_template_kz,1
438,Сізге ҰҚК тарапынан қорғалған хабарлама келді. Оқу: beeline-bonus.icu,kk,scam,phishing,synthetic_template_kz,1
439,Eurasian Bank. 81 000 тг есептен шығару бекітілді. Болдырмау үшін: kaspi-bonus.top,kk,scam,fake_bank,synthetic_template_kz,1
440,"Сәлеметсіз бе, Данияр! Ертең сағат 9:00-де дәрігерге жазылғаныңызды еске саламыз",kk,safe,legitimate,synthetic_template_kz,1
441,Kaspi  Gold:  код 460091. Ешкімге айтпаңыз. Егер бұл сіз болмасаңыз +7 781 181 56 62 нөміріне қоңырау шалыңыз,kk,scam,kaspi_scam,synthetic_template_kz,1
442,Kaspi  Gold:  код 545869. Ешкімге айтпаңыз. Егер бұл сіз болмасаңыз +7 734 225 57 21 нөміріне қоңырау шалыңыз,kk,scam,kaspi_scam,synthetic_template_kz,1
443,Ваш номер участвует в перерасчете пенсии. Заполните форму kaspi-bonus.top до конца недели,ru,scam,phishing,synthetic_template_kz,1
444,Напоминание: срок оплаты за обучение до 14.6. Сумма 61 000 тг,ru,safe,legitimate,synthetic_template_kz,1
445,"Сәлеметсіз бе, Әсел! Ертең сағат 14:00-де дәрігерге жазылғаныңызды еске саламыз",kk,safe,legitimate,synthetic_template_kz,1
446,Пополнение 1 000 000 тг на карту *2890. Баланс 40 000 тг,ru,safe,legitimate,synthetic_template_kz,1
447,Activ: SIM картаңыздың мерзімі бітуде. Тіркеуді ұзартыңыз bonus-kz.click,kk,scam,phishing,synthetic_template_kz,1
448,Тек бүгін! Wildberries дүкенінде барлық тауарға 90% жеңілдік. Түн ортасына дейін үлгеріңіз,kk,suspicious,grey_marketing,synthetic_template_kz,1
449,Activ: подключена подписка за 323 тг/нед. Отключить *219#,ru,suspicious,grey_marketing,synthetic_template_kz,1
450,"Такси прибыло. Toyota Camry, гос. номер 180 TXK 08",ru,safe,legitimate,synthetic_template_kz,1
451,ПОВЕСТКА В СУД ПО ДЕЛУ №79393. МАТЕРИАЛЫ ДЕЛА: JUSAN-SECURE.INFO,ru,scam,fake_police,synthetic_template_kz,1
452,Kaspi: код 824335. Ешкімге айтпаңыз.,kk,safe,legitimate,synthetic_template_kz,1
453,"Tele2: 12 ГБ және 203 минут қалды, 21.9 дейін",kk,safe,legitimate,synthetic_template_kz,1
454,Служба безопасности Freedom Bank: подозрительный перевод на 15 000 тг. Свяжитесь с оператором +7 721 642 27 56 немедленно,ru,scam,fake_bank,synthetic_template_kz,1
455,Вам поступил Kaspi Bonus 12% на 2 000 000 тг. Активация bonus-kz.click,ru,scam,kaspi_scam,synthetic_template_kz,1
456,Нaзaр аударыңыз! *5687 карtаңыз қауіпте. Қаражатты резервтік шотқа аударыңыз: bonus-kz.click,kk,scam,fake_bank,synthetic_template_kz,1
457,"Занятие по английскому переносится на 13:00, аудитория 287",ru,safe,legitimate,synthetic_template_kz,1
458,Спасибо  за  покупку! Чек доступен на beeline.kz,ru,safe,legitimate,synthetic_template_kz,1
459,"Tele2: тариф ұзартылды, 2842 тг есептен шығарылды",kk,safe,legitimate,synthetic_template_kz,1
460,Тек бүгін! AliExpress дүкенінде барлық тaуaрға 76% жеңілдік. Түн ортасына дейін үлгеріңіз,kk,suspicious,grey_marketing,synthetic_template_kz,1
461,Kaspi Магазин: тауарыңыз сатылды. 3 000 000 тг алу үшін өтіңіз kz-vyigrysh.net,kk,scam,kaspi_scam,synthetic_template_kz,1
462,Повестка в суд по делу №36317. Материалы дела: jusan-secure.info,ru,scam,fake_police,synthetic_template_kz,1
463,"Мама, я задержусь, буду примерно к 21 часам ⚠️",ru,safe,legitimate,synthetic_template_kz,1
464,Kaspi: код 643242. Никому не сообщайте.,ru,safe,legitimate,synthetic_template_kz,1
465,Сізге тегін ақша алуға шақыру!,kk,suspicious,grey_marketing,github_Yerassyl04_Spam-kazakh,0
466,"Крипто-сигналы с точностью 91%. Первый месяц бесплатно, канал по ссылке в профиле",ru,suspicious,grey_marketing,synthetic_template_kz,1
467,Kaspi Магaзин: тауарыңыз cатылды. 6 000 000 tг алу үшін өтіңіз halykbank.kz.verify.top,kk,scam,kaspi_scam,synthetic_template_kz,1
468,№15034 іс бойынша сотқа шақыру. Іс материалдары: beeline-bonus.icu,kk,scam,fake_police,synthetic_template_kz,1
469,"Инвестиции от 93 000 тг, доход 58% в месяц. Консультация +7 754 969 65 38",ru,suspicious,grey_marketing,synthetic_template_kz,1
470,Ваш счет будет закрыт в течение 30 минут из-за неподтвержденных данных. Обновите анкету: halykbank.kz.verify.top,ru,scam,fake_bank,synthetic_template_kz,1
471,Мерейтойлық ұтыс! Сізге 25 400 тг бонус есептелді. Шығару үшін 3874 тг комиссия төлеңіз,kk,scam,fake_prize,synthetic_template_kz,1
472,Спасибо за покупку! Чек доступен на jusan.kz,ru,safe,legitimate,synthetic_template_kz,1
473,"Bereke Bank: 15 000 тг сaтып алу, карtа *5295. Қолжетімді 17 000 tг",kk,safe,legitimate,synthetic_template_kz,1
474,"Сәлеметсіз бе, Kaspi-дегі хабарлаHдыру бойынша жазып тұрмын. Төледім, сілтеме арқылы растаңыз beeline-bonus.icu",kk,scam,kaspi_scam,synthetic_template_kz,1
475,Ваш счет будет закрыт до 23:59 из-за неподтвержденных данных. Обновите анкету: egov-kz.online,ru,scam,fake_bank,synthetic_template_kz,1
476,Tele2: срок действия SIM истекает. Продлите регистрацию halykbank.kz.verify.top,ru,scam,phishing,synthetic_template_kz,1
477,"Оплата ЖКХ за апрель принята, cуmмa 60 400 тг",ru,safe,legitimate,synthetic_template_kz,1
478,Тек бүгін: 70% жеңілдікпен сатып алыңыз!,kk,suspicious,grey_marketing,github_Yerassyl04_Spam-kazakh,0
479,"Ана, мен кеігемін, шамамен 19-де боламын",kk,safe,legitimate,synthetic_template_kz,1
480,Картаға өтінішіңіз қаралды. Белсендіру үшін +7 726 708 67 22 нөміріне қоңырау шалыңыз,kk,suspicious,grey_marketing,synthetic_template_kz,1
481,Розыгрыш к 30-летию! Вам начислен бонус 5 000 000 тг. Для вывода оплатите комиссию 9542 тг,ru,scam,fake_prize,synthetic_template_kz,1
482,Сіз Wildberries сертификатын 21 000 тг алдыңыз. жедел түрде белсендіріңіз: bonus-kz.click,kk,scam,fake_prize,synthetic_template_kz,1
483,"Такси прибыло. Toyota Camry, гос. номер 322 AEP 08",ru,safe,legitimate,synthetic_template_kz,1
484,Только сегодня! Скидка 55% на все товары в Temu. Успей до полуночи,ru,suspicious,grey_marketing,synthetic_template_kz,1
485,Activ: остаток 10 ГБ и 522 минут до 17.4,ru,safe,legitimate,synthetic_template_kz,1
486,ТРЕЙДИНГ КУРСТАРЫ. БІРІНШІ САБАҚ ТЕГІН. ТІРКЕЛУ +7 778 305 54 48,kk,suspicious,grey_marketing,synthetic_template_kz,1
487,"Beeline: тариф ұзартылды, 3255 тг есептен шығарылды",kk,safe,legitimate,synthetic_template_kz,1
488,Altel: срок действия SIM истекает. Продлте регистрацию bonus-kz.click,ru,scam,phishing,synthetic_template_kz,1
489,"УРА! Асель, вам одобрена выплата 96 300 тг. Реквизиты укажите тут forte-cabinet.pro",ru,scam,fake_prize,synthetic_template_kz,1
490,"Несие бойынша сақтандыруды қайтару. Өтемаы тиесілі ме, тексеріңіз: +7 737 567 81 76",kk,suspicious,grey_marketing,synthetic_template_kz,1
491,Заработок из дома от 1 000 000 тг в неделю. Пишите в WhatsApp +7 702 217 97 35,ru,suspicious,grey_marketing,synthetic_template_kz,1
492,"Встреча группы SE-2420 в 14:00, корпус 3",ru,safe,legitimate,synthetic_template_kz,1
493,Нөміріңіз Altel акциясының жеңімпазы атанды! Жүлде 10 000 тг. Растаңыз: kaspi.kz.secure-login.cc,kk,scam,fake_prize,synthetic_template_kz,1
494,"Қызметкерлер қажет, кесте еркін, күнделікті төлем 23 000 тг. Telegram +7 729 492 34 30",kk,suspicious,grey_marketing,synthetic_template_kz,1
495,Вы получили сертификат Kaspi Магaзин на 85 000 тг. Активировать в течение 30 минут: egov-kz.online,ru,scam,fake_prize,synthetic_template_kz,1
496,"Қызметкерлер қажет, кесте еркін, күнделікті төлем 37 000 тг. Telegram +7 723 369 62 56",kk,suspicious,grey_marketing,synthetic_template_kz,1
497,Салық берешегі 86 000 тг. Онлайн өтеу: halykbank.kz.verify.top,kk,scam,phishing,synthetic_template_kz,1
498,Сіздің курсыңыздың тапсырмалары бар.,kk,safe,legitimate,github_Yerassyl04_Spam-kazakh,0
499,"Здравствуйте, Мадина! Напоминаем о записи к врачу завтра в 16:00",ru,safe,legitimate,synthetic_template_kz,1
500,Ваш номер выбран победителем акции izi! Приз 1 000 000 тг. Пoдтвердите: egov-kz.online,ru,scam,fake_prize,synthetic_template_kz,1
501,Jusan Bank қауіпсіздік қызметі: 4 000 000 тг күдікті аударым. +7 790 250 73 32 нөміріне жедел хабарласыңыз,kk,scam,fake_bank,synthetic_template_kz,1
502,Сіздің телефоныңызға келетін құпия хабарлама!,kk,suspicious,grey_marketing,github_Yerassyl04_Spam-kazakh,0
503,ЖСН нөміріңіз заңсыз операцияда қолданылған. Тергеуші хабарласады: +7 791 365 86 67. Үшінші тұлғаларға айтпаңыз,kk,scam,fake_police,synthetic_template_kz,1
504,Арнайы ұсыныс: 5000 теңге жеңілдік алуға асығыңыз!,kk,suspicious,grey_marketing,github_Yerassyl04_Spam-kazakh,0
505,Сатып алғаныңыз үшіH рахмеt! Түбіртек jusan.kz сайтыHда,kk,safe,legitimate,synthetic_template_kz,1
506,"Мұндайды естімеген боларсыз, тезірек",kk,scam,fake_prize,github_Yerassyl04_Spam-kazakh,0
507,МВД РК. Наложен арест на счета. Снять ограничение до 23:59: enpf-vyplata.ru,ru,scam,fake_police,synthetic_template_kz,1
508,Тезірек сілтемеге өтіңіз,kk,scam,fake_prize,github_Yerassyl04_Spam-kazakh,0
509,Поздравляем! Вы выиграли 92 200 тг в розыгрыше ForteBank. Забрать приз: kaspi.kz.secure-login.cc,ru,scam,fake_prize,synthetic_template_kz,1
510,Ваш номер выбран победителем акции Beeline! Приз 37 000 тг. Подтвердите: kaspi.kz.secure-login.cc.,ru,scam,fake_prize,synthetic_template_kz,1
511,ЖҚЕ бұзғаны үшін 60 000 тг айыппұл. 50% жеңілдікпен төлеу: kaspi-bonus.top,kk,scam,fake_police,synthetic_template_kz,1
512,"СОТРУДНИК БАНКА СВЯЖЕТСЯ С ВАМИ ПО НОМЕРУ +7 720 608 96 33. НЕ СООБЩАЙТЕ КОД НИКОМУ, КРОМЕ СПЕЦИАЛИСТА",ru,scam,fake_bank,synthetic_template_kz,1
513,"Tele2: тариф продлен, списано 5957 тг. Следующее списание 15.5",ru,safe,legitimate,synthetic_template_kz,1
514,Назар аударыңыз! *1148 картаңыз қауіпте. Қаражатты резервтік шотқа аударыңыз: halykbank.kz.verify.top,kk,scam,fake_bank,synthetic_template_kz,1
515,Повестка в суд по делу №50562. Материалы дела: beeline-bonus.icu,ru,scam,fake_police,synthetic_template_kz,1
516,Налоговая задолженность 14 000 тг. Погасить онайн: forte-cabinet.pro,ru,scam,phishing,synthetic_template_kz,1
517,Kaspi Red: 9 000 тг бөліп төлеу рәсімделді. Болдырмау kz-vyigrysh.net,kk,scam,kaspi_scam,synthetic_template_kz,1
518,Kaspi Магазин: ваш товар продан. Для полyчения 1 000 000 тг перейдите gov-kz.support,ru,scam,kaspi_scam,synthetic_template_kz,1
519,"Әсел, сізге 80 000 тг жеке несие лимиті қолжетімді. Толығырақ қосымшада",kk,suspicious,grey_marketing,synthetic_template_kz,1
520,Kaspi Магазин: ваш товар продан. Для получения 23 900 тг перейдите kaspi-gold.site,ru,scam,kaspi_scam,synthetic_template_kz,1
521,Тек бүгін! Ozon дүкенінде барлық тауарға 60% жеңілдік. Түн ортасына дейін үлгеріңіз,kk,suspicious,grey_marketing,synthetic_template_kz,1
522,ВАШ СЧЕТ БУДЕТ ЗАКРЫТ СРОЧНО ИЗ-ЗА НЕПОДТВЕРЖДЕННЫХ ДАННЫХ. ОБНОВИТЕ АНКЕТУ: HALYKBANK.KZ.VERIFY.TOP,ru,scam,fake_bank,synthetic_template_kz,1
523,Ваш заказ №321419 прибыл в пункт выдачи Казпочта. Забрать в течение 5 дней,ru,safe,legitimate,synthetic_template_kz,1
524,Сіздің демалыс жоспарларыңыз қалай?,kk,safe,legitimate,github_Yerassyl04_Spam-kazakh,0
525,"Activ: тариф продлен, списано 6745 тг. Следующее списание 20.2",ru,safe,legitimate,synthetic_template_kz,1
526,Курсы трейдинга. Первое занятие бесплатно. Запись +7 779 723 48 26.,ru,suspicious,grey_marketing,synthetic_template_kz,1
527,Кіру үшін растау кодыңыз: 422055 ⚠️,kk,safe,legitimate,synthetic_template_kz,1
528,Құрметті клиент! *7354 картаңыз күдікті операцияға байланысты бұғатталды. Бұғаттан шығару: egov-kz.online,kk,scam,fake_bank,synthetic_template_kz,1
529,"Сотрудник банка свяжется с вами по номеру +7 701 163 83 40. Не сообщайте код никому, кроме специалиста",ru,scam,fake_bank,synthetic_template_kz,1
530,Сіздің дәрістеріңіз қалай өтті?,kk,safe,legitimate,github_Yerassyl04_Spam-kazakh,0
531,"Сотрудник банка свяжется с вами по номеру +7 782 590 45 48. Не сообщайте код никому, кроме специалиста",ru,scam,fake_bank,synthetic_template_kz,1
532,"Алгебра сабағы 15:00-ге ауыстырылды, 314 аудитория",kk,safe,legitimate,synthetic_template_kz,1
533,"мамыр айына коммуналдық төлем қабылданды, сома 45 000 тг",kk,safe,legitimate,synthetic_template_kz,1
534,Жаңа семинарларға қатысуды жоспарлаңыз.,kk,safe,legitimate,github_Yerassyl04_Spam-kazakh,0
535,"Өзіңді таппай дал болсан, біздің тестті өт",kk,suspicious,grey_marketing,github_Yerassyl04_Spam-kazakh,0
536,Сатып алғаныңыз үшін рaхмет! Түбіртек forte.kz сайтында,kk,safe,legitimate,synthetic_template_kz,1
537,Күзгі мектеп шаралары туралы ақпарат.,kk,safe,legitimate,github_Yerassyl04_Spam-kazakh,0
538,Сіз 1000-шы келуші болдыңыз! iPhone 13 тегін алыңыз: kaspi.kz.secure-login.cc,kk,scam,fake_prize,synthetic_template_kz,1
539,Трейдинг курстары. Бірінші сабақ тегін. Тіркелу +7 713 694 23 18 !!!,kk,suspicious,grey_marketing,synthetic_template_kz,1
540,Otbasy Bank. Списание 32 800 тг одобрено. Отменить операцию: egov-kz.online,ru,scam,fake_bank,synthetic_template_kz,1
541,"Eurasian Bank: 8 000 000 тг несие мақұлданды. Өтініш бермеген болсаңыз, бас тартыңыз enpf-vyplata.ru",kk,scam,fake_bank,synthetic_template_kz,1
542,Kaspi: код 902607. Никому не сообщайте.,ru,safe,legitimate,synthetic_template_kz,1
543,"Крипто-сигналы с точностью 84%. Первый месяц бесплатно, канал по ссылке в профиле",ru,suspicious,grey_marketing,synthetic_template_kz,1
544,"Activ: тариф прoдлен, cписано 4609 тг. Следующеe списание 3.1",ru,safe,legitimate,synthetic_template_kz,1
545,"ТАКСИ ПРИБЫЛО. CHEVROLET COBALT, ГОС. НОМЕР 990 RCZ 08",ru,safe,legitimate,synthetic_template_kz,1
546,Вам поступил Kaspi Bonus 19% на 5 000 тг. Активация kaspi-bonus.top,ru,scam,kaspi_scam,synthetic_template_kz,1
547,"Несие бойынша сақтандыруды қайтару. Өтемақы тиесілі ме, тексеріңіз: +7 796 534 11 85 !!!",kk,suspicious,grey_marketing,synthetic_template_kz,1
548,"Activ: тариф продлен, списано 3167 тг. Следующее списание 14.8",ru,safe,legitimate,synthetic_template_kz,1
549,"Bereke Bank: покупка 22 100 тг, карта *2380. Доступно 5 000 000 тг",ru,safe,legitimate,synthetic_template_kz,1
550,"Ілтипатпен, ізгі ниетпен",kk,safe,legitimate,github_Yerassyl04_Spam-kazakh,0
551,Kaspi Магазин: ваш товар продан. Для получения 42 400 тг перейдите wb-kz-prize.shop,ru,scam,kaspi_scam,synthetic_template_kz,1
552,Ұлттық Банк: сіздің атыңызға іс қозғалды. Танысу үшін beeline-bonus.icu,kk,scam,fake_police,synthetic_template_kz,1
553,Beeline: срок действия SIM истекает. Продлите регистрацию gov-kz.support,ru,scam,phishing,synthetic_template_kz,1
554,Kaspi: перевод 73 000 тг от Ерлан ожидает подтверждения. Подтвердить: bonus-kz.click,ru,scam,kaspi_scam,synthetic_template_kz,1
555,Ваш аккаунт eGov будет удален в течение 2 часов. Подтвердите ИИН: jusan-secure.info,ru,scam,phishing,synthetic_template_kz,1
556,Tele2: срок действия SIM истекает. Продлите регистрацию halyk-verify.xyz,ru,scam,phishing,synthetic_template_kz,1
557,"Бос орындар шектеулі, қазір тіркеліңіз!",kk,suspicious,grey_marketing,github_Yerassyl04_Spam-kazakh,0
558,"Инвестиции от 77 000 тг, доход 24% в месяц. Консультация +7 763 875 15 44",ru,suspicious,grey_marketing,synthetic_template_kz,1
559,Заработок из дома от 36 000 тг в неделю. Пишите в WhatsApp +7 731 660 28 10,ru,suspicious,grey_marketing,synthetic_template_kz,1
560,Мерейтойлық ұтыс! Сізге 13 000 тг бонус есептелді. Шығару үшін 5518 тг комиссия төлеңіз,kk,scam,fake_prize,synthetic_template_kz,1
561,Ваш аккаунт eGov будет удален в течение 30 минут. Подтвердите ИИН: kaspi.kz.secure-login.cc,ru,scam,phishing,synthetic_template_kz,1
562,"Такси прибыло. Hyundai Accent, гос. номер 978 KYN 08",ru,safe,legitimate,synthetic_template_kz,1
563,Кіру үшін растау кодыңыз: 701083,kk,safe,legitimate,synthetic_template_kz,1
564,Нөміріңіз зейнетақыны қайта есептеуге қatысады. Форманы толтырыңыз gov-kz.support,kk,scam,phishing,synthetic_template_kz,1
565,Жылдам әрекет ету: сіздің шотыңызға 10000 теңге салынды!,kk,suspicious,grey_marketing,github_Yerassyl04_Spam-kazakh,0
566,Сізге 84 000 тг сомасына Kaspi Bonus 18% түсті. Белсендіру halyk-verify.xyz,kk,scam,kaspi_scam,synthetic_template_kz,1
567,"Halyk Bank: 29 000 тг несие мақұлдаHды. Өтініш бермеген болсaңыз, бас тaртыңыз halyk-verify.xyz",kk,scam,fake_bank,synthetic_template_kz,1
568,"Beeline: тариф продлен, списано 4952 тг. Следующее списание 8.4",ru,safe,legitimate,synthetic_template_kz,1
569,Freedom Bank. 5 000 000 тг есептен шығару бекітілді. Болдырмау үшін: wb-kz-prize.shop,kk,scam,fake_bank,synthetic_template_kz,1
570,"Kaspi  Gold:  код 260798. Никому не сообщайте. Если это не вы, звоните +7 776 330 94 20",ru,scam,kaspi_scam,synthetic_template_kz,1
571,Kaspi Магазин: тауарыңыз сатылды. 4 000 000 тг алу үшін өтіңіз enpf-vyplata.ru,kk,scam,kaspi_scam,synthetic_template_kz,1
572,"Физикa сабағы 15:00-ге ауыстырылды, 413 аудитория",kk,safe,legitimate,synthetic_template_kz,1
573,Пополнение 49 900 тг на карту *6901. Баланс 21 000 тг,ru,safe,legitimate,synthetic_template_kz,1
574,Сізге Сот орындаушылары тарапынан қорғалған хабарлама келді. Оқу: bonus-kz.click,kk,scam,phishing,synthetic_template_kz,1
575,Ваш номер участвует в перерасчете пенсии. Заполните форму halykbank.kz.verify.top до конца недели,ru,scam,phishing,synthetic_template_kz,1
576,"Eurasian Bank: зафиксирована попытка входа в ваш кабинет с нового устройства. Если это не вы, подтвердите личность: jusan-secure.info",ru,scam,fake_bank,synthetic_template_kz,1
577,Ваш заказ №488708 прибыл в пункт выдачи Kaspi Postomat. Забрать в течение 5 дней,ru,safe,legitimate,synthetic_template_kz,1
578,Заработок из дома от 60 000 тг в неделю. Пишите в WhatsApp +7 704 643 52 66,ru,suspicious,grey_marketing,synthetic_template_kz,1
579,Розыгрыш к 30-летию! Вам начислен бонус 36 500 тг. Для вывода оплатите комиссию 9313 тг,ru,scam,fake_prize,synthetic_template_kz,1
580,"Занятие по физике переносится на 16:00, аудитория 352",ru,safe,legitimate,synthetic_template_kz,1
581,Ваш заказ №641131 прибыл в пункт выдачи СДЭК. Забрать в течение 5 дней,ru,safe,legitimate,synthetic_template_kz,1
582,izi: SIM kартаңыздың мерзімі бітуде. Тіркеуді ұзартыңыз kaspi-bonus.top,kk,scam,phishing,synthetic_template_kz,1
583,Жаңа курстар туралы ақпарат алыңыз.,kk,safe,legitimate,github_Yerassyl04_Spam-kazakh,0
584,"Ерлан, сізге 7 000 000 тг жеке несие лимиті қолжетімді. Толығырақ қосымшада",kk,suspicious,grey_marketing,synthetic_template_kz,1
585,Одобрен займ до 1 000 000 тг без справок и залога. Оформить за 5 минуt: egov.kz,ru,suspicious,grey_marketing,synthetic_template_kz,1
586,Ozon: посылка задержана на таможне. Оплатите пошлину 1134 тг: jusan-secure.info,ru,scam,phishing,synthetic_template_kz,1
587,Обновление базы ЕНПФ. Вам начислена выплата 88 000 тг. Получить: forte-cabinet . pro,ru,scam,phishing,synthetic_template_kz,1
588,"Требуются  сотрудники,  график свободный, оплата ежедневно 38 000 тг. Telegram по номеру +7 701 737 29 32",ru,suspicious,grey_marketing,synthetic_template_kz,1
589,"Инвестиции от 70 000 тг, доход 49% в месяц. Консультация +7 747 825 77 62",ru,suspicious,grey_marketing,synthetic_template_kz,1
590,Уважаемый клиент! Карта *7309 заблокирована по подозрению в мошенничестве. Для разблокировки перейдите gov-kz.support в течение 2 часов,ru,scam,fake_bank,synthetic_template_kz,1
591,"Возврат страховки по кредиту. Проверьте, положена ли вам компенсация: +7 747 302 90 43",ru,suspicious,grey_marketing,synthetic_template_kz,1
592,eGov. Шоттарыңызға тыйым салынды. Шектеуді 2 сағат ішінде алу: halyk-verify . xyz,kk,scam,fake_police,synthetic_template_kz,1
593,Клиникамызда тегін диагностика. Бүгінге жазылу +7 783 982 83 11,kk,suspicious,grey_marketing,synthetic_template_kz,1
594,Бесплатная диагностика организма в нашей клинике. Запись на сегодня +7 775 968 97 41,ru,suspicious,grey_marketing,synthetic_template_kz,1
595,МВД РК: на ваше имя завeдено производстBо. Явитесь или ознакомьтесь bonus-kz.click,ru,scam,fake_police,synthetic_template_kz,1
596,"izi: 11 ГБ және 291 минут қалды, 10.12 дейін",kk,safe,legitimate,synthetic_template_kz,1
597,СДЭК: жеткізу мекенжайы қате. Деректерді нақтылаңыз gov-kz . support,kk,scam,phishing,synthetic_template_kz,1
598,"Несие бойынша сақтандыруды қайтару. Өтемақы тиесілі ме, тексеріңіз: +7 720 300 44 89",kk,suspicious,grey_marketing,synthetic_template_kz,1
599,Вы получили сертификат AliExpress на 94 000 тг. Активировать сегодня до 18:00: egov-kz.online,ru,scam,fake_prize,synthetic_template_kz,1
600,Одобрен займ до 6 000 000 тг без справок и залога. Оформить за 5 минут: forte.kz,ru,suspicious,grey_marketing,synthetic_template_kz,1
601,Розыгрыш к 30-летию! Ваm нaчислен бонус 7 000 000 тг. Для вывода оплатите комисcию 2873 тг,ru,scam,fake_prize,synthetic_template_kz,1
602,"Инвестиции от 96 000 тг, доход 28% в месяц. Консультация +7 743 753 72 72",ru,suspicious,grey_marketing,synthetic_template_kz,1
603,Құттықтаймыз! Сіз Eurasian Bank ұтыс ойынында 13 700 тг ұттыңыз. Жүлдені алу: kaspi-gold . site,kk,scam,fake_prize,synthetic_template_kz,1
604,"Beeline: тариф ұзартылды, 3493 тг есептен шығарылды",kk,safe,legitimate,synthetic_template_kz,1
605,"Kaspi Bank: 81 000 тг сатып алу, карта *2909. Қолжетімді 7 000 000 тг",kk,safe,legitimate,synthetic_template_kz,1
606,Розыгрыш к 30-летию! Вам начислен бонус 9 000 000 тг. Для вывода оплатите комиссию 7339 тг,ru,scam,fake_prize,synthetic_template_kz,1
607,Жазғы демалыс жоспарларыңыз қандай?,kk,safe,legitimate,github_Yerassyl04_Spam-kazakh,0
608,Ваш код подтверждения для входа: 324764,ru,safe,legitimate,synthetic_template_kz,1
609,Розыгрыш  к  30-летию! Вам начислен бонус 92 200 тг. Для вывода оплатите комиссию 8595 тг,ru,scam,fake_prize,synthetic_template_kz,1
610,Сатып алғаныңыз үшін рахмет! Түбіртек tele2.z сайтында,kk,safe,legitimate,synthetic_template_kz,1
611,Обновление базы ЕНПФ. Вам начислена выплата 99 900 тг. Получить: enpf-vyplata.ru,ru,scam,phishing,synthetic_template_kz,1
612,Сатып алғаныңыз үшін рахмет! Түбіртек jusan.kz сайтында,kk,safe,legitimate,synthetic_template_kz,1
613,Білім беру жүйесіндегі өзгерістер туралы ақпарат.,kk,safe,legitimate,github_Yerassyl04_Spam-kazakh,0
614,"Мама, я задержусь, буду примеpно к 20 часам",ru,safe,legitimate,synthetic_template_kz,1
615,"Занятие по программироBанию пeреносится на 18:00, аудитория 465",ru,safe,legitimate,synthetic_template_kz,1
616,"ақпан  айына  коммуналдық төлем қабылданды, сома 54 700 тг",kk,safe,legitimate,synthetic_template_kz,1
617,"SE-2423 тобының жиналысы 16:00-де, 1 корпус",kk,safe,legitimate,synthetic_template_kz,1
618,"Такси келді. Kia Rio, мемлекеттік нөмір 355 YYK 05",kk,safe,legitimate,synthetic_template_kz,1
619,Ваш аккаунт eGov будет удален в течение 30 минут. Подтвердите ИИН: gov-kz.support,ru,scam,phishing,synthetic_template_kz,1
620,"мамыр айына коммуналдық төлем қабылданды, сома 78 800 тг",kk,safe,legitimate,synthetic_template_kz,1
621,"сәуір айына коммуналдық төлем қабылданды, сома 35 100 тг",kk,safe,legitimate,synthetic_template_kz,1
622,"Такси келді. Hyundai Accent, мемлекеттік нөмір 535 XAB 07",kk,safe,legitimate,synthetic_template_kz,1
623,Сізге eGov тарапынан қорғалған хабарлама келді. Оқу: jusan-secure.info,kk,scam,phishing,synthetic_template_kz,1
624,ЖСН нөміріңіз заңсыз операцияда қолданылған. Тергеуші хабарласады: +7 708 273 43 65. Үшінші тұлғаларға айтпаңыз,kk,scam,fake_police,synthetic_template_kz,1
625,"izi: 22 ГБ және 125 минут қалды, 14.1 дейін",kk,safe,legitimate,synthetic_template_kz,1
626,*9581 картаға 68 200 тг толықтырылды. Баланс 5 000 000 тг,kk,safe,legitimate,synthetic_template_kz,1
627,"Acti: 2 ГБ және 685 минут қалды, 21.10 дейін",kk,safe,legitimate,synthetic_template_kz,1
628,Анықтамасыз және кепілсіз 8 000 000 тг дейін қарыз мақұлданды. 5 минутта рәсімдеу: tele2.kz,kk,suspicious,grey_marketing,synthetic_template_kz,1
629,"Kaspi Gold: код 992377. Никому не сообщайте. Если это не вы, звоните +7 703 605 55 44",ru,scam,kaspi_scam,synthetic_template_kz,1
630,Kaspi: код 936826. Никому не сообщайте.,ru,safe,legitimate,synthetic_template_kz,1
631,Вам поступил Kaspi Bonus 14% на 85 500 тг. Активация kaspi-gold.site,ru,scam,kaspi_scam,synthetic_template_kz,1
632,Kaspi: код 121939. Ешкімге айтпаңыз.,kk,safe,legitimate,synthetic_template_kz,1
633,ТрейдиHг курстары. Бірінші сабақ tегін. Тіркелу +7 779 114 19 33,kk,suspicious,grey_marketing,synthetic_template_kz,1
634,"Kaspi  Bank:  56 200 тг сатып алу, карта *3116. Қолжетімді 95 000 тг",kk,safe,legitimate,synthetic_template_kz,1
635,"Такси прибыло. Hyundai Accent, гос. номер 347 XRR 02",ru,safe,legitimate,synthetic_template_kz,1
636,СДЭК: неверный адрес дoставки. Уtочните данные kaspi-bonus.top иначе заказ вернeтся отправителю,ru,scam,phishing,synthetic_template_kz,1
637,Ұлттық Банк. Шоттарыңызға тыйым салынды. Шектеуді бүгін 18:00-ге дейін алу: egov-kz.online,kk,scam,fake_police,synthetic_template_kz,1
638,*2304 картаға 5 000 000 тг толықтырылды. Баланс 34 000 тг,kk,safe,legitimate,synthetic_template_kz,1
639,"Сотрудник  банка  свяжется с вами по номеру +7 776 789 49 50. Не сообщайте код никому, кроме специалиста",ru,scam,fake_bank,synthetic_template_kz,1
640,Салық берешегі 88 000 тг. Онлайн өтеу: enpf-vyplata.ru,kk,scam,phishing,synthetic_template_kz,1
641,Otbasy Bank. 59 000 тг есептен шығару бекітілді. Болдырмау үшін: halykbank.kz.verify.top,kk,scam,fake_bank,synthetic_template_kz,1
642,eGov: аHықтамаңыз дайын. Мобильді қосыmшадан жүктeңіз,kk,safe,legitimate,synthetic_template_kz,1
643,Антифрод-центр: на ваше имя заведено производство. Явитесь или ознакомьтесь bonus-kz.click,ru,scam,fake_police,synthetic_template_kz,1
644,№12044 іс бойынша сотқа шaқыру. Іс мaтеpиалдары: kaspi-gold.site,kk,scam,fake_police,synthetic_template_kz,1
645,Құттықтаймыз! Сіз Kaspi Bank ұтыс ойынында 20 100 тг ұттыңыз. Жүлдені алу: bonus-kz . click,kk,scam,fake_prize,synthetic_template_kz,1
646,"Здравствуйте, Ерлан! Напоминаем о записи к врачу завтра в 16:00",ru,safe,legitimate,synthetic_template_kz,1
647,"izi: тариф ұзартылды, 6478 тг есептен шығарылды",kk,safe,legitimate,synthetic_template_kz,1
648,Kaspi: код 721304. Ешкімге айтпаңыз.,kk,safe,legitimate,synthetic_template_kz,1
649,№772283 тапсырысыңыз Boxbery пунктіне жетті. 5 күн ішінде алыңыз,kk,safe,legitimate,synthetic_template_kz,1
650,"Қызметкерлеp қaжет, кесте еркін, күнделікті tөлем 35 000 тг. Telegram +7 734 548 30 59",kk,suspicious,grey_marketing,synthetic_template_kz,1
651,Бесплатная диагностика организма в нашей клинике. Запись на сегодня +7 762 523 75 40,ru,suspicious,grey_marketing,synthetic_template_kz,1
652,"izi: 24 ГБ және 108 минут қалды, 4.8 дейін",kk,safe,legitimate,synthetic_template_kz,1
653,Boxberry: жеткізу мекенжайы қате. Деректерді нақтылаңыз gov-kz.support,kk,scam,phishing,synthetic_template_kz,1
654,Beeline: SIM картаңыздың мерзімі бітуде. Тіркеуді ұзартыңыз kaspi-gold.site,kk,scam,phishing,synthetic_template_kz,1
655,"Beeline: тариф ұзартылды, 5702 тг есептен шығарылды",kk,safe,legitimate,synthetic_template_kz,1
656,Бесплатная диагностика организма в нашей клинике. Запись на сегодня +7 733 944 34 40,ru,suspicious,grey_marketing,synthetic_template_kz,1
657,Только сегодня! Скидка 74% на все товары в AliExpress. Успей до полуночи,ru,suspicious,grey_marketing,synthetic_template_kz,1
658,"Крипто-сигналы с точностью 90%. Первый месяц бесплатно, канал по ссылке в профиле",ru,suspicious,grey_marketing,synthetic_template_kz,1
659,Уведомление о штрaфе 22 800 тг за нарушение ПДД. Оплата со скидкой 50%: bonus-kz.click,ru,scam,fake_police,synthetic_template_kz,1
660,Сізді құттықтаймыз!,kk,scam,fake_prize,github_Yerassyl04_Spam-kazakh,0
661,Сізді бұрын-соңды болмаған жеңілдік күтеді!,kk,suspicious,grey_marketing,github_Yerassyl04_Spam-kazakh,0
662,Уведомление о штрафе 53 000 тг за нарушение ПДД. Оплата со скидкой 50%: enpf-vyplata . ru,ru,scam,fake_police,synthetic_template_kz,1
663,Анықтамасыз және кепілcіз 16 100 тг дейін қарыз мақұлданды. 5 минутта рәсімдеу: egov.kz,kk,suspicious,grey_marketing,synthetic_template_kz,1
664,eGov: ваша справка готова. Скачать в мобильном приложении или на kaspi.kz,ru,safe,legitimate,synthetic_template_kz,1
665,Спасибо за покупку! Чек доступен на tele2.kz,ru,safe,legitimate,synthetic_template_kz,1
666,Уведомление о штрафе 46 000 тг за нарушение ПДД. Оплата со скидкой 50%: halykbank.kz.verify.top,ru,scam,fake_police,synthetic_template_kz,1
667,Арнайы ұсыныс: 80% дейін төмендетілген баға!,kk,suspicious,grey_marketing,github_Yerassyl04_Spam-kazakh,0
668,eGov: анықтамаңыз дайын. Мобильді қосыmшадан жүkтеңіз,kk,safe,legitimate,synthetic_template_kz,1
669,"Activ: 3 ГБ және 145 минут қалды, 6.12 дейін",kk,safe,legitimate,synthetic_template_kz,1
670,"Сізге алаяқтар несие рәсімдеген. Істі Антифрод орталығы жүргізуде, оператор +7 713 274 70 81",kk,scam,fake_police,synthetic_template_kz,1
671,№732767  тапсырысыңыз  Казпочта пунктіне жетті. 5 күн ішінде алыңыз,kk,safe,legitimate,synthetic_template_kz,1
672,*9613  картаға  55 000 тг толықтырылды. Баланс 21 000 тг,kk,safe,legitimate,synthetic_template_kz,1
673,Kaspi Магазин: ваш товар продан. Для получения 50 600 тг перейдите halykbank.kz.verify.top,ru,scam,kaspi_scam,synthetic_template_kz,1
674,ЖҚЕ бұзғаны үшін 6 000 000 тг айыппұл. 50% жеңілдікпен төлеу: kaspi-bonus.top,kk,scam,fake_police,synthetic_template_kz,1
675,Сіздің жаңа сабағыңызға дайындық жасау керек.,kk,safe,legitimate,github_Yerassyl04_Spam-kazakh,0
676,"Встеча группы SE-2429 в 11:00, корпус 4",ru,safe,legitimate,synthetic_template_kz,1
677,Курсы трейдинга. Первое занятие бесплатно. Запись +7 732 672 25 90 !!!,ru,suspicious,grey_marketing,synthetic_template_kz,1
678,Только сегодня! Скидка 72% на все товары в Kaspi Магазин. Успей до полуночи,ru,suspicious,grey_marketing,synthetic_template_kz,1
679,№59881 іс бойынша сотқа шақыру. Іс материалдары: bonus-kz.click,kk,scam,fake_police,synthetic_template_kz,1
680,Поздравляем! Вы выиграли 1 000 000 тг в розыгрыше Bank RBK. Забрать приз: forte-cabinet.pro,ru,scam,fake_prize,synthetic_template_kz,1
681,Одобрен займ до 56 400 тг без справок и залога. Оформить за 5 минут: halykbank.kz,ru,suspicious,grey_marketing,synthetic_template_kz,1
682,Kaspi: код 907294. Ешкімге айтпаңыз.,kk,safe,legitimate,synthetic_template_kz,1
683,Обновление базы ЕНПФ. Вам начислена выплата 36 000 тг. Получить: kaspi.kz.secure-login.cc,ru,scam,phishing,synthetic_template_kz,1
684,"Bereke Bank: покупка 85 700 тг, карtа *9320. Доступно 5 000 000 тг",ru,safe,legitimate,synthetic_template_kz,1
685,№951174 тапсырысыңыз Казпочта пунктіне жетті. 5 күн ішінде алыңыз,kk,safe,legitimate,synthetic_template_kz,1
686,Только ceгодня! Скидка 80% на все товары в AliExpress. Успeй до полуночи,ru,suspicious,grey_marketing,synthetic_template_kz,1
687,Ваш номер участвует в перерасчете пенсии. Заполните форму wb-kz-prize . shop до конца недели,ru,scam,phishing,synthetic_template_kz,1
688,"Kaspi Gold: код 306174. Никому не сообщайте. Если это не вы, звоните +7 770 755 25 55",ru,scam,kaspi_scam,synthetic_template_kz,1
689,Сіздің сабағыңыз уақытында басталады.,kk,safe,legitimate,github_Yerassyl04_Spam-kazakh,0
690,"Tele2: тариф ұзартылды, 4252 тг есeптен шығaрылды",kk,safe,legitimate,synthetic_template_kz,1
691,Kaspi Gold: код 797962. Ешкімге айтпаңыз. Егер бұл сіз болмасаңыз +7 757 619 49 57 нөміріне қоңырау шалыңыз,kk,scam,kaspi_scam,synthetic_template_kz,1
692,Заработок из дома от 58 900 тг в неделю. Пишите в WhatsApp +7 734 434 73 81,ru,suspicious,grey_marketing,synthetic_template_kz,1
693,Вам пришло защищенное сообщение от eGov. Прочитать: halykbank.kz.verify.top,ru,scam,phishing,synthetic_template_kz,1
694,КНБ РК. Наложен арест на счета. Снять ограничение в течение 24 часов: wb-kz-prize . shop,ru,scam,fake_police,synthetic_template_kz,1
695,"Мәдина, сізге 73 300 тг жеке несие лимиті қолжетімді. Толығырақ қосымшада",kk,suspicious,grey_marketing,synthetic_template_kz,1
696,Сізге 45 200 тг сомасына Kaspi Bonus 7% түсті. Белсендіру kaspi-gold.site,kk,scam,kaspi_scam,synthetic_template_kz,1
697,ІІМ. Шоттарыңызға тыйым салынды. Шектеуді 23:59-ға дейін алу: bonus-kz.click,kk,scam,fake_police,synthetic_template_kz,1
698,Еске сaлу: оқу ақысын 7.7 дейін төлеу қажет. Сома 4 000 000 tг,kk,safe,legitimate,synthetic_template_kz,1
699,"SE-2429 тобының жиналысы 14:00-де, 1 корпус",kk,safe,legitimate,synthetic_template_kz,1
700,"Eurasian Bank: покупка 14 400 тг, карта *8152. Доступно 89 000 тг",ru,safe,legitimate,synthetic_template_kz,1
701,OTBASY BANK. СПИСАНИЕ 6 000 000 ТГ ОДОБРЕНО. ОТМЕНИТЬ ОПЕРАЦИЮ: EGOV-KZ.ONLINE,ru,scam,fake_bank,synthetic_template_kz,1
702,Ваш код подтверждения для входа: 532281,ru,safe,legitimate,synthetic_template_kz,1
703,Activ: остаток 30 ГБ и 585 минут до 10.7,ru,safe,legitimate,synthetic_template_kz,1
704,"Несие бойынша сақтандыруды қайтару. Өтемақы тиесілі ме, тексеріңіз: +7 730 539 94 46",kk,suspicious,grey_marketing,synthetic_template_kz,1
705,Национальный Банк РК: на ваше имя заведено производство. Явитесь или ознакомьтесь kaspi.kz.secure-login.cc,ru,scam,fake_police,synthetic_template_kz,1
706,Ваш номер участвует в перерасчете пенсии. Заполните форму kz-vyigrysh.net до конца недели,ru,scam,phishing,synthetic_template_kz,1
707,"Сізді сауалнамаға қатысуға шақырамыз, жүлде ұтып алыңыз!",kk,suspicious,grey_marketing,github_Yerassyl04_Spam-kazakh,0
708,Ваш код подтвеpждения для вхoда: 532018,ru,safe,legitimate,synthetic_template_kz,1
709,"Tele2: тариф продлен, списано 2884 тг. Следующее списание 28.8",ru,safe,legitimate,synthetic_template_kz,1
710,"Мама, я задержуcь, бyду примeрно к 18 часам",ru,safe,legitimate,synthetic_template_kz,1
711,Пополнение 73 000 тг на карту *4329. Баланс 15 000 тг,ru,safe,legitimate,synthetic_template_kz,1
712,Kaspi Gold: код 247174. Ешкімге айтпаңыз. Егер бұл сіз болмасаңыз +7 789 747 35 35 нөміріне қоңырау шалыңыз,kk,scam,kaspi_scam,synthetic_template_kz,1
713,"Здравствуйте, Гульнара! Напоминаем о записи к врачу завтра в 16:00",ru,safe,legitimate,synthetic_template_kz,1
714,"Бағдарламалау сабағы 18:00-ге ауыстырылды, 392 аудитория",kk,safe,legitimate,synthetic_template_kz,1
715,Altel: остаток 28 ГБ и 144 минут до 5.6,ru,safe,legitimate,synthetic_template_kz,1
716,Тек бүгін! Temu дүкенінде барлық тауарға 39% жеңілдік. Түн ортасына дейін үлгеріңіз,kk,suspicious,grey_marketing,synthetic_template_kz,1
717,Еске сaлу: оқу ақысын 4.4 дейін төлеу қажет. Сoма 38 000 тг,kk,safe,legitimate,synthetic_template_kz,1
718,Бесплатная диагностика организма в нашей клинике. Запись на сегодня +7 749 810 36 11,ru,suspicious,grey_marketing,synthetic_template_kz,1
719,"Сәлеметсіз бе, Kaspi-дегі хабарландыру бойынша жазып тұрмын. Төледім, сілтеме арқылы растаңыз enpf-vyplata.ru",kk,scam,kaspi_scam,synthetic_template_kz,1
720,Пополнение  63  400 тг на карту *4152. Баланс 73 900 тг,ru,safe,legitimate,synthetic_template_kz,1
721,"Требуются сотрудники, график свободный, оплата ежедневно 32 000 тг. Telegram по номеру +7 741 608 44 64",ru,suspicious,grey_marketing,synthetic_template_kz,1
722,"Данияр, вам доступен персональный кредитный лимит 69 500 тг. Подробнее в приложении",ru,suspicious,grey_marketing,synthetic_template_kz,1
723,"Әлия, сізге 62 000 тг жеке несие лимиті қолжетімді. Толығырақ қосымшада",kk,suspicious,grey_marketing,synthetic_template_kz,1
724,"Ағылшын тілі сабағы 19:00-ге ауыстырылды, 381 аудитория",kk,safe,legitimate,synthetic_template_kz,1
725,Құттықтаймыз!  Сіз  Otbasy Bank ұтыс ойынында 52 000 тг ұттыңыз. Жүлдені алу: kaspi-gold.site,kk,scam,fake_prize,synthetic_template_kz,1
726,Ваша заявка на карту рассмотрена. Перезвоните +7 732 699 45 74 для активации,ru,suspicious,grey_marketing,synthetic_template_kz,1
727,Мерейтойлық ұтыс! Сізге 33 000 тг бонус есептелді. Шығару үшін 5537 тг комиссия төлеңіз,kk,scam,fake_prize,synthetic_template_kz,1
728,НАПОМИНАНИЕ: СРОК ОПЛАТЫ ЗА ОБУЧЕНИЕ ДО 2.6. СУММА 39 000 ТГ,ru,safe,legitimate,synthetic_template_kz,1
729,"Мәдина, сізге 76 200 тг жеке несие лимиті қолжетімді. Толығырақ қосымшада",kk,suspicious,grey_marketing,synthetic_template_kz,1
730,"Несие бойынша сақтандыруды қайтару. Өтемақы тиесілі ме, тексеріңіз: +7 757 138 71 96",kk,suspicious,grey_marketing,synthetic_template_kz,1
731,Kaspi: код 55498. Ешкімге айтпаңыз.,kk,safe,legitimate,synthetic_template_kz,1
732,"Сәлеметсіз бе, ГүлHарa! Ертең сағат 14:00-дe дәрігерге жазылғаныңызды еске саламыз",kk,safe,legitimate,synthetic_template_kz,1
733,"Сіз ұттыңыз, ұтысыңызды келесі сілтемеден алыңыз",kk,scam,fake_prize,github_Yerassyl04_Spam-kazakh,0
734,Клиникамызда тегін диагностика. Бүгінге жазылу +7 770 934 43 41,kk,suspicious,grey_marketing,synthetic_template_kz,1
735,Служба безопасности Eurasian Bank: подозрительный перевод на 7 000 000 тг. Свяжитесь с оператором +7 729 940 45 40 немедленно,ru,scam,fake_bank,synthetic_template_kz,1
736,Kaspi: перевод 3 000 000 тг от Жанна ожидает подтверждения. Подтвердить: kaspi.kz.secure-login.cc,ru,scam,kaspi_scam,synthetic_template_kz,1
737,СДЭК: неверный адрес доставки. Уточните данные bonus-kz.click иначе заказ вернется отправителю,ru,scam,phishing,synthetic_template_kz,1
738,"izi: тариф ұзартылды, 2841 тг есептен шығарылды",kk,safe,legitimate,synthetic_template_kz,1
739,Только сегодня! Скидка 44% на все товары в Ozon. Успей до полуночи,ru,suspicious,grey_marketing,synthetic_template_kz,1
740,Повестка в суд по делу №19721. Материалы дела: beeline-bonus.icu,ru,scam,fake_police,synthetic_template_kz,1
741,Altel: срок действия SIM истекает. Продлите регистрацию halykbank.kz.verify.top,ru,scam,phishing,synthetic_template_kz,1
742,Temu: сәлемдемеңіз кеденде тұр. 751 тг баж салығын төлеңіз: egov-kz.online,kk,scam,phishing,synthetic_template_kz,1
743,"Занятие по алгебре переносится на 15:00, аудитория 401",ru,safe,legitimate,synthetic_template_kz,1
744,Сізге тек бүгін: жеңілдіктермен сәлем!,kk,suspicious,grey_marketing,github_Yerassyl04_Spam-kazakh,0
745,"Үйден жұмыс, аптасына 74 000 тг табыс. WhatsApp +7 799 249 49 15 жазыңыз",kk,suspicious,grey_marketing,synthetic_template_kz,1
746,"Altel: тариф продлен, списано 8015 тг. Следующее списание 10.4",ru,safe,legitimate,synthetic_template_kz,1
747,Бесплатная диагностика организма в нашей клинике. Запись на сeгодня +7 756 645 98 53,ru,suspicious,grey_marketing,synthetic_template_kz,1
748,Спасибо за покупку! Чек доступен на halykbank.kz,ru,safe,legitimate,synthetic_template_kz,1
749,Сіздің оқуыңыз бен жұмыс жүктемеңіз туралы есеп беріңіз.,kk,safe,legitimate,github_Yerassyl04_Spam-kazakh,0
750,Kaspi Магазин: тауарыңыз сатылды. 18 700 тг алу үшін өтіңіз bonus-kz.click,kk,scam,kaspi_scam,synthetic_template_kz,1
751,Жаңа технологиялар туралы білім алыңыз.,kk,safe,legitimate,github_Yerassyl04_Spam-kazakh,0
752,Служба безопасности Halyk Bank: подозрительный перевод на 5 000 000 тг. Свяжитесь с оператором +7 746 124 65 98 немедленно,ru,scam,fake_bank,synthetic_template_kz,1
753,Құрметті клиент! *2326 картаңыз күдікті операцияға байланысты бұғатталды. Бұғаттан шығару: kz-vyigrysh.net,kk,scam,fake_bank,synthetic_template_kz,1
754,"қаңтар айына коммуналдық төлем қабылданды, сома 87 100 тг",kk,safe,legitimate,synthetic_template_kz,1
755,Уважаемый клиент! Каpтa *3783 заблокирована по подозрению в мошенничестве. Для разблокировки перейдите halyk-verify.xyz срoчно,ru,scam,fake_bank,synthetic_template_kz,1
756,Құрметті клиент! *5872 картаңыз күдікті операцияға байланысты бұғатталды. Бұғаттан шығару: forte-cabinet.pro,kk,scam,fake_bank,synthetic_template_kz,1
757,"Санжар, сізге 22 500 тг төлем мақұлданды. Деректерді осында енгізіңіз kaspi-bonus.top",kk,scam,fake_prize,synthetic_template_kz,1
758,"наурыз айына коммуналдық төлем қабылданды, сома 37 000 тг",kk,safe,legitimate,synthetic_template_kz,1
759,Ваш номеp выбран победителем акции Tele2! Приз 44 500 тг. Подтвердите: halyk-verify.xyz,ru,scam,fake_prize,synthetic_template_kz,1
760,Kaspi: код 200572. Ешкімге айтпаңыз.,kk,safe,legitimate,synthetic_template_kz,1
761,"УРА! Гульнара, вам одобрена выплата 18 000 тг. Реквизиты укажите тут kaspi-gold.site",ru,scam,fake_prize,synthetic_template_kz,1
762,"Несие бойынша сақтандыруды қайтару. Өтемақы тиесілі ме, тексеріңіз: +7 726 390 82 88",kk,suspicious,grey_marketing,synthetic_template_kz,1
763,Tele2: срок действия SIM истекает. Продлите регистрацию egov-kz.online,ru,scam,phishing,synthetic_template_kz,1
764,Kaspi: код 814774. Ешкімге айтпaңыз.,kk,safe,legitimate,synthetic_template_kz,1
765,Бүгін ауа райы өте керемет.,kk,safe,legitimate,github_Yerassyl04_Spam-kazakh,0
766,Kaspi Red: рассрочка на 45 000 тг оформлена. Отменить enpf-vyplata.ru,ru,scam,kaspi_scam,synthetic_template_kz,1
767,Бесплатная диагностика организма в нашей клинике. Запись на сегодня +7 718 420 64 33,ru,suspicious,grey_marketing,synthetic_template_kz,1
768,"Такси прибыло. Kia Rio, гос. номер 683 EZC 08",ru,safe,legitimate,synthetic_template_kz,1
769,Kaspi Gold: код 229598. Ешкімге айтпаңыз. Егер бұл сіз болмасаңыз +7 755 795 92 80 нөміріне қоңырау шалыңыз,kk,scam,kaspi_scam,synthetic_template_kz,1
770,Курсы трейдинга. Первое занятие бесплатно. Запись +7 780 545 46 29,ru,suspicious,grey_marketing,synthetic_template_kz,1
771,Kaspi: кoд 668600. Никoму не сoобщайте.,ru,safe,legitimate,synthetic_template_kz,1
772,"Сәлеметсіз бе, Kaspi-дегі хабарландыру бойынша жазып тұрмын. Төледім, сілтеме арқылы растаңыз kaspi-gold.site",kk,scam,kaspi_scam,synthetic_template_kz,1
773,БЖЗҚ дерекқоры жаңартылды. Сізге 47 000 тг төлем есептелді. Алу: enpf-vyplata.ru,kk,scam,phishing,synthetic_template_kz,1
774,"Үйден жұмыс, аптасына 4 000 000 tг табыс. WhatsApp +7 789 779 14 98 жазыңыз",kk,suspicious,grey_marketing,synthetic_template_kz,1
775,Сіздің нөміріңіз жеңімпаз болып табылады!,kk,suspicious,grey_marketing,github_Yerassyl04_Spam-kazakh,0
776,"Қайырлы кеш, мәтінді оқыңыз",kk,safe,legitimate,github_Yerassyl04_Spam-kazakh,0
777,"Қызметкерлер қажет, кесте еркін, күнделікті төлем 32 000 тг. Telegram +7 739 900 76 48",kk,suspicious,grey_marketing,synthetic_template_kz,1
778,Нөміріңіз Beeline акциясының жеңімпазы атанды! Жүлде 70 600 тг. Растаңыз: k-vyigrysh.net,kk,scam,fake_prize,synthetic_template_kz,1
779,"Әйгерім, сізге 4 000 000 тг төлем мақұлданды. Деректерді осында енгізіңіз gov-kz.support",kk,scam,fake_prize,synthetic_template_kz,1
780,Біздің арнайы жиналысқа шақыру!,kk,suspicious,grey_marketing,github_Yerassyl04_Spam-kazakh,0
781,Только сегодня! Скидка 81% на все товары в Wildberries. Успей до полуночи,ru,suspicious,grey_marketing,synthetic_template_kz,1
782,"Beeline: 16 ГБ және 466 минут қалды, 14.7 дейін",kk,safe,legitimate,synthetic_template_kz,1
783,"izi: тариф продлен, списано 7249 тг. Следующее списание 27.10",ru,safe,legitimate,synthetic_template_kz,1
784,Қысқа сауалнамадан өтіп өзіннің кім екеніңізді анықтаңыз,kk,suspicious,grey_marketing,github_Yerassyl04_Spam-kazakh,0
785,Курсы трейдинга. Первое занятие бесплатно. Запись +7 769 989 62 32,ru,suspicious,grey_marketing,synthetic_template_kz,1
786,Tele2: подключена подписка за 524 тг/нед. Отключить *817# !!!,ru,suspicious,grey_marketing,synthetic_template_kz,1
787,Бесплатная диагностика организма в нашей клинике. Запись на сегодня +7 734 973 65 50,ru,suspicious,grey_marketing,synthetic_template_kz,1
788,Мерейтойлық ұтыс! Сізге 9 000 000 тг бонус есептелді. Шығару үшін 9016 тг комиссия төлеңіз,kk,scam,fake_prize,synthetic_template_kz,1
789,Құпия ұсыныс: шектеулі уақытқа 3000 теңге жеңілдігі!,kk,suspicious,grey_marketing,github_Yerassyl04_Spam-kazakh,0
790,"Құпиясауалнамадан өтіп, ақша ұтып ал",kk,suspicious,grey_marketing,github_Yerassyl04_Spam-kazakh,0
791,"Занятие по физике переносится на 18:00, аудитория 160",ru,safe,legitimate,synthetic_template_kz,1
792,"SE-2428 тобының жиналысы 13:00-де, 1 корпус",kk,safe,legitimate,synthetic_template_kz,1
793,ЖСН нөміріңіз заңсыз операцияда қолданылған. Тергеуші хабарласады: +7 792 836 42 14. Үшінші тұлғаларға айтпаңыз,kk,scam,fake_police,synthetic_template_kz,1
794,"Kaspi Bank: зафиксирована попытка входа в ваш кабинет с ноBого устройства. Если это не вы, подтвердите личность: wb-kz-prize.shop",ru,scam,fake_bank,synthetic_template_kz,1
795,"Kaspi Bank: зафиксирована попытка входа в ваш кабинет с нового устройства. Если это не вы, подтвердите личность: forte-cabinet.pro",ru,scam,fake_bank,synthetic_template_kz,1
796,Kaspi: код 961767. Ешкімге айтпаңыз.,kk,safe,legitimate,synthetic_template_kz,1
797,"Tele2: 14 ГБ және 99 минут қалды, 24.7 дейін",kk,safe,legitimate,synthetic_template_kz,1
798,Kaspi Postomat: неверный адрес доставки. Уточните данные egov-kz.online иначе заказ вернется отправителю,ru,scam,phishing,synthetic_template_kz,1
799,eGov: ваша справка готова. Скачать в мобильном приложении или на tele2.kz,ru,safe,legitimate,synthetic_template_kz,1
800,"Altel: тариф ұзартылды, 7283 тг есептен шығарылды",kk,safe,legitimate,synthetic_template_kz,1
801,"Tele2: тариф прoдлeH, списано 6503 тг. Следующее списание 27.6",ru,safe,legitimate,synthetic_template_kz,1
802,"Несие бойынша сақтандыруды қайтару. Өтемақы тиесілі ме, тексеріңіз: +7 791 500 30 75",kk,suspicious,grey_marketing,synthetic_template_kz,1
803,БЖЗҚ дерекқоры жаңартылды. Сізге 35 000 тг төлем есептелді. Алу: enpf-vyplata.ru,kk,scam,phishing,synthetic_template_kz,1
804,Eurasian Bank. 8 000 000 тг есептен шығау бекітілді. Болдырмау үшін: gov-kz.support,kk,scam,fake_bank,synthetic_template_kz,1
805,Ваша заявка на карту рассмотрена. Перезвоните +7 752 557 44 70 для активации,ru,suspicious,grey_marketing,synthetic_template_kz,1
806,Отбасыңызбен бірге тамаша демалыс өткізіңіз!,kk,safe,legitimate,github_Yerassyl04_Spam-kazakh,0
807,"Данияр, сізге 58 100 тг жеке несие лимиті қолжетімді. Толығырақ қосымшада",kk,suspicious,grey_marketing,synthetic_template_kz,1
808,Kaspi: код 372973. Никому не сообщайте.,ru,safe,legitimate,synthetic_template_kz,1
809,"Возврат страховки по кредиту. Проверьте, положена ли вам компенсация: +7 756 501 24 55 🔴",ru,suspicious,grey_marketing,synthetic_template_kz,1
810,Саtып алғаныңыз үшін рахмет! Түбіртек forte.kz сайтында,kk,safe,legitimate,synthetic_template_kz,1
811,Ваш счет будет закрыт сегодня до 18:00 из-за неподтвержденных данных. Обновите анкету: forte-cabinet . pro,ru,scam,fake_bank,synthetic_template_kz,1
812,Altel: SIM картаңыздың мерзімі бітуде. Тіркеуді ұзартыңыз beeline-bonus.icu,kk,scam,phishing,synthetic_template_kz,1
813,Только сегодня! Скидка 65% на все товары в Ozon. Успей до полуночи,ru,suspicious,grey_marketing,synthetic_template_kz,1
814,Қалада өтетін мәдени шаралар туралы ақпарат.,kk,safe,legitimate,github_Yerassyl04_Spam-kazakh,0
815,Kaspi: код 494242. Ешкімге айтпаңыз.,kk,safe,legitimate,synthetic_template_kz,1
816,Kaspi: перевод 56 100 тг от Айгерим ожидает подтверждения. Подтвердить: kaspi.kz.secure-login.cc,ru,scam,kaspi_scam,synthetic_template_kz,1
817,AliExpress: посылка задержана на таможне. Оплатите пошлину 879 тг: halyk-verify.xyz,ru,scam,phishing,synthetic_template_kz,1
818,Kaspi  Магазин:  ваш товар продан. Для получения 8 000 000 тг перейдите halykbank.kz.verify.top,ru,scam,kaspi_scam,synthetic_template_kz,1
819,"Такси  прибыло.  Chevrolet Cobalt, гос. номер 578 SAK 09",ru,safe,legitimate,synthetic_template_kz,1
820,Салық берешегі 42 000 тг. Онлайн өтеу: bonus-kz.click,kk,scam,phishing,synthetic_template_kz,1
821,Сіздің оқуыңыздың нәтижелері қалай?,kk,safe,legitimate,github_Yerassyl04_Spam-kazakh,0
822,"izi: тариф ұзартылды, 7095 тг есептен шығарылды",kk,safe,legitimate,synthetic_template_kz,1
823,Вaш номер выбрaн побeдителем акции Beeline! Приз 4 000 000 тг. Подтвердите: halyk-verify.xyz,ru,scam,fake_prize,synthetic_template_kz,1
824,Құрметті клиент! *9786 картаңыз күдікті операцияға байланысты бұғатталды. Бұғаттан шығару: egov-kz.online,kk,scam,fake_bank,synthetic_template_kz,1
825,Еске салу: оқу ақысын 3.7 дейін төлеу қажет. Сома 9 000 тг,kk,safe,legitimate,synthetic_template_kz,1
826,БЖЗҚ дерекқоры жаңартылды. Сізге 49 000 тг төлем есептелді. Алу: enpf-vyplata.ru,kk,scam,phishing,synthetic_template_kz,1
827,Ваш номер выбран победителем акции Beeline! Приз 6 000 000 тг. Подтвердите: kaspi-bonus.top,ru,scam,fake_prize,synthetic_template_kz,1
828,"Kaspi Gold: код 856586. Никому не сообщайте. Если это не вы, звоните +7 736 570 90 45",ru,scam,kaspi_scam,synthetic_template_kz,1
829,"Freedom Bank: 79 000 тг несие мақұлданды. Өтініш бермеген болсаңыз, бас тартыңыз halykbank.kz.verify.top",kk,scam,fake_bank,synthetic_template_kz,1
830,Activ: остаток 18 ГБ и 295 минут до 26.4,ru,safe,legitimate,synthetic_template_kz,1
831,Только  сегодня!  Скидка 32% на все товары в Kaspi Магазин. Успей до полуночи,ru,suspicious,grey_marketing,synthetic_template_kz,1
832,Boxberry: жеткізy мекенжайы қате. Деректерді нақтылаңыз wb-kz-prize.shop,kk,scam,phishing,synthetic_template_kz,1
833,ЖСН нөміріңіз заңсыз операцияда қолданылған. Тергеуші хабарласады: +7 717 948 55 13. Үшінші тұлғаларға айтпаңыз,kk,scam,fake_police,synthetic_template_kz,1
834,Обновление базы ЕНПФ. Вам начислена выплата 1 000 000 тг. Получить: jusan-secure.info,ru,scam,phishing,synthetic_template_kz,1
835,"Инвестиции  от  24 000 тг, доход 47% в месяц. Консультация +7 787 747 87 43",ru,suspicious,grey_marketing,synthetic_template_kz,1
836,"Өтінемін, мүмкіндік беріңіз",kk,safe,legitimate,github_Yerassyl04_Spam-kazakh,0
837,"Halyk Bank: одобрен кредит на 60 000 тг. Если вы не подавали заявку, отмените здесь enpf-vyplata.ru",ru,scam,fake_bank,synthetic_template_kz,1
838,"Сізге алаяқтар несие рәсімдеген. Істі eGov жүргізуде, оператор +7 737 516 92 54",kk,scam,fake_police,synthetic_template_kz,1
839,"Ерлан, сізге 14 000 тг төлем мақұлданды. Деректерді осында енгізіңіз egov-kz.online",kk,scam,fake_prize,synthetic_template_kz,1
840,Ваш  код  подтверждения для входа: 332032,ru,safe,legitimate,synthetic_template_kz,1
841,Бесплaтная диагностика оргaнизма в нашей клинике. Запись на сегодня +7 768 865 69 70,ru,suspicious,grey_marketing,synthetic_template_kz,1
842,Клиникамызда тегін диагностика. Бүгінге жаылу +7 771 277 71 70,kk,suspicious,grey_marketing,synthetic_template_kz,1
843,Яндекс Доставка: неверный адрес доставки. Уточните данные kaspi-bonus.top иначе заказ вернется отправителю,ru,scam,phishing,synthetic_template_kz,1
844,"УРА! Гульнара, вам одобpена выплатa 77 500 тг. Реквизиты укажите tут jusan-secure.info",ru,scam,fake_prize,synthetic_template_kz,1
845,Еске  салу:  оқу ақысын 8.4 дейін төлеу қажет. Сома 21 000 тг,kk,safe,legitimate,synthetic_template_kz,1
846,ІІМ: сіздің атыңызға іс қозғалды. Танысу үшін enpf-vyplata.ru,kk,scam,fake_police,synthetic_template_kz,1
847,Служба судебных исполнителей: на ваше имя заведено производство. Явитесь или ознакомьтесь halykbank.kz.verify.top !!!,ru,scam,fake_police,synthetic_template_kz,1
848,БЖЗҚ дерекқоры жаңартылды. Сізге 90 000 тг төлем есептелді. Алу: kaspi-bonus.top,kk,scam,phishing,synthetic_template_kz,1
849,AliExpress: посылка задержана на таможне. Оплатите пошлину 2672 тг: halyk-verify.xyz,ru,scam,phishing,synthetic_template_kz,1
850,Kaspi Магазин: ваш товар продан. Для получения 63 800 тг перейдите enpf-vyplata.ru,ru,scam,kaspi_scam,synthetic_template_kz,1
851,Клиникамызда тегін диагностика. Бүгінге жазылу +7 753 956 69 97,kk,suspicious,grey_marketing,synthetic_template_kz,1
852,"Ана, мен кешігемін, шамамен 20-де боламын",kk,safe,legitimate,synthetic_template_kz,1
853,Вам поступил Kaspi Bonus 9% на 32 000 тг. Активация halykbank.kz.verify.top,ru,scam,kaspi_scam,synthetic_template_kz,1
854,Пополнение 18 400 тг на карту *8007. Баланс 46 700 тг,ru,safe,legitimate,synthetic_template_kz,1
855,Заработок из дома от 90 000 тг в неделю. Пишите в WhatsApp +7 706 585 83 13,ru,suspicious,grey_marketing,synthetic_template_kz,1
856,Пополнение 45 900 тг на карту *6768. Балaнс 9 000 000 тг,ru,safe,legitimate,synthetic_template_kz,1
857,Одобрен займ до 9 000 тг без справок и залога. Оформить за 5 минут: wildberries.kz 🔴,ru,suspicious,grey_marketing,synthetic_template_kz,1
858,Вы получили сертификат Ozon на 2 000 000 тг. Активировать в течение 30 минут: kaspi-bonus.top,ru,scam,fake_prize,synthetic_template_kz,1
859,Kaspi Магазин: тауарыңыз сатылды. 27 000 тг алу үшін өтіңіз gov-kz.support,kk,scam,kaspi_scam,synthetic_template_kz,1
860,Яндекс Доставка: неверный адрес доставки. Уточните данные bonus-kz.click иначе заказ вернется отправителю,ru,scam,phishing,synthetic_template_kz,1
861,Поздравляем! Вы выиграли 4 000 000 тг в розыгрыше Otbasy Bank. Забрать приз: wb-kz-prize.shop,ru,scam,fake_prize,synthetic_template_kz,1
862,eGov: на ваше имя заведено производство. Явитесь или ознакомьтесь kaspi-gold.site,ru,scam,fake_police,synthetic_template_kz,1
863,Только сегодня! Скидка 55% на все товары в AliExpress. Успей до полуночи,ru,suspicious,grey_marketing,synthetic_template_kz,1
864,Сіздің хатыңыз жүлде ұтып алу үшін таңдалды!,kk,suspicious,grey_marketing,github_Yerassyl04_Spam-kazakh,0
865,"Здравствуйте, я по объявлению на Kaspi. Уже оплатил, подтвердите получение по ссылке beeline-bonus.icu",ru,scam,kaspi_scam,synthetic_template_kz,1
866,"Оплата  ЖКХ  за май принята, сумма 61 000 тг",ru,safe,legitimate,synthetic_template_kz,1
867,"На вас оформлен кредит мошенниками. Дело ведет Антифрод-центр, оператор +7 731 934 89 58",ru,scam,fake_police,synthetic_template_kz,1
868,eGov: сіздің атыңызға іс қозғалды. ТаHысу үшін wb-kz-prize.shop,kk,scam,fake_police,synthetic_template_kz,1
869,"Несие бойынша сақтандыруды қайтару. Өтемақы тиесілі ме, тексеріңіз: +7 749 581 54 52",kk,suspicious,grey_marketing,synthetic_template_kz,1
870,Оқу жоспарыңыз бен курстарыңыздың мерзімдері.,kk,safe,legitimate,github_Yerassyl04_Spam-kazakh,0
871,"Eurasian Bank: пoкупка 1 000 000 тг, kарта *3054. Доступно 58 000 тг",ru,safe,legitimate,synthetic_template_kz,1
872,"Қызметкерлер қажет, кесте еркін, күнделікті төлем 28 000 тг. Telegram +7 709 601 13 85",kk,suspicious,grey_marketing,synthetic_template_kz,1
873,Kaspi: код 330177. Никому не сообщайте.,ru,safe,legitimate,synthetic_template_kz,1
874,Кезекті жеңімпаз болу үшін тіркеліңіз!,kk,suspicious,grey_marketing,github_Yerassyl04_Spam-kazakh,0
875,Уведомление о штрафе 88 900 тг за нарушение ПДД. Оплата со скидкой 50%: jusan-secure.info,ru,scam,fake_police,synthetic_template_kz,1
876,Только сегодня! Скидка 30% на все товары в Temu. Успей до полуночи,ru,suspicious,grey_marketing,synthetic_template_kz,1
877,"Сізге алаяқтар несие рәсімдеген. Істі eGov жүргізуде, оператор +7 732 958 30 48.",kk,scam,fake_police,synthetic_template_kz,1
878,"42 000 тг бастап инвестиция, айына 44% табыс. Кеңес +7 723 242 51 33",kk,suspicious,grey_marketing,synthetic_template_kz,1
879,"Такси прибыло. Chevrolet Cobalt, гос. номер 662 ZCY 07",ru,safe,legitimate,synthetic_template_kz,1
880,Специальное предложение: сіздің қолыңызда шектеулі сома!,kk,suspicious,grey_marketing,github_Yerassyl04_Spam-kazakh,0
881,Altel: остаток 10 ГБ и 710 минут до 26.3,ru,safe,legitimate,synthetic_template_kz,1
882,Вы 1000-й посетитель! Заберите iPhone 13 бесплатно: enpf-vyplata.ru,ru,scam,fake_prize,synthetic_template_kz,1
883,Заработок из дома от 53 000 тг в неделю. Пишите в WhatsApp +7 753 343 42 11,ru,suspicious,grey_marketing,synthetic_template_kz,1
884,Кіру үшін растау кодыңыз: 785456,kk,safe,legitimate,synthetic_template_kz,1
885,"На вас оформлен кредит мошенниками. Дело ведет КНБ РК, оператор +7 709 935 36 53",ru,scam,fake_police,synthetic_template_kz,1
886,НӨМІРІҢІЗ ALTEL АКЦИЯСЫНЫҢ ЖЕҢІМПАЗЫ АТАНДЫ! ЖҮЛДЕ 3 000 000 ТГ. РАСТАҢЫЗ: JUSAN-SECURE.INFO,kk,scam,fake_prize,synthetic_template_kz,1
887,Кіpy үшін растaу кодыңыз: 55194,kk,safe,legitimate,synthetic_template_kz,1
888,Сіз 1000-шы келуші болдыңыз! iPhone 13 тегін алыңыз: wb-kz-prize.shop,kk,scam,fake_prize,synthetic_template_kz,1
889,Напоминание: срoк оплаtы за обучение до 5.7. Сумма 56 000 тг,ru,safe,legitimate,synthetic_template_kz,1
890,"Сотрудник банка свяжется с вами по номеру +7 748 921 20 96. Не сообщайте код никому, кроме специалиста",ru,scam,fake_bank,synthetic_template_kz,1
891,"Halyk Bank: покупка 9 000 000 тг, карта *7882. Доступно 20 000 тг",ru,safe,legitimate,synthetic_template_kz,1
892,"Инвестиции от 64 000 тг, доход 37% в месяц. Консультация +7 749 170 70 91",ru,suspicious,grey_marketing,synthetic_template_kz,1
893,Ваш счет будет закрыт до конца дня из-за неподтвержденных данных. Обновите анкету: kz-vyigrysh.net,ru,scam,fake_bank,synthetic_template_kz,1
894,Уведомление о штрафе 35 000 тг за нарушение ПДД. Оплата со скидкой 50%: gov-kz.support,ru,scam,fake_police,synthetic_template_kz,1
895,Сіз  1000-шы  келуші болдыңыз! iPhone 16 тегін алыңыз: forte-cabinet.pro,kk,scam,fake_prize,synthetic_template_kz,1
896,Деректеріңіз расталмағандықтан шотыңыз бүгін 18:00-ге дейін жабылады. Сауалнаманы жаңартыңыз: egov-kz.online,kk,scam,fake_bank,synthetic_template_kz,1
897,"Сәлеметсіз бе, Жанна! Ертең сағат 13:00-де дәрігерге жазылғаныңызды еске саламыз",kk,safe,legitimate,synthetic_template_kz,1
898,Только сегодня! Скидка 89% на все товары в Wildberries. Успей до полуночи,ru,suspicious,grey_marketing,synthetic_template_kz,1
899,"Bereke Bank: 89 000 тг сатып алу, карта *4122. Қолжетімді 57 000 тг",kk,safe,legitimate,synthetic_template_kz,1
900,Beeline: oстаток 2 ГБ и 684 минут до 12.4,ru,safe,legitimate,synthetic_template_kz,1
901,Сіз 1000-шы келуші болдыңыз! iPhone 17 тегін алыңыз: kz-vyigrysh.net,kk,scam,fake_prize,synthetic_template_kz,1
902,Сізге арнап жаңа ұтыс!,kk,scam,fake_prize,github_Yerassyl04_Spam-kazakh,0
903,Сіз 1000-шы келуші болдыңыз! iPhone 13 тегін алыңыз: forte-cabinet.pro,kk,scam,fake_prize,synthetic_template_kz,1
904,Tele2: остаток 10 ГБ и 395 минут до 9.7,ru,safe,legitimate,synthetic_template_kz,1
905,"наурыз айына коммуналдық төлeм қабылданды, сома 22 700 тг",kk,safe,legitimate,synthetic_template_kz,1
906,Келесі аптада болатын кездесуді жоспарлаңыз.,kk,safe,legitimate,github_Yerassyl04_Spam-kazakh,0
907,"Қызметкерлер қажет, кесте еркін, күнделікті төлем 17 000 тг. Telegram +7 739 127 93 36",kk,suspicious,grey_marketing,synthetic_template_kz,1
908,"Внимание! Ваша карта *8563 скомпрометирована. Переведите средства на резервный счет, инструкция: enpf-vyplata.ru",ru,scam,fake_bank,synthetic_template_kz,1
909,"Данияр, сізге 48 000 тг жеке несие лимиті қолжетімді. Толығырақ қосымшада",kk,suspicious,grey_marketing,synthetic_template_kz,1
910,Трейдинг курстары. Бірінші сабақ тегін. Тіркелy +7 725 910 57 74,kk,suspicious,grey_marketing,synthetic_template_kz,1
911,Ваш аккаунт eGov будет удален до 23:59. Подтвердите ИИН: beeline-bonus.icu,ru,scam,phishing,synthetic_template_kz,1
912,Служба безопасности Eurasian Bank: подозрительный перевод на 28 000 тг. Свяжитесь с оператором +7 757 513 86 80 немедленно,ru,scam,fake_bank,synthetic_template_kz,1
913,Сізге 6 000 000 тг сомасына Kaspi Bonus 14% түсті. Белсендіру kaspi-bonus.top,kk,scam,kaspi_scam,synthetic_template_kz,1
914,"Крипто-сигналы  с  точностью 91%. Первый месяц бесплатно, канал по ссылке в профиле",ru,suspicious,grey_marketing,synthetic_template_kz,1
915,№38180 іс бойынша сотқа шақыру. Іс материалдары: kaspi-gold.site,kk,scam,fake_police,synthetic_template_kz,1
916,Антифрод-центр: на ваше имя заведено производство. Явитесь или ознакомьтесь kaspi.kz.secure-login.cc,ru,scam,fake_police,synthetic_template_kz,1
917,Пополнение 43 000 тг на карту *6879. Баланс 51 000 тг,ru,safe,legitimate,synthetic_template_kz,1
918,Нөміpіңіз зейнеtақыны қайта есептеуге қатысады. Форманы толтыpыңыз kaspi-gold.site,kk,scam,phishing,synthetic_template_kz,1
919,Салық берешегі 9 000 000 тг. ОHлайH өтeу: kaspi.kz.secure-login.cc,kk,scam,phishing,synthetic_template_kz,1
920,Activ: остаток 22 ГБ и 293 минут до 5.3,ru,safe,legitimate,synthetic_template_kz,1
921,"ACTIV: ТАРИФ ПРОДЛЕН, СПИСАНО 7837 ТГ. СЛЕДУЮЩЕЕ СПИСАНИЕ 17.5",ru,safe,legitimate,synthetic_template_kz,1
922,Обновление базы ЕНПФ. Вам начислена выплата 82 000 тг. Получить: halyk-verify.xyz,ru,scam,phishing,synthetic_template_kz,1
923,"Занятиe по английскому переносится на 16:00, аyдиtория 237",ru,safe,legitimate,synthetic_template_kz,1
924,Мына кітапты алып оқы,kk,safe,legitimate,github_Yerassyl04_Spam-kazakh,0
925,"SE-2421 тобының жиналысы 10:00-де, 1 крпус",kk,safe,legitimate,synthetic_template_kz,1
926,Нөміріңіз Altel акциясының жеңімпазы атанды! Жүлде 79 000 тг. Растаңыз: enpf-vyplata.ru,kk,scam,fake_prize,synthetic_template_kz,1
927,Курсы трейдинга. Первое занятие бесплатно. Запись +7 776 289 44 61,ru,suspicious,grey_marketing,synthetic_template_kz,1
928,eGov: ваша справка готова. Скачать в мобильном приложении или на jusan.kz,ru,safe,legitimate,synthetic_template_kz,1
929,БЖЗҚ дерекқоры жаңартылды. Сізге 35 700 тг төлем есептелді. Алу: enpf-vyplata.ru,kk,scam,phishing,synthetic_template_kz,1
930,Wildberries: сәлемдемеңіз кеденде тұр. 2930 тг баж салығын төлеңіз: jusan-secure.info ⚠️,kk,scam,phishing,synthetic_template_kz,1
931,Вы получили сертификат Ozon на 56 000 тг. Активировать сегодня до 18:00: kaspi.kz.secure-login.cc,ru,scam,fake_prize,synthetic_template_kz,1
932,eGov  аккаунтыңыз  күн соңына дейін жойылады. ЖСН растаңыз: wb-kz-prize.shop,kk,scam,phishing,synthetic_template_kz,1
933,"Несие бойынша сақтандыруды қайтару. Өтемақы тиесілі ме, тексеріңіз: +7 708 926 64 72",kk,suspicious,grey_marketing,synthetic_template_kz,1
934,Нөміріңіз зейнетақыны қайта еептеуге қатысады. Форманы толтырыңыз kz-vyigrysh.net,kk,scam,phishing,synthetic_template_kz,1
935,Жұмыстарды келесі аптаға дейін жасаңыз,kk,safe,legitimate,github_Yerassyl04_Spam-kazakh,0
936,Нөміріңіз izi акциясының жеңімпазы атанды! Жүлде 32 700 тг. Растаңыз: halyk-verify.xyz,kk,scam,fake_prize,synthetic_template_kz,1
937,Заработок из дома от 38 000 тг в неделю. Пишите в WhatsApp +7 716 695 13 88,ru,suspicious,grey_marketing,synthetic_template_kz,1
938,eGov аккаунтыңыз күн соңына дейін жойылады. ЖСН растаңыз: kz-vyigrysh.net,kk,scam,phishing,synthetic_template_kz,1
939,Бүгінгі жаттығу жоспарыңызды ұмытпаңыз!,kk,safe,legitimate,github_Yerassyl04_Spam-kazakh,0
940,Kaspi Магазин: сәлемдемеңіз кеденде тұр. 1450 тг баж салығын төлеңіз: kaspi-bonus.top,kk,scam,phishing,synthetic_template_kz,1
941,Напоминание: срок оплаты за обучение до 10.4. Сумма 37 000 тг,ru,safe,legitimate,synthetic_template_kz,1
942,"Возврат страховки по кредиtу. ПроBерьте, положена ли вам компенсация: +7 741 389 16 54",ru,suspicious,grey_marketing,synthetic_template_kz,1
943,"Несие бойынша сақтандыруды қайтару. Өтемақы тиесілі ме, тексеріңіз: +7 737 861 10 78",kk,suspicious,grey_marketing,synthetic_template_kz,1
944,Kaspi Postomat: жеткізу мекенжайы қате. Деректерді нақтылаңыз beeline-bonus.icu,kk,scam,phishing,synthetic_template_kz,1
945,"Kaspi Gold: код 131846. Никому не сообщайте. Если это не вы, звоните +7 758 941 16 59",ru,scam,kaspi_scam,synthetic_template_kz,1
946,Kaspi Red: 7 000 000 тг бөліп төлеу рәсімделді. Болдырмау kaspi.kz.secure-login.cc,kk,scam,kaspi_scam,synthetic_template_kz,1
947,"Қызметкерлер қажет, кесте еркін, күнделікті төлем 19 000 тг. Telegram +7 740 736 88 93.",kk,suspicious,grey_marketing,synthetic_template_kz,1
948,"ForteBank: 24 000 тг несие мақұлданды. Өтініш бермеген болсаңыз, бас тартыңыз forte-cabinet.pro",kk,scam,fake_bank,synthetic_template_kz,1
949,ЖҚЕ бұзғаны үшін 53 000 тг айыппұл. 50% жеңілдікпен төлеу: bonus-kz.click.,kk,scam,fake_police,synthetic_template_kz,1
950,Пополнение 34 000 тг на карту *3870. Баланс 70 000 тг,ru,safe,legitimate,synthetic_template_kz,1
951,Ваш заказ №661646 прибыл в пункт выдачи Казпочта. Забрать в течение 5 дней,ru,safe,legitimate,synthetic_template_kz,1
952,Салық берешегі 13 700 тг. Онлайн өтеу: egov-kz.online,kk,scam,phishing,synthetic_template_kz,1
953,Bank RBK. 32 000 тг eсептеH шығару бекітілді. Болдырmау үшін: wb-kz-prize.shop,kk,scam,fake_bank,synthetic_template_kz,1
954,"Eurasian Bank: покупка 89 400 тг, карта *6722. Доступно 98 400 тг",ru,safe,legitimate,synthetic_template_kz,1
955,Ваш заказ №157355 прибыл в пункт выдачи Яндекс Доставка. Забрать в течение 5 дней,ru,safe,legitimate,synthetic_template_kz,1
956,Мерейтойлық ұтыс! Сізге 6 000 000 тг бонус есептелді. Шығару үшін 7231 тг комиссия төлеңіз,kk,scam,fake_prize,synthetic_template_kz,1
957,"Halyk Bank: 91 000 тг сатып алу, карта *4542. Қолжетімді 80 000 тг",kk,safe,legitimate,synthetic_template_kz,1
958,"Здравствуйте, Ерлан! Напоминаем о записи к врачу завтра в 10:00",ru,safe,legitimate,synthetic_template_kz,1
959,Трейдинг курстары. Бірінші сабақ тегін. Тіркелу +7 760 278 30 53,kk,suspicious,grey_marketing,synthetic_template_kz,1
960,"Altel: тариф продлен, списано 2221 тг. Следующее списание 13.5",ru,safe,legitimate,synthetic_template_kz,1
961,Бесплатная диагностика организма в нашей клинике. Запись на сегодня +7 779 531 55 91,ru,suspicious,grey_marketing,synthetic_template_kz,1
962,"Возврат страховки по кредиту. Проверьте, положена ли вам компенсация: +7 757 545 41 73",ru,suspicious,grey_marketing,synthetic_template_kz,1
963,"Eurasian Bank: 5 000 000 тг несие мақұлданды. Өтініш бермеген болсаңыз, бас тартыңыз gov-kz.support",kk,scam,fake_bank,synthetic_template_kz,1
964,Розыгрыш к 30-летию! Вам начислен бонус 3 000 000 тг. Для вывода оплатите комиссию 6463 тг,ru,scam,fake_prize,synthetic_template_kz,1
965,Beeline: остаток 24 ГБ и 502 минут до 27.8,ru,safe,legitimate,synthetic_template_kz,1
966,"Hayk Bank: 3 000 000 тг сатып алу, карта *7021. Қолжетімді 47 000 тг",kk,safe,legitimate,synthetic_template_kz,1
967,"На вас оформлен кредит мошенниками. Дело ведет Антифрод-центр, оператор +7 786 684 10 90",ru,scam,fake_police,synthetic_template_kz,1
968,Сіз үшін жаңа курстар мен семинарлар.,kk,safe,legitimate,github_Yerassyl04_Spam-kazakh,0
969,"На вас оформлен кредит мошенниками. Дело ведет Комитет госдоходов, оператор +7 785 678 89 95",ru,scam,fake_police,synthetic_template_kz,1
970,Altel: срок действия SIM истекает. Продлите регистрацию wb-kz-prize.shop,ru,scam,phishing,synthetic_template_kz,1
971,izi: аптасына 685 тг жазылым қосылды. Өшіру *924#,kk,suspicious,grey_marketing,synthetic_template_kz,1
972,Вам поступил Kaspi Bonus 20% на 95 000 тг. Активация gov-kz.support,ru,scam,kaspi_scam,synthetic_template_kz,1
973,Құрметті клиент! *2900 картаңыз күдікті операцияға байланысты бұғатталды. Бұғаттан шығару: forte-cabinet.pro,kk,scam,fake_bank,synthetic_template_kz,1
974,БЖЗҚ дерекқоры жаңартылды. Сізге 37 800 тг төлем есептелді. Алу: halyk-verify.xyz,kk,scam,phishing,synthetic_template_kz,1
975,Анықтамасыз және кепілсіз 5 000 000 тг дейін қарыз мақұлданды. 5 минутта рәсімдеу: jusan.kz,kk,suspicious,grey_marketing,synthetic_template_kz,1
976,Сілтемеге өтіп миллионер атан!,kk,scam,fake_prize,github_Yerassyl04_Spam-kazakh,0
977,Halyk Bank қауіпcіздік қызметі: 1 000 000 тг күдікті аударым. +7 713 949 67 43 нөміріне жедeл хaбарласыңыз,kk,scam,fake_bank,synthetic_template_kz,1
978,Налоговая задолженность 36 500 тг. Погасить онлайн: bonus-kz.click,ru,scam,phishing,synthetic_template_kz,1
979,Заработок из дома от 5 000 000 тг в неделю. Пишите в WhatsApp +7 779 953 66 28,ru,suspicious,grey_marketing,synthetic_template_kz,1
980,Kaspi: код 183177. Никому не сообщайте.,ru,safe,legitimate,synthetic_template_kz,1
981,Kaspi: код 322821. Ешкімге айтпаңыз.,kk,safe,legitimate,synthetic_template_kz,1
982,Ваша заявка на карту рассмотреHа. Перезвоните +7 765 291 57 65 для активации,ru,suspicious,grey_marketing,synthetic_template_kz,1
983,Сатып алғаныңыз үшін рахмет! Түбіртек forte.kz сайтында,kk,safe,legitimate,synthetic_template_kz,1
984,"Келіңіз, тегін дәрі-дәрмек алыңыз!",kk,suspicious,grey_marketing,github_Yerassyl04_Spam-kazakh,0
985,"Сотрудник банка свяжется с вами по номеру +7 784 966 60 79. Не сообщайте код никому, кроме специалиста",ru,scam,fake_bank,synthetic_template_kz,1
986,Сіздің есепшотыңызға 2000 теңге қосылды!,kk,suspicious,grey_marketing,github_Yerassyl04_Spam-kazakh,0
987,Деректеріңіз расталмағандықтан шотыңыз бүгін 18:00-ге дейін жабылады. Сауалнаманы жаңартыңыз: wb-kz-prize.shop,kk,scam,fake_bank,synthetic_template_kz,1
988,"Такси келді. Hyundai Accent, мемлекеттік нөмір 507 SKA 05",kk,safe,legitimate,synthetic_template_kz,1
989,Ваш код подтверждения для входа: 67054,ru,safe,legitimate,synthetic_template_kz,1
990,Жеңімпаз болу мүмкіндігі үшін тезірек тіркеліңіз!,kk,scam,fake_prize,github_Yerassyl04_Spam-kazakh,0
991,Жаңа демалыс жоспарыңызды жасаңыз.,kk,safe,legitimate,github_Yerassyl04_Spam-kazakh,0
992,Вы получили сертификат Temu на 23 000 тг. Активировать срочно: halyk-verify.xyz,ru,scam,fake_prize,synthetic_template_kz,1
993,Activ: подключена подписка за 245 тг/нед. Отключить *538#,ru,suspicious,grey_marketing,synthetic_template_kz,1
994,ЖСН нөміріңіз заңсыз операцияда қолданылған. Тергеуші хабарласады: +7 732 464 71 31. Үшінші тұлғаларға айтпаңыз,kk,scam,fake_police,synthetic_template_kz,1
995,"Такси прибыло. Chevrolet Cobalt, гос. номер 774 TBZ 03",ru,safe,legitimate,synthetic_template_kz,1
996,Kaspi Магазин: ваш товар продан. Для получения 46 400 тг перейдите kaspi-onus.top,ru,scam,kaspi_scam,synthetic_template_kz,1
997,Пополнение 6 000 000 тг на карту *2029. Баланс 16 000 тг,ru,safe,legitimate,synthetic_template_kz,1
998,№108265 тапсырысыңыз Kaspi Postomat пунктіне жетті. 5 күн ішінде алыңыз,kk,safe,legitimate,synthetic_template_kz,1
999,Қиналмай ақша тапқың келеді ме,kk,suspicious,grey_marketing,github_Yerassyl04_Spam-kazakh,0
1000,ЖҚЕ бұзғаны үшін 8 000 000 тг айыппұл. 50% жеңілдікпен төлеу: wb-kz-prize.shop,kk,scam,fake_police,synthetic_template_kz,1
1001,"Bereke Bank: одобрен кредит на 44 000 тг. Если вы не подавали заявку, отмените здесь kaspi.kz.secure-login.cc",ru,scam,fake_bank,synthetic_template_kz,1
1002,"Bank RBK: зафиксирована попытка входа в ваш каинет с нового устройства. Если это не вы, подтвердите личность: halyk-verify.xyz",ru,scam,fake_bank,synthetic_template_kz,1
1003,Сізге 5 000 000 тг сомасына Kaspi Bonus 24% түсті. Белсендіру jusan-secure.info,kk,scam,kaspi_scam,synthetic_template_kz,1
1004,Уведомление о штрафе 3 000 000 тг за нарушение ПДД. Оплата со скидкой 50%: kaspi-bonus.top,ru,scam,fake_police,synthetic_template_kz,1
1005,Сот орындаушылары: сіздің атыңызға іс қозғалды. Танысу үшін gov-kz.support,kk,scam,fake_police,synthetic_template_kz,1
1006,"izi: тариф ұзаpтылды, 6682 тг есептен шығарылды",kk,safe,legitimate,synthetic_template_kz,1
1007,ForteBank қауіпсіздік қызметі: 8 000 000 тг күдікті аударым. +7 720 888 72 88 нөміріне жедел хабарласыңыз,kk,scam,fake_bank,synthetic_template_kz,1
1008,Клиникамызда тегін диагностика. Бүгінге жазылу +7 770 725 99 72,kk,suspicious,grey_marketing,synthetic_template_kz,1
1009,Құттықтаймыз! Сіз Kaspi Bank ұтыс ойынында 1 000 000 тг ұттыңыз. Жүлдені алу: halyk-verify.xyz,kk,scam,fake_prize,synthetic_template_kz,1
1010,Салық берешегі 5 000 000 тг. Онлайн өтеу: beeline-bonus.icu,kk,scam,phishing,synthetic_template_kz,1
1011,eGov: aнықтамаңыз дайын. Мобильді қосымшадан жүктеңіз,kk,safe,legitimate,synthetic_template_kz,1
1012,"ForteBank: одобрен кредит на 26 200 тг. Если вы не подавали заявку, отмените здесь enpf-vyplata.ru",ru,scam,fake_bank,synthetic_template_kz,1
1013,№211560 тапсырысыңыз Яндекс Доставка пунктіне жетті. 5 күн ішінде алыңыз,kk,safe,legitimate,synthetic_template_kz,1
1014,Нөміріңіз izi акциясының жеңімпазы атанды! Жүлде 67 100 tг. Растаңыз: egov-kz.online,kk,scam,fake_prize,synthetic_template_kz,1
1015,Kaspi: Мәдина жіберген 83 000 тг аударым растауды күтуде. Растау: kaspi-bonus.top,kk,scam,kaspi_scam,synthetic_template_kz,1
1016,Мерейтойлық ұтыс! Сізге 81 000 тг бонус есептелді. Шығару үшін 6961 тг комиссия төлеңіз,kk,scam,fake_prize,synthetic_template_kz,1
1017,Трейдинг курстары. Бірінші cабақ тегіH. Тіркелу +7 725 148 22 51,kk,suspicious,grey_marketing,synthetic_template_kz,1
1018,"Freedom Bank: зафиксирована попытка входа в ваш кабинет с нового устройства. Если это не вы, подтвердите личность: forte-cabinet.pro",ru,scam,fake_bank,synthetic_template_kz,1
1019,Kaspi: код 659064. Ешкімге айтпаңыз. ⚠️,kk,safe,legitimate,synthetic_template_kz,1
1020,Eurasian Bank. 34 800 тг есептен шығару бекітілді. Болдырмау үшін: forte-cabinet.pro,kk,scam,fake_bank,synthetic_template_kz,1
1021,"Такси келді. Toyota Camry, мемлекеттік нөмір 140 SFK 04",kk,safe,legitimate,synthetic_template_kz,1
1022,Мерейтойлық ұтыс! Сізге 36 000 тг бонус есептелді. Шығару үшін 7465 тг комиссия төлеңіз,kk,scam,fake_prize,synthetic_template_kz,1
1023,№976134 тапсырысыңыз Яндекс Доставка пунктіне жетті. 5 күн іінде алыңыз,kk,safe,legitimate,synthetic_template_kz,1
1024,Еске салу: оқу ақысын 22.5 дейін төлеу қажет. Сома 33 500 тг,kk,safe,legitimate,synthetic_template_kz,1
1025,Kaspi Red: рассрочка на 44 000 тг оформлена. Отменить egov-kz.online ⚠️,ru,scam,kaspi_scam,synthetic_template_kz,1
1026,Сіздің шотыңызға 5000 теңге салынды!,kk,suspicious,grey_marketing,github_Yerassyl04_Spam-kazakh,0
1027,№227067 тапсырысыңыз Kaspi Postomat пунктіне жетті. 5 күн ішінде алыңыз,kk,safe,legitimate,synthetic_template_kz,1
1028,Kaspi Gold: код 735980. Ешкімгe айтпаңыз. Егер бұл сіз болмaсаңыз +7 775 299 10 45 нөміріне қоңырау шалыңыз,kk,scam,kaspi_scam,synthetic_template_kz,1
1029,Бесплатная диагностика организмa в нашей клинике. Запись на сегодня +7 739 808 74 66,ru,suspicious,grey_marketing,synthetic_template_kz,1
1030,Служба судебных исполнителей. Наложен арест на счета. Снять ограничение до конца дня: beeline-bonus.icu,ru,scam,fake_police,synthetic_template_kz,1
1031,Сізге 6 000 000 тг сомасына Kaspi Bonus 23% түсті. Белсендіру egov-kz.online,kk,scam,kaspi_scam,synthetic_template_kz,1
1032,"Қызметкерлер қажет, кесте еркін, күнделікті төлем 29 000 тг. Telegram +7 741 392 22 23",kk,suspicious,grey_marketing,synthetic_template_kz,1
1033,"Тимур, сізге 60 000 тг жеке несие лимиті қолжетімді. Толығырақ қосымшада",kk,suspicious,grey_marketing,synthetic_template_kz,1
1034,Activ: остаток 13 ГБ и 253 mинут до 16.11,ru,safe,legitimate,synthetic_template_kz,1
1035,Напоминание: срок оплаты за обучение до 10.1. Сумма 65 200 тг,ru,safe,legitimate,synthetic_template_kz,1
1036,"Оплата ЖКХ за январь принята, сумма 1 000 000 тг",ru,safe,legitimate,synthetic_template_kz,1
1037,"Altel: 24 ГБ және 138 минут қалды, 27.6 дейін",kk,safe,legitimate,synthetic_template_kz,1
1038,Kaspi: Әйгерім жіберген 26 000 tг аударым растауды күтyде. Растау: wb-kz-prize.shop,kk,scam,kaspi_scam,synthetic_template_kz,1
1039,Ваш код подтверждения для входа: 477488,ru,safe,legitimate,synthetic_template_kz,1
1040,№12113 іс бойынша сотқа шақыру. Іс материалдары: kaspi-bonus.top,kk,scam,fake_police,synthetic_template_kz,1
1041,"SE-2426 тобының жиналыы 12:00-де, 1 корпус",kk,safe,legitimate,synthetic_template_kz,1
1042,ЖҚЕ бұзғаны үшін 23 000 тг айыппұл. 50% жеңілдікпен төлеу: halykbank.kz.verify.top,kk,scam,fake_police,synthetic_template_kz,1
1043,Обновление базы ЕНПФ. Вам начислена выплата 12 100 тг. Получить: kz-vyigrysh.net,ru,scam,phishing,synthetic_template_kz,1
1044,"Мәдина, сізге 58 500 тг төлем мақұлданды. Деректерді осында енгізіңіз egov-kz.online.",kk,scam,fake_prize,synthetic_template_kz,1
1045,Деректеріңіз расталмағандықтан шотыңыз жедел түрде жабылады. Сауалнаманы жаңартыңыз: kz-vyigrysh.net,kk,scam,fake_bank,synthetic_template_kz,1
1046,Клиникамызда тегін диагностика. Бүгінге жазылу +7 732 830 75 59,kk,suspicious,grey_marketing,synthetic_template_kz,1
1047,"Крипто-сигналы с точностью 80%. Первый месяц бесплатно, канал по ссылке в профиле.",ru,suspicious,grey_marketing,synthetic_template_kz,1
1048,№877614 тапсырысыңыз Boxberry пунктіне жетті. 5 күн ішінде алыңыз,kk,safe,legitimate,synthetic_template_kz,1
1049,Ваш код подтверждения для входа: 896721,ru,safe,legitimate,synthetic_template_kz,1
1050,Құрметті клиент! *4076 картаңыз күдікті операцияға байланысты бұғатталды. Бұғаттан шығару: halyk-verify.xyz,kk,scam,fake_bank,synthetic_template_kz,1
1051,Комитет  госдоходов:  на ваше имя заведено производство. Явитесь или ознакомьтесь bonus-kz.click,ru,scam,fake_police,synthetic_template_kz,1
1052,"Сізге aлаяқтар несие рәсімдеген. Істі ҰҚК жүргізуде, оператоp +7 789 834 27 52",kk,scam,fake_police,synthetic_template_kz,1
1053,Обновление базы ЕНПФ. Вам начислена выплата 45 000 тг. Получить: beeline-bonus.icu,ru,scam,phishing,synthetic_template_kz,1
1054,Сіз 1000-шы келуші болдыңыз! iPhone 13 тегін алыңыз: kaspi-gold.site,kk,scam,fake_prize,synthetic_template_kz,1
1055,Kaspi  Магазин:  ваш товар продан. Для получения 77 000 тг перейдите kaspi-bonus.top,ru,scam,kaspi_scam,synthetic_template_kz,1
1056,AliExpress: сәлемдемеңіз кеденде тұр. 2468 тг баж салығын төлеңіз: halyk-verify.xyz,kk,scam,phishing,synthetic_template_kz,1
1057,"Крипто-сигналы с точностью 83%. Первый месяц бесплатно, канал по ссылке в профиле",ru,suspicious,grey_marketing,synthetic_template_kz,1
1058,Ваш закaз №805507 прибыл в пункт выдачи Boxberry. Забрать в течение 5 дней,ru,safe,legitimate,synthetic_template_kz,1
1059,Служба безопасности Bereke Bank: подозрительный перевод на 74 000 тг. Свяжитесь с оператором +7 774 217 15 14 немедленно,ru,scam,fake_bank,synthetic_template_kz,1
1060,"Eurasian Bank: одобрен кредит на 71 100 тг. Если вы не подавали заявку, отмените здесь beeline-bonus.icu",ru,scam,fake_bank,synthetic_template_kz,1
1061,Ваш ИИН использован в незаконной операции. Следователь свяжется с вами: +7 752 196 10 97. Не сообщайте третьим лицам,ru,scam,fake_police,synthetic_template_kz,1
1062,Сіздің қатысуыңыз қажет: жедел акция!,kk,scam,fake_prize,github_Yerassyl04_Spam-kazakh,0
1063,Анықтамасыз және кепілсіз 27 000 тг дейін қарыз мақұлданды. 5 минутта рәсімдеу: egov.kz,kk,suspicious,grey_marketing,synthetic_template_kz,1
1064,"Санжар, сізге 21 600 тг жеке несие лимиті қолжетімді. Толығырақ қосымшада",kk,suspicious,grey_marketing,synthetic_template_kz,1
1065,Kaspi: перевод 78 000 тг от Данияр ожидает подтверждения. Подтвердить: kaspi-bonus . top,ru,scam,kaspi_scam,synthetic_template_kz,1
1066,Тек бүгін: тауарларды сатып алғаныңыз үшін сыйлық!,kk,suspicious,grey_marketing,github_Yerassyl04_Spam-kazakh,0
1067,Бесплатная  диагностика  организма в нашей клинике. Запись на сегодня +7 703 601 78 91,ru,suspicious,grey_marketing,synthetic_template_kz,1
1068,"Тимур,  сізге  47 700 тг жеке несие лимиті қолжетімді. Толығырақ қосымшада",kk,suspicious,grey_marketing,synthetic_template_kz,1
1069,Комитет  госдоходов.  Наложен арест на счета. Снять ограничение до 23:59: egov-kz.online,ru,scam,fake_police,synthetic_template_kz,1
1070,"Данияр, сізге 18 100 тг төлем мақұлданды. Деректерді осында енгізіңіз wb-kz-prize.shop",kk,scam,fake_prize,synthetic_template_kz,1
1071,Ваш код подтверждения для входа: 535619,ru,safe,legitimate,synthetic_template_kz,1
1072,Көңіл-күйіңіз қалай?,kk,safe,legitimate,github_Yerassyl04_Spam-kazakh,0
1073,ЖҚЕ бұзғаны үшін 10 000 тг айыппұл. 50% жеңілдікпен төлеу: wb-kz-prize.shop,kk,scam,fake_police,synthetic_template_kz,1
1074,"Сотрудник банка свяжется с вами по номеру +7 742 848 23 36. Не сообщайте код никому, кроме специалиста",ru,scam,fake_bank,synthetic_template_kz,1
1075,"Сәлеметсіз бе, Kaspi-дегі хабарландыру бойыHша жазып тұрмын. Төледім, сілтеmе арқылы растаңыз forte-cabinet.pro",kk,scam,kaspi_scam,synthetic_template_kz,1
1076,Повестка в суд по делу №94580. Материалы дела: halykbank.kz.verify.top,ru,scam,fake_police,synthetic_template_kz,1
1077,"Такси келді. Hyundai Accent, мемлекеттік нөмір 342 ZXF 03",kk,safe,legitimate,synthetic_template_kz,1
1078,eGov: анықтамаңыз дайын. Мобильді қосымшадан жүктеңіз,kk,safe,legitimate,synthetic_template_kz,1
1079,№270471 тапсырысыңыз Boxberry пунктіне жетті. 5 күн ішінде алыңыз,kk,safe,legitimate,synthetic_template_kz,1
1080,"45 000 тг бастап инBестиция, айына 19% табыс. Кеңес +7 772 831 26 29",kk,suspicious,grey_marketing,synthetic_template_kz,1
1081,Сау бол қош бол аман бол,kk,safe,legitimate,github_Yerassyl04_Spam-kazakh,0
1082,Сағат 17 00 де кездесу болатынын ұмытпаңыз!,kk,safe,legitimate,github_Yerassyl04_Spam-kazakh,0
1083,Kaspi Postomat: жеткізy мекеHжайы қате. Дереkтерді нақтылаңыз kaspi.kz.secure-login.cc,kk,scam,phishing,synthetic_template_kz,1
1084,Спаcибо зa покупку! Чек доступен на kaspi.kz,ru,safe,legitimate,synthetic_template_kz,1
1085,"Занятие по программированию переносится на 17:00, аудитория 245",ru,safe,legitimate,synthetic_template_kz,1
1086,Ваш ИИН использован в незаконной операции. Следователь свяжется с вами: +7 710 382 16 47. Не сообщайте третьим лицам,ru,scam,fake_police,synthetic_template_kz,1
1087,Kaspi: код 525142. Никому не сообщайте.,ru,safe,legitimate,synthetic_template_kz,1
1088,Kaspi Магазин: ваш товар продан. Для получения 59 900 тг перейдите kz-vyigrysh . net,ru,scam,kaspi_scam,synthetic_template_kz,1
1089,"Келіңіздер, тегін вебинарға қатысыңыз!",kk,suspicious,grey_marketing,github_Yerassyl04_Spam-kazakh,0
1090,Eurasian Bank қауіпcіздік қызметі: 4 000 000 тг күдікті аударым. +7 775 743 56 72 нөміріне жедел хабарласыңыз,kk,scam,fake_bank,synthetic_template_kz,1
1091,"Такси келді. Chevrolet Cobalt, мемлекеттік нөмір 914 BCP 07",kk,safe,legitimate,synthetic_template_kz,1
1092,"Инвестиции от 90 000 тг, доход 25% в месяц. Консультация +7 745 303 26 54",ru,suspicious,grey_marketing,synthetic_template_kz,1
1093,"Bereke Bank: жеке кабинетіңізгe жаңа құрылғыдан кіру әрекеті тіркелді. Егер бұл сіз болмасаңыз, растаңыз: beeline-bonus.icu",kk,scam,fake_bank,synthetic_template_kz,1
1094,Ваш код подтверждения для входа: 49613,ru,safe,legitimate,synthetic_template_kz,1
1095,Миллион ұтып алу мүміндігінен құр қалма,kk,suspicious,grey_marketing,github_Yerassyl04_Spam-kazakh,0
1096,Kaspi Postomat: неверный адрес доставки. Уточните данные bonus-kz.click иначе заказ вернется отправителю,ru,scam,phishing,synthetic_template_kz,1
1097,"қаңтар айына коммуналдық төлем қабылданды, сома 53 000 тг",kk,safe,legitimate,synthetic_template_kz,1
1098,"Қызметкерлер қажет, кесте еркін, күнделікті төлем 13 000 тг. Telegram +7 703 195 84 63",kk,suspicious,grey_marketing,synthetic_template_kz,1
1099,ЖСН нөміріңіз заңсыз оперaцияда қолданылған. Тeргеyші хабарласады: +7 790 238 48 86. Үшінші тұлғаларға айтпаңыз,kk,scam,fake_police,synthetic_template_kz,1
1100,"Требуются сотрудники, график свободный, оплата ежедневно 12 000 тг. Telegram по номеру +7 724 828 41 72",ru,suspicious,grey_marketing,synthetic_template_kz,1
1101,Ваш счет будет закрыт до конца дня из-за неподтвержденных данных. Обновите анкету: kaspi-bonus.top,ru,scam,fake_bank,synthetic_template_kz,1
1102,Яндекс Доставка: неверный адрес доставки. Уточните данные kz-vyigrysh.net иначе заказ вернется отправителю,ru,scam,phishing,synthetic_template_kz,1
1103,№72405 іс бойынша сотқа шақыру. Іс материалдары: kaspi.kz.secure-login.cc,kk,scam,fake_police,synthetic_template_kz,1
1104,Одобрен займ до 15 000 тг без справок и залога. Оформить за 5 минут: jusan.kz,ru,suspicious,grey_marketing,synthetic_template_kz,1
1105,Құттықтаймыз! Сіз Freedom Bank ұтыс ойынында 5 000 000 тг ұттыңыз. Жүлдені алу: halyk-verify.xyz,kk,scam,fake_prize,synthetic_template_kz,1
1106,"Требуются сотрудники, график свободный, оплата ежедневно 27 000 тг. Telegram по номеру +7 763 483 93 98",ru,suspicious,grey_marketing,synthetic_template_kz,1
1107,"Такси келді. Toyota Camry, мемлекеттік нөмір 301 BZX 07",kk,safe,legitimate,synthetic_template_kz,1
1108,Kaspi: Данияр жіберген 2 000 000 тг аударым растауды күтуде. Растау: halyk-verify.xyz,kk,scam,kaspi_scam,synthetic_template_kz,1
1109,Бесплатная диагностика организма в нашей клинике. Запись на сегодня +7 736 439 71 17,ru,suspicious,grey_marketing,synthetic_template_kz,1
1110,Служба безопасности Kaspi Bank: подозрительный перевод на 50 000 тг. Свяжитесь с оператором +7 725 795 98 87 немедленно,ru,scam,fake_bank,synthetic_template_kz,1
1111,Картаға өтінішіңіз қаралды. Белсендіру үшін +7 711 386 28 67 нөміріне қоңырау шалыңыз,kk,suspicious,grey_marketing,synthetic_template_kz,1
1112,Вам поступил Kaspi Bonus 19% на 59 400 тг. Активация gov-kz.support,ru,scam,kaspi_scam,synthetic_template_kz,1
1113,Kaspi Red: рассрочка на 27 000 тг оформлена. Отменить enpf-vyplata.ru,ru,scam,kaspi_scam,synthetic_template_kz,1
1114,Ваш номер выбран победителем акции Beeline! Приз 8 000 тг. Подтвердите: enpf-vyplata.ru,ru,scam,fake_prize,synthetic_template_kz,1
1115,"Ана, мен кешігемін, шамамен 18-де боламын",kk,safe,legitimate,synthetic_template_kz,1
1116,Ваш заказ №661361 прибыл в пункт выдачи Kaspi Postomat. Забрать в течение 5 дней,ru,safe,legitimate,synthetic_template_kz,1
1117,Уведомление о штрафе 20 000 тг за нарушение ПДД. Оплата со скидкой 50%: kaspi-bonus.top,ru,scam,fake_police,synthetic_template_kz,1
1118,"izi: 13 ГБ және 471 минут қалды, 26.5 дейін",kk,safe,legitimate,synthetic_template_kz,1
1119,Сіз 1000-шы kелуші болдыңыз! iPhone 17 tегін aлыңыз: bonus-kz.click,kk,scam,fake_prize,synthetic_template_kz,1
1120,Activ: аптасына 413 тг жазылым қосылды. Өшіру *541#,kk,suspicious,grey_marketing,synthetic_template_kz,1
1121,Заработок из дома от 54 500 тг в неделю. Пишите в WhatsApp +7 794 226 33 51,ru,suspicious,grey_marketing,synthetic_template_kz,1
1122,Деректеріңіз расталмағандықтан шотыңыз 24 сағат ішінде жабылады. Сауалнаманы жаңартыңыз: halykbank.kz.verify.top,kk,scam,fake_bank,synthetic_template_kz,1
1123,"Инвестиции от 10 000 тг, доход 16% в месяц. Консультация +7 713 246 61 78",ru,suspicious,grey_marketing,synthetic_template_kz,1
1124,Kaspi Postomat: неверный адрес доставки. Уточните данные enpf-vyplata.ru иначе заказ вернется отправителю,ru,scam,phishing,synthetic_template_kz,1
1125,Розыгрыш к 30-летию! Вам начислен бонус 86 000 тг. Для вывода оплатите комиссию 4834 тг,ru,scam,fake_prize,synthetic_template_kz,1
1126,"Возврат страховки по кредиту. Проверьте, положена ли вам компенсация: +7 757 466 53 68",ru,suspicious,grey_marketing,synthetic_template_kz,1
1127,Только сегодня! Скидка 63% на все товары в AliExpress. Успей до полуночи,ru,suspicious,grey_marketing,synthetic_template_kz,1
1128,Вы получили сертификат Ozon на 27 100 тг. Активировать до конца дня: bonus-kz.click,ru,scam,fake_prize,synthetic_template_kz,1
1129,Kaspi: код 34750. Ниkому не сообщайте.,ru,safe,legitimate,synthetic_template_kz,1
1130,Сіз Ozon сертификатын 64 000 тг алдыңыз. 24 сағат ішінде белсендіріңіз: jusan-secure.info,kk,scam,fake_prize,synthetic_template_kz,1
1131,Сізге Ұлттық Банк тарапынан қорғалған хабарлама келді. Оқу: egov-kz.online,kk,scam,phishing,synthetic_template_kz,1
1132,Пoздравляем! Вы выиграли 59 000 тг в розыгрыше Bank RBK. Забрать приз: enpf-vyplata.ru,ru,scam,fake_prize,synthetic_template_kz,1
1133,"Нұрлн, сізге 72 000 тг жеке несие лимиті қолжетімді. Толығырақ қосымшада",kk,suspicious,grey_marketing,synthetic_template_kz,1
1134,"Арман, вам доступен персональный кредитный лимит 23 000 тг. Подробнее в приложении",ru,suspicious,grey_marketing,synthetic_template_kz,1
1135,ALTEL: SIM КАРТАҢЫЗДЫҢ МЕРЗІМІ БІТУДЕ. ТІРКЕУДІ ҰЗАРТЫҢЫЗ GOV-KZ.SUPPORT,kk,scam,phishing,synthetic_template_kz,1
1136,ҰҚК. Шоттаpыңызға тыйым салынды. Шeктеуді 30 минут ішінде алу: egov-kz.online,kk,scam,fake_police,synthetic_template_kz,1
1137,Kaspi: Нұрлан жіберген 27 000 тг аударым растауды күтуде. Растау: forte-cabinet.pro,kk,scam,kaspi_scam,synthetic_template_kz,1
1138,Kaspi Bank. Списание 12 500 тг одобрено. Отменить операцию: enpf-vyplata.ru,ru,scam,fake_bank,synthetic_template_kz,1
1139,Нөміріңіз Altel акциясының жеңімпазы атанды! Жүлде 18 000 тг. Растаңыз: kaspi-gold.site,kk,scam,fake_prize,synthetic_template_kz,1
1140,Арнайы ұсыныс: тек бүгін!,kk,suspicious,grey_marketing,github_Yerassyl04_Spam-kazakh,0
1141,"Сәлеметсіз бе, Kaspi-дегі хабарландыpу бойынша жазып тұpмын. Төледім, сілтеме арқылы растаңыз kaspi.kz.secure-login.cc",kk,scam,kaspi_scam,synthetic_template_kz,1
1142,"ForteBank: покупка 38 900 тг, карта *7151. Доступно 2 000 000 тг.",ru,safe,legitimate,synthetic_template_kz,1
1143,"Мама, я задержусь, буду примерно к 20 часам",ru,safe,legitimate,synthetic_template_kz,1
1144,"наурыз айына коммуналдық төлем қабылданды, сома 57 500 тг",kk,safe,legitimate,synthetic_template_kz,1
1145,Tele2: подключена подписка за 867 тг/нед. Отключить *856#,ru,suspicious,grey_marketing,synthetic_template_kz,1
1146,eGov аккаунтыңыз 30 минут ішінде жойылады. ЖСН растаңыз: kaspi-gold.site,kk,scam,phishing,synthetic_template_kz,1
1147,Бос орындар шектеулі! Ұтысқа кеңеліңіз!,kk,scam,fake_prize,github_Yerassyl04_Spam-kazakh,0
1148,"Крипто-сигналы с точностью 82%. Первый месяц бесплатно, канал по ссылке в профиле",ru,suspicious,grey_marketing,synthetic_template_kz,1
1149,"Асель, вам доступен персональный кредитный лимит 31 000 тг. Подробнее в приложении",ru,suspicious,grey_marketing,synthetic_template_kz,1
1150,Арнайы ұсыныс: бүгін ғана!,kk,suspicious,grey_marketing,github_Yerassyl04_Spam-kazakh,0
1151,"Tele2: тариф продлен, списано 2319 тг. Следующее списание 13.1",ru,safe,legitimate,synthetic_template_kz,1
1152,Только сегодня! Скидка 44% на все товары в Wildberries. Успей до полуночи,ru,suspicious,grey_marketing,synthetic_template_kz,1
1153,"Сәлеметсіз бе, Арман! Ертең сағат 15:00-де дәрігерге жазылғаныңызды еске саламыз",kk,safe,legitimate,synthetic_template_kz,1
1154,Достарыңызбен өткізген демалысыңыз туралы хабарлаңыз.,kk,safe,legitimate,github_Yerassyl04_Spam-kazakh,0
1155,Розыгрыш к 30-летию! Вам начислен бонус 89 300 тг. Для вывода оплатите комиссию 4550 тг,ru,scam,fake_prize,synthetic_template_kz,1
1156,Вы получили сертификат Kaspi Магазин на 24 000 тг. Активировать срочно: egov-kz.online,ru,scam,fake_prize,synthetic_template_kz,1
1157,"Kaspi  Gold:  код 48334. Никому не сообщайте. Если это не вы, звоните +7 713 846 57 91",ru,scam,kaspi_scam,synthetic_template_kz,1
1158,eGov: ваша справка готова. Скачать в мобильном пиложении или на tele2.kz,ru,safe,legitimate,synthetic_template_kz,1
1159,Kaspi:  код  870796. Никому не сообщайте.,ru,safe,legitimate,synthetic_template_kz,1
1160,Вы получили сертификат Ozon на 1 000 000 тг. Активировать в течение 30 минут: halyk-verify.xyz,ru,scam,fake_prize,synthetic_template_kz,1
1161,"Санжар, сізге 86 800 тг төлем мақұлданды. Деректерді осында енгізіңіз kaspi-bonus.top",kk,scam,fake_prize,synthetic_template_kz,1
1162,Повестка в суд по делу №88884. Материалы дела: wb-kz-prize . shop,ru,scam,fake_police,synthetic_template_kz,1
1163,Kaspi: перевод 33 100 тг от Нурлан ожидает подтверждения. Подтвердить: beeline-bonus.icu,ru,scam,kaspi_scam,synthetic_template_kz,1
1164,"Арман, сізге 3 000 000 тг жеке несие лимиті қолжетімді. Толығырақ қосымшада",kk,suspicious,grey_marketing,synthetic_template_kz,1
1165,Мерейтойлық ұтыс! Сізге 94 600 тг бонус есептелді. Шығару үшін 5360 тг комиссия төлеңіз,kk,scam,fake_prize,synthetic_template_kz,1
1166,"Altel: 1 ГБ және 734 минут қалды, 14.5 дейін",kk,safe,legitimate,synthetic_template_kz,1
1167,Напоминание: срoк оплаты за обучение до 7.8. Суmма 30 100 тг,ru,safe,legitimate,synthetic_template_kz,1
1168,"Сізге алаяқтар несие рәсімдеген. Істі ІІМ жүргізуде, оператор +7 715 676 12 56",kk,scam,fake_police,synthetic_template_kz,1
1169,Анықтамасыз  және  кепілсіз 9 000 000 тг дейін қарыз мақұлданды. 5 минутта рәсімдеу: egov.kz,kk,suspicious,grey_marketing,synthetic_template_kz,1
1170,"Мама, я задержусь, буду примерно к 19 часам",ru,safe,legitimate,synthetic_template_kz,1
1171,"Қызметкерлер қажет, кесте еркін, күнделікті төлем 20 000 тг. Telegram +7 761 143 23 46",kk,suspicious,grey_marketing,synthetic_template_kz,1
1172,№67657 іс бойынша сотқа шақыру. Іс материалдары: halykbank.kz.verify.top,kk,scam,fake_police,synthetic_template_kz,1
1173,"Оплата ЖКХ за январь пpинята, сумма 88 000 тг",ru,safe,legitimate,synthetic_template_kz,1
1174,Activ: подключена подписка за 606 тг/нед. Отключить *962#,ru,suspicious,grey_marketing,synthetic_template_kz,1
1175,Вы получили сертификат Ozon на 2 000 000 тг. Активировать сегодня до 18:00: kaspi-bonus.top,ru,scam,fake_prize,synthetic_template_kz,1
1176,Пополнение 67 000 тг на карту *9795. Баланс 50 000 тг,ru,safe,legitimate,synthetic_template_kz,1
1177,Tele2: oстаток 14 ГБ и 305 минут до 28.1,ru,safe,legitimate,synthetic_template_kz,1
1178,Уважаемый клиент! Карта *9441 заблокирована по подозрению в мошенничестве. Для разблокировки перейдите forte-cabinet.pro до 23:59,ru,scam,fake_bank,synthetic_template_kz,1
1179,Ваш аккаунт eGov будет удален срочно. Подтвердите ИИН: beeline-bonus.icu,ru,scam,phishing,synthetic_template_kz,1
1180,Сатып алғаныңыз үшін рахмет! Түбіртек egov.kz сайтында,kk,safe,legitimate,synthetic_template_kz,1
1181,"УРА! Санжар, вам одобрена выплата 5 000 000 тг. Реквизиты укажите тут halykbank.kz.verify.top",ru,scam,fake_prize,synthetic_template_kz,1
1182,"Үйден жұмыс, аптасына 7 000 000 тг табыс. WhatsApp +7 780 532 84 83 жазыңыз",kk,suspicious,grey_marketing,synthetic_template_kz,1
1183,"Ана, мен кешігемін, шамамен 22-де боламын",kk,safe,legitimate,synthetic_template_kz,1
1184,НАПОМИНАНИЕ: СРОК ОПЛАТЫ ЗА ОБУЧЕНИЕ ДО 25.12. СУММА 41 000 ТГ,ru,safe,legitimate,synthetic_template_kz,1
1185,"сәуір айына коммуналдық төлем қабылданды, сома 8 000 000 тг",kk,safe,legitimate,synthetic_template_kz,1
1186,Курсы трейдинга. Первое занятие бесплатно. Запись +7 755 241 85 59,ru,suspicious,grey_marketing,synthetic_template_kz,1
1187,"Несие  бойынша  сақтандыруды қайтару. Өтемақы тиесілі ме, тексеріңіз: +7 786 632 47 26",kk,suspicious,grey_marketing,synthetic_template_kz,1
1188,Сізге 32 000 тг сомасына Kaspi Bonus 25% түсті. Белсендіру forte-cabinet.pro,kk,scam,kaspi_scam,synthetic_template_kz,1
1189,"SE-2425 тобының жиналысы 17:00-де, 1 корпус",kk,safe,legitimate,synthetic_template_kz,1
1190,Ваш аккаунт eGov будет удален до конца дня. Подтвердите ИИН: wb-kz-prize.shop,ru,scam,phishing,synthetic_template_kz,1
1191,"Altel: 12 ГБ және 314 минут қалды, 15.4 дейін",kk,safe,legitimate,synthetic_template_kz,1
1192,Повестка в суд по делу №32606. Маtериалы дела: kaspi-gold.site,ru,scam,fake_police,synthetic_template_kz,1
1193,Ваша заявка на карту рассмотрена. Перезвоните +7 795 249 71 43 для активации,ru,suspicious,grey_marketing,synthetic_template_kz,1
1194,"Kaspi Gold: код 994179. Никому не сообщайте. Если это не вы, звоните +7 766 310 91 14",ru,scam,kaspi_scam,synthetic_template_kz,1
1195,"қаңтар айына коммуналдық төлем қабылданды, сома 13 900 тг",kk,safe,legitimate,synthetic_template_kz,1
1196,"Сәлеметсіз бе, Ерлан! Ертең сағат 18:00-де дәрігерге жазылғаныңызды еске саламыз",kk,safe,legitimate,synthetic_template_kz,1
1197,"Такси келді. Toyota Camry, мемлекеттік нөмір 920 BMM 06",kk,safe,legitimate,synthetic_template_kz,1
1198,Wildberries: сәлемдемеңіз кеденде тұр. 536 тг баж салығын төлеңіз: gov-kz.support,kk,scam,phishing,synthetic_template_kz,1
1199,"Үйден жұмыс, аптасына 1 000 000 тг табыс. WhatsApp +7 773 849 51 42 жазыңыз",kk,suspicious,grey_marketing,synthetic_template_kz,1
1200,"ммыр айына коммуналдық төлем қабылданды, сома 50 700 тг",kk,safe,legitimate,synthetic_template_kz,1
1201,"Altel: 28 ГБ және 759 минут қалды, 7.1 дейін",kk,safe,legitimate,synthetic_template_kz,1
1202,Вы получили сертификат Wildberries на 8 000 000 тг. Активировать до конца дня: gov-kz.support,ru,scam,fake_prize,synthetic_template_kz,1
1203,"Altel: тариф ұзартылды, 6264 тг есептен шығарылды",kk,safe,legitimate,synthetic_template_kz,1
1204,Kaspi: Әйгерім жіберген 49 000 тг аударым растауды күтуде. Растау: kaspi.kz.secure-login.cc,kk,scam,kaspi_scam,synthetic_template_kz,1
1205,Курсы трейдиHга. Первое занятие бесплатно. Запись +7 786 619 26 44,ru,suspicious,grey_marketing,synthetic_template_kz,1
1206,"Инвестиции от 26 000 тг, доход 44% в месяц. Консультация +7 714 930 42 48",ru,suspicious,grey_marketing,synthetic_template_kz,1
1207,"Крипто-сигналы с точностью 95%. Первый месяц бесплатно, канал по ссылке в профиле",ru,suspicious,grey_marketing,synthetic_template_kz,1
1208,"Мәдина, сізге 56 700 тг жеке несие лимиті қолжетіді. Толығырақ қосымшада",kk,suspicious,grey_marketing,synthetic_template_kz,1
1209,"Сізге aлаяқтар нeсие рәсімдеген. Істі Ұлттық Банк жүргізуде, оператор +7 717 300 58 87",kk,scam,fake_police,synthetic_template_kz,1
1210,Вам пришло защищенное сообщение от eGov. Прочитать: jusan-secure.info,ru,scam,phishing,synthetic_template_kz,1
1211,Құрметті клиент! *2304 картаңыз күдікті операцияға байланысты бұғатталды. Бұғаттан шығару: enpf-vyplata.ru,kk,scam,fake_bank,synthetic_template_kz,1
1212,"На вас оформлен кредит мошенниками. Дело ведет Комитет госдоходов, оператор +7 744 766 33 96",ru,scam,fake_police,synthetic_template_kz,1
1213,"Занятие по физике переносится на 11:00, аудитория 411",ru,safe,legitimate,synthetic_template_kz,1
1214,Ваша заявка на карту рассмотрена. Перезвоните +7 761 830 22 54 для активации,ru,suspicious,grey_marketing,synthetic_template_kz,1
1215,Құттықтаймыз! Сіз Freedom Bank ұтыс ойынында 61 300 тг ұттыңыз. Жүлдені алу: beeline-bonus.icu,kk,scam,fake_prize,synthetic_template_kz,1
1216,eGo: анықтамаңыз дайын. Мобильді қосымшадан жүктеңіз,kk,safe,legitimate,synthetic_template_kz,1
1217,"Bank RBK: покупка 2 000 000 тг, карта *2761. Доступно 14 600 тг",ru,safe,legitimate,synthetic_template_kz,1
1218,Только сегодня! Скидка 62% на все товары в Ozon. Успей до полуночи,ru,suspicious,grey_marketing,synthetic_template_kz,1
1219,Анықтамасыз және кепілсіз 2 000 000 тг дейін қарыз мақұлданды. 5 минутта рәсімдеу: jusan.kz,kk,suspicious,grey_marketing,synthetic_template_kz,1
1220,Ваш заказ №144375 прибыл в пункт выдачи Boxberry. Забрать в течение 5 дней,ru,safe,legitimate,synthetic_template_kz,1
1221,"Занятие по алгебре переносится на 19:00, аудитория 359",ru,safe,legitimate,synthetic_template_kz,1
1222,"Бағдарламалау сабағы 18:00-ге ауыстыылды, 179 аудитория",kk,safe,legitimate,synthetic_template_kz,1
1223,Напоминание: срок оплаты за обучение до 26.7. Сумма 4 000 000 тг,ru,safe,legitimate,synthetic_template_kz,1
1224,Тек қазір: 100%-ға дейін жеңілдіктер!,kk,suspicious,grey_marketing,github_Yerassyl04_Spam-kazakh,0
1225,"Занятие по физике переносится на 12:00, аудитория 479",ru,safe,legitimate,synthetic_template_kz,1
1226,"Kaspi Gold: код 932229. Никому не сообщайте. Если это не вы, звоните +7 765 377 26 97",ru,scam,kaspi_scam,synthetic_template_kz,1
1227,"Сізге алаяқтар несие рәсімдеген. Істі ҰҚК жүргізуде, оператор +7 747 815 50 93",kk,scam,fake_police,synthetic_template_kz,1
1228,"Үйден жұмыс, аптасына 2 000 000 тг табыс. WhatsApp +7 787 549 38 47 жазыңыз",kk,suspicious,grey_marketing,synthetic_template_kz,1
1229,"Требуются сотрудники, график свободный, оплата ежедневно 12 000 тг. Telegram по номеру +7 786 128 84 95",ru,suspicious,grey_marketing,synthetic_template_kz,1
1230,Сатып алғаныңыз үшін pахмет! Түбіртек forte.kz сайтында,kk,safe,legitimate,synthetic_template_kz,1
1231,№449044 тапсырысыңыз Boxberry пунктіне жетті. 5 күн ішінде алыңыз,kk,safe,legitimate,synthetic_template_kz,1
1232,"izi: тариф ұзартылды, 3403 тг есептен шығарылды",kk,safe,legitimate,synthetic_template_kz,1
1233,Назар аударыңыз! *4105 kартаңыз қауіпtе. Қаражатты резервтік шотқа аудaрыңыз: jusan-secure.info,kk,scam,fake_bank,synthetic_template_kz,1
1234,Ваш ИИН использован в незаконной операции. Следователь свяжется с вами: +7 760 355 52 85. Не сообщайте третьим лицам,ru,scam,fake_police,synthetic_template_kz,1
1235,Курсы трейдинга. Первое занятие бесплатно. Запись +7 771 171 28 84,ru,suspicious,grey_marketing,synthetic_template_kz,1
1236,Трейдинг курстары. Бірінші сабақ тегін. Тіркелу +7 745 773 65 79,kk,suspicious,grey_marketing,synthetic_template_kz,1
1237,Уведомление о штрафе 30 500 тг за нарушение ПДД. Оплата со скидкой 50%: kaspi-bonus.top,ru,scam,fake_police,synthetic_template_kz,1
1238,№958023 тапсырысыңыз Яндекс Доставка пунктіне жетті. 5 күн ішінде алыңыз,kk,safe,legitimate,synthetic_template_kz,1
1239,Tele2: аптасына 597 тг жазылым қосылды. Өшіру *267#,kk,suspicious,grey_marketing,synthetic_template_kz,1
1240,Поздравляем! Вы выиграли 19 000 тг в розыгрыше Bereke Bank. Забрать приз: gov-kz.support,ru,scam,fake_prize,synthetic_template_kz,1
1241,"Әсел, сізге 2 000 000 тг төлем мақұлданды. Деректерді осында енгізіңіз kaspi-gold.site",kk,scam,fake_prize,synthetic_template_kz,1
1242,"Otbasy Bank: покупка 7 000 000 тг, карта *6595. Доступно 2 000 000 тг",ru,safe,legitimate,synthetic_template_kz,1
1243,Вам поступил Kaspi Bnus 4% на 8 000 000 тг. Активация forte-cabinet.pro,ru,scam,kaspi_scam,synthetic_template_kz,1
1244,Bereke Bank қауіпсіздік қызметі: 24 000 тг күдікті аударым. +7 779 857 25 79 нөміріне жедел хабарласыңыз,kk,scam,fake_bank,synthetic_template_kz,1
1245,Салық берешегі 62 300 тг. Онлайн өтеу: halyk-verify.xyz,kk,scam,phishing,synthetic_template_kz,1
1246,"Встреча группы SE-2422 в 10:00, корпус 1",ru,safe,legitimate,synthetic_template_kz,1
1247,"Activ: тариф продлн, списано 8187 тг. Следующее списание 16.9",ru,safe,legitimate,synthetic_template_kz,1
1248,Kaspi: код 281426. Никому не сообщайте.,ru,safe,legitimate,synthetic_template_kz,1
1249,"Halyk Bank: зафиксирована попытка входа в ваш кабинет с нового устройства. Если это не вы, подтвердите личность: kaspi.kz.secure-login.cc",ru,scam,fake_bank,synthetic_template_kz,1
1250,Налоговая задолженность 33 800 тг. Погасить онлайн: jusan-secure.info,ru,scam,phishing,synthetic_template_kz,1
1251,Kaspi: код 556500. Ешкімге айтпаңыз.,kk,safe,legitimate,synthetic_template_kz,1
1252,Тек бүгін: 5000 теңгеге дейін жеңілдіктер!,kk,suspicious,grey_marketing,github_Yerassyl04_Spam-kazakh,0
1253,Назар аударыңыз! *1855 картаңыз қауіпте. Қаражатты резервтік шотқа аударыңыз: wb-kz-prize.shop,kk,scam,fake_bank,synthetic_template_kz,1
1254,Трейдинг курстары. БіpіHші сабақ тегін. Тіpкелу +7 772 869 35 94,kk,suspicious,grey_marketing,synthetic_template_kz,1
1255,Комитет госдоходов. Наложен арест на счета. Снять ограничение срочно: halyk-verify.xyz,ru,scam,fake_police,synthetic_template_kz,1
1256,"Несие бойынша сақтандыруды қайтару. Өтемақы тиесілі ме, тексеріңіз: +7 795 408 49 59",kk,suspicious,grey_marketing,synthetic_template_kz,1
1257,Напоминание: срок оплаты за обучение до 21.2. Сумма 80 000 тг,ru,safe,legitimate,synthetic_template_kz,1
1258,Otbasy  Bank  қауіпсіздік қызметі: 30 300 тг күдікті аударым. +7 796 648 89 98 нөміріне жедел хабарласыңыз,kk,scam,fake_bank,synthetic_template_kz,1
1259,"SE-2428 тобының жиналысы 14:00-де, 1 корпус",kk,safe,legitimate,synthetic_template_kz,1
1260,"Ары қарай оқысаңыз, 2000 теңге жеңілдік беріледі!",kk,suspicious,grey_marketing,github_Yerassyl04_Spam-kazakh,0
1261,"Такси келді. Kia Rio, мемлекеттік нөмір 281 KKY 05",kk,safe,legitimate,synthetic_template_kz,1
1262,Обнoвление базы ЕНПФ. Вам начислена выплаtа 61 000 тг. Получить: halyk-verify.xyz,ru,scam,phishing,synthetic_template_kz,1
1263,"Такси келді. Toyota Camry, мемлекеттік нөмір 226 CXE 07",kk,safe,legitimate,synthetic_template_kz,1
1264,"Бағдарламалау сабағы 10:00-ге ауыстырылды, 128 аудитория",kk,safe,legitimate,synthetic_template_kz,1
1265,"Возврат страховки по кредиту. Проверьте, положена ли вам компенсация: +7 731 259 26 81",ru,suspicious,grey_marketing,synthetic_template_kz,1
1266,Вам поступил Kaspi Bonus 19% на 56 400 тг. Активация egov-kz.online,ru,scam,kaspi_scam,synthetic_template_kz,1
1267,Құрметті клиент! *5830 картаңыз күдікті операцияға байланысты бұғатталды. Бұғаттан шығару: halykbank . kz . verify . top,kk,scam,fake_bank,synthetic_template_kz,1
1268,*1855 картаға 26 000 тг толықтырылды. Баланс 83 300 тг,kk,safe,legitimate,synthetic_template_kz,1
1269,"Қызметкерлер қажет, кесте еркін, күнделікті төлем 34 000 тг. Telegram +7 745 108 93 88",kk,suspicious,grey_marketing,synthetic_template_kz,1
1270,Бесплатная диагностика организма в нашей клинике. Запись на сегодня +7 725 356 69 62,ru,suspicious,grey_marketing,synthetic_template_kz,1
1271,"Сәлеметсіз бе, Kaspi-дегі хабарландыру бойынша жазып тұрмын. Төледім, сілтеме арқылы растаңыз gov-kz.support",kk,scam,kaspi_scam,synthetic_template_kz,1
1272,Техника мен электроника жаңалықтары.,kk,safe,legitimate,github_Yerassyl04_Spam-kazakh,0
1273,"Bank RBK: жеке кабинетіңізге жаңа құрылғыдан кіру әрекеті тіркелді. Егер бұл сіз болмасаңыз, растаңыз: halyk-verify.xyz",kk,scam,fake_bank,synthetic_template_kz,1
1274,"ақпан айына коммуналдық төлем қабылданды, сома 51 000 тг",kk,safe,legitimate,synthetic_template_kz,1
1275,Налоговая задолженность 19 000 тг. Погасить онлайн: kaspi-gold.site,ru,scam,phishing,synthetic_template_kz,1
1276,"Здравствуйте, Айгерим! Напоминаем о записи к врачу завтра в 16:00",ru,safe,legitimate,synthetic_template_kz,1
1277,Трейдинг курстары. Бірінші сабақ тегін. Тіркелу +7 737 734 94 17,kk,suspicious,grey_marketing,synthetic_template_kz,1
1278,Ваш счет будет закрыт до конца дня из-за неподтвержденных данных. Обновите анкету: beeline-bonus.icu,ru,scam,fake_bank,synthetic_template_kz,1
1279,"Кешікпей кел, мен саған сенемін",kk,safe,legitimate,github_Yerassyl04_Spam-kazakh,0
1280,"На вас оформлен кредит мошенниками. Дело ведет КНБ РК, оператор +7 709 721 63 75",ru,scam,fake_police,synthetic_template_kz,1
1281,"Eurasian Bank: покупка 93 700 тг, карта *4726. Доступно 37 000 тг",ru,safe,legitimate,synthetic_template_kz,1
1282,Бесплатная диагностика организма в нашей клинике. Запись на сегодня +7 701 822 22 99,ru,suspicious,grey_marketing,synthetic_template_kz,1
1283,"Қызметкерлер қажет, кесте еркін, күнделікті төлем 28 000 тг. Telegram +7 773 305 43 20",kk,suspicious,grey_marketing,synthetic_template_kz,1
1284,Әр түрлі спорт түрлерінде сайыстар өтеді.,kk,safe,legitimate,github_Yerassyl04_Spam-kazakh,0
1285,Kaspi: код 442915. Никoмy нe сообщайте.,ru,safe,legitimate,synthetic_template_kz,1
1286,"Внимание! Ваша карта *3933 скомпрометирована. Переведите средства на резервный счет, инструкция: kaspi-bonus.top",ru,scam,fake_bank,synthetic_template_kz,1
1287,"Halyk Bank: одобрен кредит на 6 000 000 тг. Если вы не подавали заявку, отмените здесь kaspi.kz.secure-login.cc",ru,scam,fake_bank,synthetic_template_kz,1
1288,"Ағылшын тілі сабағы 11:00-ге ауыстырылды, 115 аудитория",kk,safe,legitimate,synthetic_template_kz,1
1289,Сізге 31 700 тг сомасына Kaspi Bonus 4% түсті. Белсендіру halyk-verify.xyz,kk,scam,kaspi_scam,synthetic_template_kz,1
1290,Сізді ерекше ұсыныс күтеді!,kk,suspicious,grey_marketing,github_Yerassyl04_Spam-kazakh,0
1291,"Крипто-сигналы с точностью 94%. Первый месяц бесплатно, канал по ссылке в профиле",ru,suspicious,grey_marketing,synthetic_template_kz,1
1292,Жаңа жобалардың таныстырылымы.,kk,safe,legitimate,github_Yerassyl04_Spam-kazakh,0
1293,"Қызметкерлер қажет, кесте еркін, күнделікті төлем 23 000 тг. Telegram +7 733 924 28 75",kk,suspicious,grey_marketing,synthetic_template_kz,1
1294,"Сапалы жұмыс жазыпсыз, қателерді түзетіңіз",kk,safe,legitimate,github_Yerassyl04_Spam-kazakh,0
1295,Activ: SIM картаңыздың мерзімі бітуде. Тіркеуді ұзартыңыз jusan-secure.info,kk,scam,phishing,synthetic_template_kz,1
1296,Курсы трейдинга. Первое занятие бесплатно. Запись +7 790 961 62 97,ru,suspicious,grey_marketing,synthetic_template_kz,1
1297,"Возврат страховки по кредиту. Проверьте, положена ли вам компенсация: +7 760 890 41 96",ru,suspicious,grey_marketing,synthetic_template_kz,1
1298,ЖҚЕ бұзғаны үшін 69 400 тг айыппұл. 50% жеңілдікпен төлеу: wb-kz-prize.shop,kk,scam,fake_police,synthetic_template_kz,1
1299,Вам поступил Kaspi Bonus 25% на 93 000 тг. Активация kaspi.kz.secure-login.cc,ru,scam,kaspi_scam,synthetic_template_kz,1
1300,Вы 1000-й посетитель! Заберите iPhone 16 бесплатно: bonus-kz.click,ru,scam,fake_prize,synthetic_template_kz,1
1301,Кіру үшін растау кодыңыз: 222242,kk,safe,legitimate,synthetic_template_kz,1
1302,Ұлттық Банк. Шоттарыңызға тыйым салынды. Шектеуді күн соңына дейін алу: bonus-kz.click,kk,scam,fake_police,synthetic_template_kz,1
1303,Миллиардер өз байлығын таратып жатыр,kk,suspicious,grey_marketing,github_Yerassyl04_Spam-kazakh,0
1304,Кіру үшін растау кодыңыз: 297197,kk,safe,legitimate,synthetic_template_kz,1
1305,Нөміріңіз Tele2 акциясының жеңімпазы атанды! Жүлде 50 000 тг. Растаңыз: egov-kz.online,kk,scam,fake_prize,synthetic_template_kz,1
1306,ЖҚЕ бұзғаны үшін 25 700 тг айыппұл. 50% жеңілдікпен төлеу: jusan-secure.info,kk,scam,fake_police,synthetic_template_kz,1
1307,Анықтамасыз және кепілсіз 2 000 000 тг дейін қарыз мақұлданды. 5 минутта рәсімдеу: beeline.kz.,kk,suspicious,grey_marketing,synthetic_template_kz,1
1308,"Halyk Bank: 56 000 тг несие мақұлданды. Өтініш бермеген болсаңыз, бас тартыңыз wb-kz-prize.shop",kk,scam,fake_bank,synthetic_template_kz,1
1309,Пополнение 6 000 000 тг на карту *1270. Баланс 51 000 тг,ru,safe,legitimate,synthetic_template_kz,1
1310,"Такси прибыло. Chevrolet Cobalt, гос. номер 140 EFM 04",ru,safe,legitimate,synthetic_template_kz,1
1311,"Бағдарламалау сабағы 17:00-ге ауыстырылды, 238 аудитория",kk,safe,legitimate,synthetic_template_kz,1
1312,"Оплата ЖКХ за февраль принята, сумма 2 000 000 тг",ru,safe,legitimate,synthetic_template_kz,1
1313,Activ: остаток 8 ГБ и 143 минут до 15.5,ru,safe,legitimate,synthetic_template_kz,1
1314,Розыгрыш к 30-летию! Вам начислен бонус 63 000 тг. Для вывода оплатите комиссию 4105 тг,ru,scam,fake_prize,synthetic_template_kz,1
1315,"Оплата  ЖКХ  за январь принята, сумма 36 000 тг",ru,safe,legitimate,synthetic_template_kz,1
1316,Kaspi Red: 55 000 тг бөліп төлеу рәсімделді. Болдырмау wb-kz-prize.shop,kk,scam,kaspi_scam,synthetic_template_kz,1
1317,Kaspi Gold: kод 628628. Ешкімге айтпаңыз. Егер бұл cіз болmасаңыз +7 739 373 66 77 нөміріне қоңырау шалыңыз,kk,scam,kaspi_scam,synthetic_template_kz,1
1318,"Гүлнара, сізге 20 300 тг жеке несие лимиті қолжетімді. Толығырақ қосымшада",kk,suspicious,grey_marketing,synthetic_template_kz,1
1319,Розыгрыш к 30-летию! Вам начислен бонус 9 000 000 тг. Для вывода оплатите комиссию 4749 тг,ru,scam,fake_prize,synthetic_template_kz,1
1320,"Ерлан, сізге 47 000 тг жеке несие лимиті қолжетімді. Толығырақ қосымшада ⚠️",kk,suspicious,grey_marketing,synthetic_template_kz,1
1321,"Возврат страховки по кредиту. Проверьте, положена ли вам kомпенсация: +7 772 137 71 59",ru,suspicious,grey_marketing,synthetic_template_kz,1
1322,"Қызметкерлер қажет, кесте еркін, күнделікті төлем 16 000 тг. Telegram +7 799 354 29 11",kk,suspicious,grey_marketing,synthetic_template_kz,1
1323,"Занятие по алгебре переносится на 12:00, аудитория 241",ru,safe,legitimate,synthetic_template_kz,1
1324,"Занятие по физике переносится на 16:00, аудитория 388",ru,safe,legitimate,synthetic_template_kz,1
1325,Мерейтойлық ұтыс! Сізге 13 000 тг бонус есептелді. Шығару үшін 3970 тг комиссия төлеңіз,kk,scam,fake_prize,synthetic_template_kz,1
1326,Анықтамасыз және кепілсіз 14 000 тг дейін қарыз мақұлданды. 5 минутта рәсімдеу: jusan.kz,kk,suspicious,grey_marketing,synthetic_template_kz,1
1327,Комитет госдоходов: на ваше имя заведено производство. Явитесь или ознакомьтесь bonus-kz.click,ru,scam,fake_police,synthetic_template_kz,1
1328,Вы 1000-й посетитель! Заберите iPhone 15 бесплатно: kz-vyigrysh.net,ru,scam,fake_prize,synthetic_template_kz,1
1329,Розыгрыш к 30-летию! Вам начислен бонус 78 400 тг. Для вывода оплатите комиссию 7931 тг,ru,scam,fake_prize,synthetic_template_kz,1
1330,Сіздің пікіріңіз біз үшін өте маңызды.,kk,safe,legitimate,github_Yerassyl04_Spam-kazakh,0
1331,КНБ  РК:  на ваше имя заведено производство. Явитесь или ознакомьтесь enpf-vyplata.ru,ru,scam,fake_police,synthetic_template_kz,1
1332,Тек бүгін! Temu дүкенінде барлық тауарға 58% жеңілдік. Түн ортасына дейін үлгеріңіз,kk,suspicious,grey_marketing,synthetic_template_kz,1
1333,ҰҚК. Шоттарыңызға тыйым салынды. Шектеуді 23:59-ға дейін алу: kaspi.kz.secure-login.cc,kk,scam,fake_police,synthetic_template_kz,1
1334,ЖСН нөміріңіз заңсыз операцияда қолданылған. Тергеуші хабарлaсады: +7 776 455 79 94. Үшінші тұлғаларға айтпаңыз,kk,scam,fake_police,synthetic_template_kz,1
1335,Пополнение 63 000 тг на карту *1195. Баланс 61 500 тг,ru,safe,legitimate,synthetic_template_kz,1
1336,Ваш номер выбран победителем акции izi! Приз 49 000 тг. Подтвердите: bonus-kz.click,ru,scam,fake_prize,synthetic_template_kz,1
1337,"Kaspi Gold: код 539526. Никому не сообщайте. Если это не вы, звоните +7 740 208 28 63",ru,scam,kaspi_scam,synthetic_template_kz,1
1338,Сіз 1000-шы келуші болдыңыз! iPhone 17 тегін алыңыз: kaspi-gold.site,kk,scam,fake_prize,synthetic_template_kz,1
1339,"Требуются сотрудники, график свободный, оплата ежедневно 34 000 тг. Telegram по номеру +7 759 561 68 84",ru,suspicious,grey_marketing,synthetic_template_kz,1
1340,Ұлттық Банк. Шоттарыңызға тыйым салынды. Шектеуді 30 минут ішінде алу: kaspi-bonus.top,kk,scam,fake_police,synthetic_template_kz,1
1341,Activ: подключена подписка за 605 тг/нед. Отключить *784#,ru,suspicious,grey_marketing,synthetic_template_kz,1
1342,"Внимание! Ваша карта *8080 скомпрометирована. Переведите средства на резервный счет, инструкция: beeline-bonus.icu",ru,scam,fake_bank,synthetic_template_kz,1
1343,№951339 тапсыpысыңыз Kaspi Postomat пунктіне жетті. 5 күн ішінде алыңыз,kk,safe,legitimate,synthetic_template_kz,1
1344,Kaspi Red: 6 000 000 тг бөліп төлеу рәсімделді. Болдырмау halyk-verify.xyz,kk,scam,kaspi_scam,synthetic_template_kz,1
1345,"Алгебра сабағы 12:00-ге ауыстырылды, 414 аудитория",kk,safe,legitimate,synthetic_template_kz,1
1346,Freedom Bank қауіпсіздік қызметі: 9 000 000 тг күдікті аударым. +7 772 191 40 60 нөміріне жедел хабарласыңыз,kk,scam,fake_bank,synthetic_template_kz,1
1347,"Дәл қазір тіркеліңіз, бос орындар шектеулі!",kk,suspicious,grey_marketing,github_Yerassyl04_Spam-kazakh,0
1348,Еске салу: оқу ақысын 18.7 дейін төлеу қажет. Сома 80 800 тг,kk,safe,legitimate,synthetic_template_kz,1
1349,Розыгрыш к 30-летию! Вам начислен бонус 76 000 тг. Для вывода оплатите комиссию 7122 тг,ru,scam,fake_prize,synthetic_template_kz,1
1350,Kaspi: перевод 26 000 тг от Асель ожидает подтверждения. Подтвердить: gov-kz.support,ru,scam,kaspi_scam,synthetic_template_kz,1
1351,"Сәлеметсіз бе, Kaspi-дегі хабарландыру бойынша жазып тұрмын. Төледім, сілтеме арқылы растаңыз halykbank.kz.verify.top",kk,scam,kaspi_scam,synthetic_template_kz,1
1352,Kasi Red: рассрочка на 5 000 000 тг оформлена. Отменить kaspi-gold.site,ru,scam,kaspi_scam,synthetic_template_kz,1
1353,"Сәлеметсіз бе, Kaspi-дегі хабарландыру бойынша жазып тұрмын. Төледім, сілтеме арқылы растаңыз kz-vyigrysh.net",kk,scam,kaspi_scam,synthetic_template_kz,1
1354,Еске салу: оқу ақысын 21.8 дейін төлеу қажет. Сома 82 500 тг,kk,safe,legitimate,synthetic_template_kz,1
1355,Уважаемый клиент! Карта *7524 заблокирована по подозрению в мошенничестве. Для разблокировки перейдите bonus-kz.click до 23:59,ru,scam,fake_bank,synthetic_template_kz,1
1356,Kaspi Магазин: ваш товар продан. Для получения 84 000 тг перейдите forte-cabinet.pro,ru,scam,kaspi_scam,synthetic_template_kz,1
1357,Сіздің таңдау жасауыңызға мүмкіндік бар.,kk,safe,legitimate,github_Yerassyl04_Spam-kazakh,0
1358,Одобрен займ до 24 000 тг без справок и залога. Оформить за 5 минут: halykbank.kz,ru,suspicious,grey_marketing,synthetic_template_kz,1
1359,Напоминание: срок оплаты за обучение до 15.8. Сумма 9 000 000 тг,ru,safe,legitimate,synthetic_template_kz,1
1360,Заработок из дома от 8 000 тг в неделю. Пишите в WhatsApp +7 711 178 98 73,ru,suspicious,grey_marketing,synthetic_template_kz,1
1361,Повестка в суд по делу №30907. Материалы дела: kz-vyigrysh.net,ru,scam,fake_police,synthetic_template_kz,1
1362,"izi: 8 ГБ және 670 минут қалды, 7.2 дейін",kk,safe,legitimate,synthetic_template_kz,1
1363,"ForteBank: 1 000 000 тг сатып алу, карта *6587. Қолжетімді 7 000 000 тг",kk,safe,legitimate,synthetic_template_kz,1
1364,Altel: остаток 15 ГБ и 436 минут до 3.10,ru,safe,legitimate,synthetic_template_kz,1
1365,"ForteBank: 1 000 000 тг несие мақұлданды. Өтініш бермеген болсаңыз, бас тартыңыз forte-cabinet.pro",kk,scam,fake_bank,synthetic_template_kz,1
1366,"Kaspi Bank: одобрен кредит на 56 000 тг. Если вы не подавали заявку, отмените здесь wb-kz-prize.shop",ru,scam,fake_bank,synthetic_template_kz,1
1367,"На вас оформлен кредит мошенниками. Дело ведет Служба судебных исполнителей, оператор +7 778 782 31 97",ru,scam,fake_police,synthetic_template_kz,1
1368,Beeline: аптасына 819 тг жазылым қосылды. Өшіру *715#,kk,suspicious,grey_marketing,synthetic_template_kz,1
1369,Құттықтаймыз! Сіз Bereke Bank ұтыс ойынында 15 000 тг ұттыңыз. Жүлдені алу: halykbank.kz.verify.top,kk,scam,fake_prize,synthetic_template_kz,1
1370,Кіру үшін растау кодыңыз: 256747,kk,safe,legitimate,synthetic_template_kz,1
1371,Бүгін 90%-ға дейін жеңілдік.,kk,suspicious,grey_marketing,github_Yerassyl04_Spam-kazakh,0
1372,Ваш аккаунт eGov будет удален до 23:59. Подтвердите ИИН: kaspi.kz.secure-login.cc,ru,scam,phishing,synthetic_template_kz,1
1373,Тек бүгін! Wildberries дүкенінде барлық тауарға 45% жеңілдік. Түн ортасына дейін үлгеріңіз,kk,suspicious,grey_marketing,synthetic_template_kz,1
1374,Достарыңызбен сөйлесуді ұмытпаңыз.,kk,safe,legitimate,github_Yerassyl04_Spam-kazakh,0
1375,"Ерлан, сізге 4 000 000 тг жеке несие лимиті қолжетімді. Толығырақ қосымшада",kk,suspicious,grey_marketing,synthetic_template_kz,1
1376,Kaspi: перевод 31 000 тг от Асель ожидает подтверждения. Подтвердить: wb-kz-prize.shop,ru,scam,kaspi_scam,synthetic_template_kz,1
1377,Оқу семинарлары мен тренингтер туралы ақпарат.,kk,safe,legitimate,github_Yerassyl04_Spam-kazakh,0
1378,Заработок из дома от 51 000 тг в неделю. Пишите в WhatsApp +7 704 511 55 65,ru,suspicious,grey_marketing,synthetic_template_kz,1
1379,№28090 іс бойынша сотқа шақыру. Іс материалдары: kaspi.kz.secre-login.cc,kk,scam,fake_police,synthetic_template_kz,1
1380,Поздравляем! Вы Bыиграли 70 000 тг в рoзыгрыше ForteBank. Забрать пpиз: kaspi-gold.site,ru,scam,fake_prize,synthetic_template_kz,1
1381,Еске салу: оқу ақысын 10.5 дейін төлеу қажет. Сома 40 900 тг,kk,safe,legitimate,synthetic_template_kz,1
1382,"Үйден жұмыс, аптасына 7 000 000 тг табыс. WhatsApp +7 778 760 49 17 жазыңыз",kk,suspicious,grey_marketing,synthetic_template_kz,1
1383,Бесплатная диагностика организма в нашей клинике. Запись на сегодня +7 725 117 90 37,ru,suspicious,grey_marketing,synthetic_template_kz,1
1384,"OTBASY BANK: ПОКУПКА 5 000 000 ТГ, КАРТА *3025. ДОСТУПНО 32 000 ТГ",ru,safe,legitimate,synthetic_template_kz,1
1385,"Сәлеметсіз бе, Kaspi-дегі хабарландыру бойынша жазып тұрмын. Төледім, сілтеме арқылы растаңыз enpf-vyplata . ru",kk,scam,kaspi_scam,synthetic_template_kz,1
1386,Сіз 1000-шы келyші болдыңыз! iPhone 17 тeгін aлыңыз: gov-kz.support,kk,scam,fake_prize,synthetic_template_kz,1
1387,"Activ: тариф ұзартылды, 6232 тг есептен шығарылды",kk,safe,legitimate,synthetic_template_kz,1
1388,eGov.  Шоттарыңызға  тыйым салынды. Шектеуді жедел түрде алу: kz-vyigrysh.net,kk,scam,fake_police,synthetic_template_kz,1
1389,Клиникамызда тегін диагностика. Бүгінге жазылу +7 780 413 81 23,kk,suspicious,grey_marketing,synthetic_template_kz,1
1390,"SE-2422 тобының жиналысы 15:00-де, 2 корпус",kk,safe,legitimate,synthetic_template_kz,1
1391,"Достарыңызға жіберіңіз, сіз жеңіске жетесіз!",kk,scam,fake_prize,github_Yerassyl04_Spam-kazakh,0
1392,Тек бүгін: дәрі-дәрмектерді 50%-ға арзандатыңыз!,kk,suspicious,grey_marketing,github_Yerassyl04_Spam-kazakh,0
1393,Бүгін кешке бізде арнайы акция!,kk,suspicious,grey_marketing,github_Yerassyl04_Spam-kazakh,0
1394,Altel: остаток 8 ГБ и 570 минут до 23.10,ru,safe,legitimate,synthetic_template_kz,1
1395,Только сегодHя! Скидkа 78% на все тоBары в Temu. Успей до полуночи,ru,suspicious,grey_marketing,synthetic_template_kz,1
1396,ЖСН нөміріңіз заңсыз операцияда қолданылған. Тергеуші хабарласады: +7 730 192 84 55. Үшінші тұлғаларға айтпаңыз,kk,scam,fake_police,synthetic_template_kz,1
1397,ЖСН нөміріңіз заңсыз операцияда қолданылған. Тергеуші хабарласады: +7 710 521 76 60. Үшінші тұлғаларға айтпаңыз,kk,scam,fake_police,synthetic_template_kz,1
1398,Тек бүгін! Ozon дүкенінде барлық тауарға 63% жеңілдік. Түн ортасына дейін үлгеріңіз,kk,suspicious,grey_marketing,synthetic_template_kz,1
1399,Сіз AliExpress сертификатын 11 000 тг алдыңыз. бүгін 18:00-ге дейін белсендіріңіз: kaspi-bonus.top,kk,scam,fake_prize,synthetic_template_kz,1
1400,"Встреча  группы  SE-2420 в 11:00, корпус 1",ru,safe,legitimate,synthetic_template_kz,1
1401,"Занятие по программированию переносится на 11:00, аудитория 342",ru,safe,legitimate,synthetic_template_kz,1
1402,Картаға өтінішіңіз қаралды. Белсендіру үшін +7 766 754 77 42 нөміріне қоңырау шалыңыз,kk,suspicious,grey_marketing,synthetic_template_kz,1
1403,eGov. Наложен арест на счета. Снять ограничение в тeчение 2 часов: egov-kz.online,ru,scam,fake_police,synthetic_template_kz,1
1404,"На вас оформлен кредит мошенниками. Дело ведет Антифрод-центр, оператор +7 772 413 92 33",ru,scam,fake_police,synthetic_template_kz,1
1405,izi: аптасына 460 тг жазылым қосылды. Өшіру *389#,kk,suspicious,grey_marketing,synthetic_template_kz,1
1406,Ваш счет будет закрыт срочно из-за неподтвержденных данных. Обновите анкету: halyk-verify.xyz,ru,scam,fake_bank,synthetic_template_kz,1
1407,Kaspi Bank. Списание 8 000 000 тг одобрено. Отменить операцию: halyk-veriy.xyz,ru,scam,fake_bank,synthetic_template_kz,1
1408,Нөміріңіз Activ акциясының жеңімпазы атанды! Жүлде 43 000 тг. Растаңыз: halykbank.kz.verify.top,kk,scam,fake_prize,synthetic_template_kz,1
1409,"На вас оформлен кредит мошенниками. Дело ведет Комитет госдоходов, оператор +7 770 756 96 64",ru,scam,fake_police,synthetic_template_kz,1
1410,Бүгін жеңілдікпен 1000 теңге ұтып алыңыз!,kk,suspicious,grey_marketing,github_Yerassyl04_Spam-kazakh,0
1411,Напоминание: срок оплаты за обучение до 8.10. Сумма 4 000 000 тг,ru,safe,legitimate,synthetic_template_kz,1
1412,Құрметті клиент! *5725 картаңыз күдікті операцияға байланысты бұғатталды. Бұғаттан шығару: kaspi-bonus.top,kk,scam,fake_bank,synthetic_template_kz,1
1413,"Такси келді. Toyota Camry, мемлекеттік нөмір 555 NCR 03",kk,safe,legitimate,synthetic_template_kz,1
1414,Назар аударыңыз! *8366 картаңыз қауіпте. Қаражатты резервтік шотқа аударыңыз: kz-vyigrysh.net,kk,scam,fake_bank,synthetic_template_kz,1
1415,Сізге Антифрод орталығы тарапынан қорғалған хабарлама келді. Оқу: enpf-vyplata.ru,kk,scam,phishing,synthetic_template_kz,1
1416,Kaspi Магазин: тауарыңыз сатылды. 62 000 тг алу үшін өтіңіз forte-cabinet.pro,kk,scam,kaspi_scam,synthetic_template_kz,1
1417,"Halyk Bank: 7 000 000 тг несие мақұлданды. Өтініш бермеген болсаңыз, бас тартыңыз kaspi-bonus.top",kk,scam,fake_bank,synthetic_template_kz,1
1418,Картаға өтінішіңіз қаралды. Белсендіру үшін +7 731 764 32 23 нөміріне қоңырау шалыңыз,kk,suspicious,grey_marketing,synthetic_template_kz,1
1419,Kaspi: код 790378. Никому не сообщайте. ⚠️,ru,safe,legitimate,synthetic_template_kz,1
1420,Kaspi Red: рассрочка на 25 000 тг оформлена. Отменить gov-kz.support,ru,scam,kaspi_scam,synthetic_template_kz,1
1421,Налоговая задолженность 9 000 000 тг. Погасить онлайн: halykbank.kz.verify.top,ru,scam,phishing,synthetic_template_kz,1
1422,Сіздің жұмысыңыз бен курстарыңыздың мерзімдері.,kk,safe,legitimate,github_Yerassyl04_Spam-kazakh,0
1423,Уважаемый клиент! Карта *6732 заблокиpована по подозрению в mошенничестBе. Для разблокировки перейдите kaspi-bonus.top в течение 24 часов,ru,scam,fake_bank,synthetic_template_kz,1
1424,"Крипто-сигналы с точностью 85%. Первый месяц бесплатно, канал по ссылке в профиле",ru,suspicious,grey_marketing,synthetic_template_kz,1
1425,БЖЗҚ дерекқоры жаңартылды. Сізге 38 700 тг төлем есептелді. Алу: kaspi-bonus . top,kk,scam,phishing,synthetic_template_kz,1
1426,Деректеріңіз расталмағандықтан шотыңыз 30 минут ішінде жабылады. Сауалнаманы жаңартыңыз: kaspi-bonus.top,kk,scam,fake_bank,synthetic_template_kz,1
1427,"Возврат страховки по кредиту. Проверьте, положена ли вам компенсация: +7 791 758 45 87",ru,suspicious,grey_marketing,synthetic_template_kz,1
1428,Бесплатная диагностика организма в нашей клинике. Запись на сегодня +7 754 450 12 25,ru,suspicious,grey_marketing,synthetic_template_kz,1
1429,Beeline: аптасына 859 тг жазылым қосылды. Өшіру *938#,kk,suspicious,grey_marketing,synthetic_template_kz,1
1430,ЖСН нөміріңіз заңсыз операцияда қолданылған. Тергеуші хабарласды: +7 721 120 54 77. Үшінші тұлғаларға айтпаңыз,kk,scam,fake_police,synthetic_template_kz,1
1431,Сізді өте үлкен жеңіс күтіп тұр!,kk,suspicious,grey_marketing,github_Yerassyl04_Spam-kazakh,0
1432,Құттықтаймыз! Сіз ForteBank ұтыс ойынында 49 000 тг ұттыңыз. Жүлдені алу: beeline-bonus.icu,kk,scam,fake_prize,synthetic_template_kz,1
1433,Kaspi Postomat: неверный адрес доставки. Уточните данные halyk-verify.xyz иначе заказ вернется отправителю,ru,scam,phishing,synthetic_template_kz,1
1434,Kaspi: Тимур жіберген 95 400 тг аударым растауды күтуде. Растау: egov-kz.online,kk,scam,kaspi_scam,synthetic_template_kz,1
1435,Сіз Ozon сертификатын 9 000 000 тг алдыңыз. 2 сағат ішінде белсендіріңіз: kaspi-bonus.top,kk,scam,fake_prize,synthetic_template_kz,1
1436,"Қызметкерлер қажет, кесте еркін, күнделікті төлем 12 000 тг. Telegram +7 760 386 34 72",kk,suspicious,grey_marketing,synthetic_template_kz,1
1437,Клиникамызда  тегін  диагностика. Бүгінге жазылу +7 728 749 53 66,kk,suspicious,grey_marketing,synthetic_template_kz,1
1438,"Beeline: 11 ГБ және 704 минут қалды, 16.8 дейін",kk,safe,legitimate,synthetic_template_kz,1
1439,"Үйден жұмыс, аптасына 5 000 000 тг табыс. WhatsApp +7 711 668 83 16 жазыңыз",kk,suspicious,grey_marketing,synthetic_template_kz,1
1440,"Freedom Bank: покупка 24 000 тг, карта *5387. Доступно 84 200 тг",ru,safe,legitimate,synthetic_template_kz,1
1441,Kasi: перевод 91 600 тг от Мадина ожидает подтверждения. Подтвердить: wb-kz-prize.shop,ru,scam,kaspi_scam,synthetic_template_kz,1
1442,Ваша заявка на карту рассмотрена. Перезвоните +7 706 323 14 16 для активации,ru,suspicious,grey_marketing,synthetic_template_kz,1
1443,"Freedom Bank: покупка 41 000 тг, карта *1895. Доступно 42 200 тг",ru,safe,legitimate,synthetic_template_kz,1
1444,JUSAN BANK. СПИСАНИЕ 24 000 ТГ ОДОБРЕНО. ОТМЕНИТЬ ОПЕРАЦИЮ: KASPI-BONUS.TOP,ru,scam,fake_bank,synthetic_template_kz,1
1445,Вы получили сертификат AliExpress на 65 000 тг. Активировать срочно: kaspi-gold.site,ru,scam,fake_prize,synthetic_template_kz,1
1446,№520093 тапсырысыңыз Boxberry пунктіне жетті. 5 күн ішінде алыңыз,kk,safe,legitimate,synthetic_template_kz,1
1447,"Здравствуйте, Данияр! Напоминаем о записи к врачу завтра в 16:00",ru,safe,legitimate,synthetic_template_kz,1
1448,Kaspi: код 669311. Никоу не сообщайте.,ru,safe,legitimate,synthetic_template_kz,1
1449,Заработок из дома от 4 000 000 тг в неделю. Пишите в WhatsApp +7 706 284 90 26,ru,suspicious,grey_marketing,synthetic_template_kz,1
1450,"Оплата ЖКХ за февраль принята, сумма 8 000 000 тг",ru,safe,legitimate,synthetic_template_kz,1
1451,"Beeline: 8 ГБ және 79 минут қалды, 1.7 дейін",kk,safe,legitimate,synthetic_template_kz,1
1452,Обновление базы ЕНПФ. Вам начислена выплата 42 000 тг. Получить: jusan-secure.info,ru,scam,phishing,synthetic_template_kz,1
1453,Заңгермен ақылдасу керек,kk,safe,legitimate,github_Yerassyl04_Spam-kazakh,0
1454,Тексеру үшін сілтемеге өтіңіз,kk,scam,fake_prize,github_Yerassyl04_Spam-kazakh,0
1455,"Ағылшын тілі сабағы 15:00-ге ауытырылды, 307 аудитория",kk,safe,legitimate,synthetic_template_kz,1
1456,Тек бүгін: 50% жеңілдікпен тауарларды алыңыз!,kk,suspicious,grey_marketing,github_Yerassyl04_Spam-kazakh,0
1457,Еске салу: оқу ақысын 6.2 дейін төлеу қажет. Сома 53 000 тг,kk,safe,legitimate,synthetic_template_kz,1
1458,Повестка в суд по делу №13806. Материалы дела: beeline-bonus.icu,ru,scam,fake_police,synthetic_template_kz,1
1459,Вы 1000-й посетитель! Заберите iPhone 16 бесплатно: halykbank.kz.verify.top,ru,scam,fake_prize,synthetic_template_kz,1
1460,Altel: аптасына 283 тг жазылым қосылды. Өшіру *73#,kk,suspicious,grey_marketing,synthetic_template_kz,1
1461,"Сәлеметсіз бе, Тимур! Ертең сағат 15:00-де дәрігерге жазылғаныңызды еске саламыз",kk,safe,legitimate,synthetic_template_kz,1
1462,Ұлттық  Банк.  Шоттарыңызға тыйым салынды. Шектеуді 30 минут ішінде алу: beeline-bonus.icu,kk,scam,fake_police,synthetic_template_kz,1
1463,Құрметті клиент! *4682 картаңыз күдікті операцияға байланысты бұғатталды. Бұғаттан шығару: halykbank.kz.verify.top,kk,scam,fake_bank,synthetic_template_kz,1
1464,Антифрод орталығы: сіздің атыңызға іс қозғалды. Танысу үшін kaspi.kz.secure-login.cc,kk,scam,fake_police,synthetic_template_kz,1
1465,Kaspi: Жанна жіберген 6 000 000 тг аударым растауды күтуде. Растау: jusan-secure.info,kk,scam,kaspi_scam,synthetic_template_kz,1
1466,"Әйгерім, сізге 3 000 000 тг жеке несие лимиті қолжетімді. Толығырақ қосымшада",kk,suspicious,grey_marketing,synthetic_template_kz,1
1467,Halyk Bank. 60 800 тг есептен шығару бекітілді. Болдырмау үшін: bonus-kz.click,kk,scam,fake_bank,synthetic_template_kz,1
1468,"izi: тариф продлен, списано 8045 тг. Следующее списание 2.2",ru,safe,legitimate,synthetic_template_kz,1
1469,"Внимание! Ваша карта *1404 скомпрометирована. Переведите средства на резервный счет, инструкция: kaspi.kz.secure-login.cc",ru,scam,fake_bank,synthetic_template_kz,1
1470,Tele2:  подключена  подписка за 756 тг/нед. Отключить *613#,ru,suspicious,grey_marketing,synthetic_template_kz,1
1471,№41093 іс бойынша сотқа шақыру. Іс материалдары: kz-vyigrysh.net,kk,scam,fake_police,synthetic_template_kz,1
1472,Мемлекеттік кірістер комитеті: сіздің атыңызға іс қозғалды. Танысу үшін kaspi-bonus.top,kk,scam,fake_police,synthetic_template_kz,1
1473,Только сегодня! Скидка 69% на все товары в Ozon. Успей до полуночи,ru,suspicious,grey_marketing,synthetic_template_kz,1
1474,"Beeline: 8 ГБ жәHе 597 минyт қалды, 28.9 дeйін",kk,safe,legitimate,synthetic_template_kz,1
1475,"қаңтар айына коммуналдық төлем қабылданды, сома 28 000 тг",kk,safe,legitimate,synthetic_template_kz,1
1476,"Әйгерім, сізге 93 000 тг жеке несие лимиті қолжетімді. Толығырақ қосымшада",kk,suspicious,grey_marketing,synthetic_template_kz,1
1477,Кітап жазу бойынша жиналысқа қатысыңыз.,kk,safe,legitimate,github_Yerassyl04_Spam-kazakh,0
1478,"Бағдарламалау сабағы 19:00-ге ауыстырылды, 491 аудитория",kk,safe,legitimate,synthetic_template_kz,1
1479,Одобрен займ до 73 000 тг без справок и залога. Оформить за 5 минут: tele2.kz,ru,suspicious,grey_marketing,synthetic_template_kz,1
1480,ЖҚЕ бұзғаны үшін 20 600 тг айыппұл. 50% жеңілдікпен төлеу: kz-vyigrysh.net,kk,scam,fake_police,synthetic_template_kz,1
1481,Напоминание: срок оплаты за обучение до 24.7. Сумма 42 000 тг,ru,safe,legitimate,synthetic_template_kz,1
1482,"Инвестиции от 93 000 тг, доход 29% в месяц. Консультация +7 701 870 90 63",ru,suspicious,grey_marketing,synthetic_template_kz,1
1483,Напоминание: срок оплаты за обучение до 28.4. Сумма 87 500 тг,ru,safe,legitimate,synthetic_template_kz,1
1484,БЖЗҚ дерекқоры жаңартылды. Сізге 73 600 тг төлем есептелді. Алу: bonus-kz.click,kk,scam,phishing,synthetic_template_kz,1
1485,Жаңа жылға дайындық жұмыстарын бастаңыз.,kk,safe,legitimate,github_Yerassyl04_Spam-kazakh,0
1486,"34 000 тг бастап инвестиция, айына 54% табыс. Кеңес +7 750 235 22 16",kk,suspicious,grey_marketing,synthetic_template_kz,1
1487,eGov: анықтамаңыз дайын. Мобильді қосымшадан жүктеңіз !!!,kk,safe,legitimate,synthetic_template_kz,1
1488,ЖҚЕ бұзғаны үшін 76 600 тг айыппұл. 50% жеңлдікпен төлеу: kaspi-gold.site,kk,scam,fake_police,synthetic_template_kz,1
1489,Altel: аптасыHа 379 тг жазылым қосылды. Өшіру *771#,kk,suspicious,grey_marketing,synthetic_template_kz,1
1490,Кіру  үшін  растау кодыңыз: 218490,kk,safe,legitimate,synthetic_template_kz,1
1491,"Здравствуйте, Арман! Напоминаем о записи к врачу завтра в 16:00",ru,safe,legitimate,synthetic_template_kz,1
1492,eGov аккаунтыңыз 2 сағат ішінде жойылады. ЖСН растаңыз: kaspi-gold.site,kk,scam,phishing,synthetic_template_kz,1
1493,"Ерлан, сізге 79 000 тг төлем мақұлданды. Деректерді осында енгізіңіз kaspi.kz.secure-login.cc",kk,scam,fake_prize,synthetic_template_kz,1
1494,Kaspi:  перевод  46 800 тг от Данияр ожидает подтверждения. Подтвердить: egov-kz.online,ru,scam,kaspi_scam,synthetic_template_kz,1
1495,Сіз AliExpress сертификатын 1 000 000 тг алдыңыз. жедел түрде белсендіріңіз: forte-cabinet.pro,kk,scam,fake_prize,synthetic_template_kz,1
1496,Сатып алғаныңыз үшін рахмет! Түбіртек wildberries.kz сайтында,kk,safe,legitimate,synthetic_template_kz,1
1497,"Otbsy Bank: одобрен кредит на 92 000 тг. Если вы не подавали заявку, отмените здесь kaspi.kz.secure-login.cc",ru,scam,fake_bank,synthetic_template_kz,1
1498,"Здравствуйте, Жанна! Напоминаем о записи к врачу завтра в 17:00",ru,safe,legitimate,synthetic_template_kz,1
1499,Кіру үшін растау кодыңыз: 281656,kk,safe,legitimate,synthetic_template_kz,1
1500,Анықтамасыз және кепілсіз 19 300 тг дейін қарыз мақұлданды. 5 минутта рәсімдеу: halykbank.kz,kk,suspicious,grey_marketing,synthetic_template_kz,1
1501,"Здравствуйте, я по объявлению на Kaspi. Уже оплатил, подтвердите получение по ссылке forte-cabinet.pro",ru,scam,kaspi_scam,synthetic_template_kz,1
1502,Сіздің шотыңыз бұғатталды.,kk,suspicious,grey_marketing,github_Yerassyl04_Spam-kazakh,0
1503,"Санжар, сізге 44 000 тг төлем мақұлданды. Деректерді осында енгізіңіз halyk-verify.xyz",kk,scam,fake_prize,synthetic_template_kz,1
1504,Kaspi Магазин: тауарыңыз сатылды. 56 000 тг алу үшін өтіңіз bonus-kz.click,kk,scam,kaspi_scam,synthetic_template_kz,1
1505,"63 000 тг бастап инвестиция, айына 16% табыс. Кеңес +7 714 818 58 87",kk,suspicious,grey_marketing,synthetic_template_kz,1
1506,Kaspi: перевод 3 000 000 тг от Асель ожидает подтверждения. Подтвердить: wb-kz-prize.shop,ru,scam,kaspi_scam,synthetic_template_kz,1
1507,"Otbasy Bank: 22 000 тг сатып алу, карта *4313. Қолжетімді 6 000 000 тг",kk,safe,legitimate,synthetic_template_kz,1
1508,Жаңа кітаптардың таныстырылымы.,kk,safe,legitimate,github_Yerassyl04_Spam-kazakh,0
1509,"Здравсtвуйте, я по объявлению на Kaspi. Уже оплатил, подтвердите получeние по ссылке enpf-vyplata.ru",ru,scam,kaspi_scam,synthetic_template_kz,1
1510,Жаңа спорттық форма сатып алу уақыты келді!,kk,safe,legitimate,github_Yerassyl04_Spam-kazakh,0
1511,"Такcи келді. Toyota Camry, мeмлекеттік нөмір 733 SSZ 09",kk,safe,legitimate,synthetic_template_kz,1
1512,Трейдинг курстары. Бірінші сабақ тегін. Тіркелу +7 704 551 96 94,kk,suspicious,grey_marketing,synthetic_template_kz,1
1513,Ваш код подтверждения для входа: 103412,ru,safe,legitimate,synthetic_template_kz,1
1514,Сіздің сұрауыңыз бойынша 3000 теңге алуға мүмкіндік!,kk,suspicious,grey_marketing,github_Yerassyl04_Spam-kazakh,0
1515,"Bank RBK: жеке кабинетіңізге жаңа құрылғыдан кіру әрекеті тіркелді. Егер бұл сіз болмасаңыз, растаңыз: kaspi-bonus.top",kk,scam,fake_bank,synthetic_template_kz,1
1516,"Activ: тариф ұзартылды, 5116 тг есептен шығарылды",kk,safe,legitimate,synthetic_template_kz,1
1517,Антифрод-центр: на ваше имя заведено производство. Явитесь или ознакомьтесь jusan-secure.info !!!,ru,scam,fake_police,synthetic_template_kz,1
1518,Вы  получили  сертификат AliExpress на 47 000 тг. Активировать в течение 2 часов: kz-vyigrysh.net,ru,scam,fake_prize,synthetic_template_kz,1
1519,"Otbasy Bank: жеке кабинетіңізге жаңа құрылғыдан кіру әрекеті тіркелді. Егер бұл сіз болмасаңыз, растаңыз: wb-kz-prize.shop",kk,scam,fake_bank,synthetic_template_kz,1
1520,БЖЗҚ дерекқоры жаңартылды. Сізге 4 000 000 тг төлем есептелді. Алу: halyk-verify.xyz,kk,scam,phishing,synthetic_template_kz,1
1521,"Такси келді. Toyota Camry, мемлекеттік нөмір 675 ZCY 07",kk,safe,legitimate,synthetic_template_kz,1
1522,"Otbasy Bank: одобрен кредит на 16 000 тг. Если вы не подавали заявку, отмените здесь gov-kz.support",ru,scam,fake_bank,synthetic_template_kz,1
1523,Altel: подключена подписка за 503 тг/нед. Отключить *199#,ru,suspicious,grey_marketing,synthetic_template_kz,1
1524,Брондауға 10000 төлеңіз,kk,suspicious,grey_marketing,github_Yerassyl04_Spam-kazakh,0
1525,"Гульнара, вам доступен персональный кредитный лимит 81 400 тг. Подробнее в приложении",ru,suspicious,grey_marketing,synthetic_template_kz,1
1526,Обновление базы ЕНПФ. Вам начислена выплата 58 000 тг. Получить: gov-kz.support,ru,scam,phishing,synthetic_template_kz,1
1527,Жаңа фильмдер көрсетілімін жібермеңіз.,kk,safe,legitimate,github_Yerassyl04_Spam-kazakh,0
1528,ForteBank қауіпсіздік қызметі: 90 000 тг күдікті аударым. +7 743 199 92 27 нөміріне жедел хабарласыңыз,kk,scam,fake_bank,synthetic_template_kz,1
1529,Мерейтойлық ұтыс! Сізге 90 300 тг бонус есептелді. Шығару үшін 2722 тг комиссия төлеңіз !!!,kk,scam,fake_prize,synthetic_template_kz,1
1530,Вы пoлyчили сeртификат Wildberries на 13 000 тг. Активировать до 23:59: bonus-kz.click,ru,scam,fake_prize,synthetic_template_kz,1
1531,Кіру үшін растау кодыңыз: 103503,kk,safe,legitimate,synthetic_template_kz,1
1532,"Здравствуйте, Санжар! Напоминаеm о записи к врачу завтра B 11:00",ru,safe,legitimate,synthetic_template_kz,1
1533,"Kaspi Bank: жеке кабинетіңізге жаңа құрылғыдан кіру әрекеті тіркелді. Егер бұл сіз болмасаңыз, растаңыз: enpf-vyplata.ru",kk,scam,fake_bank,synthetic_template_kz,1
1534,Kaspi: код 552361. Никому не сообщайте.,ru,safe,legitimate,synthetic_template_kz,1
1535,"Внимание! Ваша карта *6044 скомпрометирована. Переведите средства на резервный счет, инструкция: beeline-bonus.icu",ru,scam,fake_bank,synthetic_template_kz,1
1536,"Үйден жұмыс, аптасына 50 000 тг табыс. WhatsApp +7 719 246 88 12 жазыңыз",kk,suspicious,grey_marketing,synthetic_template_kz,1
1537,"Требуются сотрудники, график свободный, оплата ежедневно 39 000 тг. Telegram по номеру +7 798 879 50 82",ru,suspicious,grey_marketing,synthetic_template_kz,1
1538,"Halyk Bank: покупка 19 300 тг, карта *4786. Доступно 26 000 тг",ru,safe,legitimate,synthetic_template_kz,1
1539,Ваш  номер  выбран победителем акции Beeline! Приз 9 000 000 тг. Подтвердите: egov-kz.online,ru,scam,fake_prize,synthetic_template_kz,1
1540,"ЗДРАВСТВУЙТЕ, Я ПО ОБЪЯВЛЕНИЮ НА KASPI. УЖЕ ОПЛАТИЛ, ПОДТВЕРДИТЕ ПОЛУЧЕНИЕ ПО ССЫЛКЕ KASPI.KZ.SECURE-LOGIN.CC",ru,scam,kaspi_scam,synthetic_template_kz,1
1541,Bereke Bank. Списание 55 000 тг одобрено. Отмeнить операцию: halykbank.kz.verify.top,ru,scam,fake_bank,synthetic_template_kz,1
1542,Тек бүгін! AliExpress дүкенінде барлық тауарға 88% жеңілдік. Түн ортасына дейін үлгеріңіз,kk,suspicious,grey_marketing,synthetic_template_kz,1
1543,eGov. Шоттарыңызға тыйым салынды. Шектеуді жедел түрде алу: kaspi-gold.site,kk,scam,fake_police,synthetic_template_kz,1
1544,izi: срок действия SIM истекает. Продлите регистрацию kz-vyigrysh.net,ru,scam,phishing,synthetic_template_kz,1
1545,ҰҚК: сіздің атыңызға іс қозғалды. Танысу үшін kaspi-gold.site,kk,scam,fake_police,synthetic_template_kz,1
1546,Сіз Kaspi Магазин сертификатын 8 000 тг алдыңыз. күн соңына дейін белсендіріңіз: kaspi.kz.secure-login.cc,kk,scam,fake_prize,synthetic_template_kz,1
1547,"Здравствуйте, Арман! Напоминаем о записи к врачу завтра в 14:00",ru,safe,legitimate,synthetic_template_kz,1
1548,"izi: 15 ГБ және 461 минут қалды, 6.5 дейін",kk,safe,legitimate,synthetic_template_kz,1
1549,Спорттық іс-шараларға қатысу туралы ескертпе.,kk,safe,legitimate,github_Yerassyl04_Spam-kazakh,0
1550,"Beeline: тариф ұзартылды, 8101 тг есептен шығарылды",kk,safe,legitimate,synthetic_template_kz,1
1551,"Оплата ЖКХ за февраль принята, сумма 10 600 тг",ru,safe,legitimate,synthetic_template_kz,1
1552,Жедел түрде хабарласыңыз!,kk,scam,fake_prize,github_Yerassyl04_Spam-kazakh,0
1553,Beeline: срок действия SIM истекает. Продлите регистрацию kaspi-gold.site,ru,scam,phishing,synthetic_template_kz,1
1554,Kaspi: код 45919. Ешкімге айтпаңыз.,kk,safe,legitimate,synthetic_template_kz,1
1555,ЖСН нөміріңіз заңсыз операцияда қолданылған. Тeргеуші хабарлaсады: +7 782 361 47 54. Үшінші тұлғаларғa айтпаңыз,kk,scam,fake_police,synthetic_template_kz,1
1556,Kaspi: код 236489. Никому не сообщайте.,ru,safe,legitimate,synthetic_template_kz,1
1557,Activ: аптасына 351 тг жазылым қосылды. Өшіру *352#,kk,suspicious,grey_marketing,synthetic_template_kz,1
1558,Ваш заказ №599875 прибыл в пункт выдачи Kaspi Postomat. Забрать в течение 5 дней,ru,safe,legitimate,synthetic_template_kz,1
1559,Kaspi Магазин: тауарыңыз сатылды. 78 000 тг алу үшін өтіңіз forte-cabinet.pro,kk,scam,kaspi_scam,synthetic_template_kz,1
1560,"ТИМУР, ВАМ ДОСТУПЕН ПЕРСОНАЛЬНЫЙ КРЕДИТНЫЙ ЛИМИТ 77 200 ТГ. ПОДРОБНЕЕ В ПРИЛОЖЕНИИ",ru,suspicious,grey_marketing,synthetic_template_kz,1
1561,Уведомление о штрафе 39 700 тг за нарушение ПДД. Оплата со скидкой 50%: kaspi-bonus.top,ru,scam,fake_police,synthetic_template_kz,1
1562,Ваш ИИН использован в незаконной операции. Следователь свяжется с вами: +7 768 267 31 75. Не сообщайте третьим лицам !!!,ru,scam,fake_police,synthetic_template_kz,1
1563,Сізге 1 000 000 тг сомасына Kaspi Bonus 20% түсті. Белсендіру gov-kz.support,kk,scam,kaspi_scam,synthetic_template_kz,1
1564,Туған күніңізге дайындық жасаңыз!,kk,safe,legitimate,github_Yerassyl04_Spam-kazakh,0
1565,Сіздің қалаңыздағы мәдени шаралар туралы біліңіз.,kk,safe,legitimate,github_Yerassyl04_Spam-kazakh,0
1566,ЖҚЕ бұзғаны үшін 45 500 тг айыппұл. 50% жеңілдікпен төлеу: kz-vyigrysh.net,kk,scam,fake_police,synthetic_template_kz,1
1567,Сатып алғаныңыз үшін рахмет! Түбіртек halykbank.kz сайтында,kk,safe,legitimate,synthetic_template_kz,1
1568,Сізге 51 200 тг сомасына Kaspi Bonus 5% түсті. Белсендіру gov-kz.support,kk,scam,kaspi_scam,synthetic_template_kz,1
1569,eGov: анықтамаңыз дайын. Мобильді қоcыmшадаH жүктеңіз,kk,safe,legitimate,synthetic_template_kz,1
1570,Ваш ИИН использован в незаконной операции. Следователь свяжется с вами: +7 717 686 19 30. Не сообщайте третьим лицам,ru,scam,fake_police,synthetic_template_kz,1
1571,"Үйден жұмыс, аптасына 44 100 тг табыс. WhatsApp +7 795 443 54 10 жазыңыз",kk,suspicious,grey_marketing,synthetic_template_kz,1
1572,Ваш номер выбран победителем акции Activ! Приз 17 700 тг. Подтвердите: forte-cabinet.pro,ru,scam,fake_prize,synthetic_template_kz,1
1573,"Сәлеметсіз бе, Еpлан! Еpтең сағат 17:00-де дәрігерге жазылғаHыңызды еске саламыз",kk,safe,legitimate,synthetic_template_kz,1
1574,*3002 картаға 17 500 тг толықтырылды. Баланс 66 000 тг,kk,safe,legitimate,synthetic_template_kz,1
1575,Мерейтойлық ұтыс! Сізге 8 000 000 тг бонус есептелді. Шығару үшін 9527 тг комиссия төлеңіз,kk,scam,fake_prize,synthetic_template_kz,1
1576,Кіру үшін растау кодыңыз: 687731,kk,safe,legitimate,synthetic_template_kz,1
1577,Бесплатная диагностика организма в нашей клинике. Запись на сегодня +7 725 528 78 37,ru,suspicious,grey_marketing,synthetic_template_kz,1
1578,"Оплата ЖКХ за январь принята, сумма 80 000 тг",ru,safe,legitimate,synthetic_template_kz,1
1579,Нөміріңіз зейнетақыны қайта есептеуге қатысады. Форманы толтырыңыз beeline-bonus.icu,kk,scam,phishing,synthetic_template_kz,1
1580,Кіру үшін растау кодыңыз: 513581,kk,safe,legitimate,synthetic_template_kz,1
1581,"Крипо-сигналы с точностью 81%. Первый месяц бесплатно, канал по ссылке в профиле",ru,suspicious,grey_marketing,synthetic_template_kz,1
1582,"Занятие  по  английскому переносится на 11:00, аудитория 219",ru,safe,legitimate,synthetic_template_kz,1
1583,"ForteBank: 8 000 000 тг сатып алу, карта *5283. Қолжетімді 72 000 тг",kk,safe,legitimate,synthetic_template_kz,1
1584,№970772  тапсырысыңыз  СДЭК пунктіне жетті. 5 күн ішінде алыңыз,kk,safe,legitimate,synthetic_template_kz,1
1585,"Такси келді. Toyota Camry, мемлекеттік нөмір 647 NXE 09",kk,safe,legitimate,synthetic_template_kz,1
1586,Трейдинг курстары. Бірінші сабақ тегін. Тіркелу +7 761 789 55 43,kk,suspicious,grey_marketing,synthetic_template_kz,1
1587,Kaspi:  код  576034. Никому не сообщайте.,ru,safe,legitimate,synthetic_template_kz,1
1588,ЖҚЕ бұзғаны үшін 54 000 тг айыппұл. 50% жеңілдікпен төлеу: kaspi-bonus.top,kk,scam,fake_police,synthetic_template_kz,1
1589,Boxberry: неверный адрес доставки. Уточните данные forte-cabinet.pro иначе заказ вернется отправителю,ru,scam,phishing,synthetic_template_kz,1
1590,МВД РК: на ваше имя заведено производство. Явитесь или ознакомьтесь wb-kz-prize.shop,ru,scam,fake_police,synthetic_template_kz,1
1591,"Tele2: тариф продлен, списано 7093 тг. Следующее списание 13.5",ru,safe,legitimate,synthetic_template_kz,1
1592,Ваша заявка на карту рассмотрена. Перезвоните +7 785 341 61 54 для активации,ru,suspicious,grey_marketing,synthetic_template_kz,1
1593,Тек бүгін! AliExpress дүкенінде барлық тауарға 88% жеңілдік. Түн ортасына дейін үлгеріңіз 🔴,kk,suspicious,grey_marketing,synthetic_template_kz,1
1594,Тезірек тіркеліп құр қалма,kk,scam,fake_prize,github_Yerassyl04_Spam-kazakh,0
1595,eGov: cіздің аtыңызға іc қозғалды. Танысу үшін gov-kz.support,kk,scam,fake_police,synthetic_template_kz,1
1596,Сізгe eGov тарапынан қорғалған хабарлама келді. Оқу: enpf-vyplata.ru,kk,scam,phishing,synthetic_template_kz,1
1597,Салық берешегі 5 000 000 тг. Онлайн өтеу: halyk-verify.xyz,kk,scam,phishing,synthetic_template_kz,1
1598,"Оплата ЖКХ за февраль принята, сумма 94 000 тг",ru,safe,legitimate,synthetic_template_kz,1
1599,Ваш аккаунт eGov будет удален сегодня до 18:00. Подтвердите ИИН: kz-vyigrysh.net,ru,scam,phishing,synthetic_template_kz,1
1600,"Ана, мен кешігемін, шамамен 19-де боламын",kk,safe,legitimate,synthetic_template_kz,1
1601,Клиникамызда тегін диагностика. Бүгінге жазылу +7 781 215 40 15,kk,suspicious,grey_marketing,synthetic_template_kz,1
1602,Жаңа технологиялар туралы мақалалар.,kk,safe,legitimate,github_Yerassyl04_Spam-kazakh,0
1603,"Bereke Bank: жеке кабинетіңізге жаңа құрылғыдан кіру әрекеті тіркелді. Егер бұл сіз болмасаңыз, растаңыз: kaspi-bonus.top",kk,scam,fake_bank,synthetic_template_kz,1
1604,Kaspi: код 376996. Никому не сообщайте.,ru,safe,legitimate,synthetic_template_kz,1
1605,"Несие бойынша сақтандыруды қайтaру. Өтемақы тиесілі ме, тексеріңіз: +7 720 136 33 72",kk,suspicious,grey_marketing,synthetic_template_kz,1
1606,Сіз Wildberries сертификатын 39 000 тг алдыңыз. 2 сағат ішінде белсендіріңіз: wb-kz-prize.shop,kk,scam,fake_prize,synthetic_template_kz,1
1607,Бүгіннің ұсынысы: сатып алғаныңыз үшін сыйлық алыңыз!,kk,suspicious,grey_marketing,github_Yerassyl04_Spam-kazakh,0
1608,Есkе салу: оқу ақыcын 13.1 дейін төлеу қажет. Сома 9 000 000 тг,kk,safe,legitimate,synthetic_template_kz,1
1609,"Встреча группы SE-2424 в 11:00, корпус 1",ru,safe,legitimate,synthetic_template_kz,1
1610,№242119 тапсырысыңыз Boxberry пунктіне жетті. 5 күн ішінде алыңыз,kk,safe,legitimate,synthetic_template_kz,1
1611,"Здравствуйте, Алия! Напоминаем о записи к врачу завтра в 12:00",ru,safe,legitimate,synthetic_template_kz,1
1612,"Требуются сотрудники, график свободный, оплата ежедневно 32 000 тг. Telegram по номеру +7 729 998 51 63",ru,suspicious,grey_marketing,synthetic_template_kz,1
1613,Сіз үшін арнайы ұсыныс жасадық.,kk,safe,legitimate,github_Yerassyl04_Spam-kazakh,0
1614,Антифрод-центр: на ваше имя заведено производство. Явитесь или ознакомьтесь enpf-vyplata.ru,ru,scam,fake_police,synthetic_template_kz,1
1615,Назар  аударыңыз!  *4585 картаңыз қауіпте. Қаражатты резервтік шотқа аударыңыз: forte-cabinet.pro,kk,scam,fake_bank,synthetic_template_kz,1
1616,Ваша заявка на карту раcсмотрена. Пeрезвоните +7 742 987 18 16 для активации,ru,suspicious,grey_marketing,synthetic_template_kz,1
1617,"Tele2: тариф ұзартылды, 8138 тг есептен шығарылды",kk,safe,legitimate,synthetic_template_kz,1
1618,"Возврат страховки по кредиту. Проверьте, положена ли вам компенсация: +7 734 944 61 10",ru,suspicious,grey_marketing,synthetic_template_kz,1
1619,Kaspi Gold: код 877900. Ешкімге айтпаңыз. Егер бұл сіз болмасаңыз +7 790 219 58 87 нөміріне қоңырау шалыңыз,kk,scam,kaspi_scam,synthetic_template_kz,1
1620,"Физика сабағы 11:00-ге ауыстырылды, 355 аудитория",kk,safe,legitimate,synthetic_template_kz,1
1621,Кіру үшін растау кодыңыз: 521826,kk,safe,legitimate,synthetic_template_kz,1
1622,"Занятие по алгебре переносится на 18:00, аудитория 424",ru,safe,legitimate,synthetic_template_kz,1
1623,Kaspi: код 639145. Никому не сообщайте.,ru,safe,legitimate,synthetic_template_kz,1
1624,"мамыр айына коммуналдық төлем қабылданды, сома 68 000 тг",kk,safe,legitimate,synthetic_template_kz,1
1625,"Altel:  тариф  ұзартылды, 3634 тг есептен шығарылды",kk,safe,legitimate,synthetic_template_kz,1
1626,"УРА! Данияр, вам одобрена выплата 78 000 тг. Реквизиты укажите тут kaspi-gold.site",ru,scam,fake_prize,synthetic_template_kz,1
1627,"Оплата ЖКХ за март принята, сумма 45 000 тг",ru,safe,legitimate,synthetic_template_kz,1
1628,Kaspi Магазин: тауаыңыз сатылды. 5 000 000 тг алу үшін өтіңіз halykbank.kz.verify.top,kk,scam,kaspi_scam,synthetic_template_kz,1
1629,Нөміріңіз Activ акциясының жеңімпазы аtанды! Жүлде 94 200 tг. Рaстаңыз: kaspi.kz.secure-login.cc,kk,scam,fake_prize,synthetic_template_kz,1
1630,Kaspi: Арман жіберген 99 400 тг аударым растауды күтуде. Растау: kaspi.kz.secure-login.cc,kk,scam,kaspi_scam,synthetic_template_kz,1
1631,"Сотрудник банка свяжется с вами по номеру +7 704 681 38 77. Не сообщайте код никому, кроме специалиста",ru,scam,fake_bank,synthetic_template_kz,1
1632,Пополнение 72 300 тг на карту *2630. Баланс 46 000 тг,ru,safe,legitimate,synthetic_template_kz,1
1633,Салық берешегі 5 000 000 тг. Онлайн өтеу: wb-kz-prize.shop,kk,scam,phishing,synthetic_template_kz,1
1634,Сіз Ozon сертификатын 35 000 тг алдыңыз. 2 сағат ішінде белсендіріңіз: enpf-vyplata.ru,kk,scam,fake_prize,synthetic_template_kz,1
1635,Поздравляем! Вы выиграли 95 000 тг в розыгрыше Eurasian Bank. Забрать приз: beeline-bonus.icu,ru,scam,fake_prize,synthetic_template_kz,1
1636,"Altel: тариф продлен, списано 7939 тг. Следующее списание 12.5",ru,safe,legitimate,synthetic_template_kz,1
1637,ЖҚЕ  бұзғаны  үшін 71 000 тг айыппұл. 50% жеңілдікпен төлеу: bonus-kz.click,kk,scam,fake_police,synthetic_template_kz,1
1638,Клиникамызда тегін диагностика. Бүгінге жазылу +7 723 614 22 44,kk,suspicious,grey_marketing,synthetic_template_kz,1
1639,Одобрен займ до 9 000 000 тг без справок и залога. Оформить за 5 минут: jusan.kz,ru,suspicious,grey_marketing,synthetic_template_kz,1
1640,Бесплатная диагностика организма в нашей клинике. Запись на сегодня +7 796 733 61 39,ru,suspicious,grey_marketing,synthetic_template_kz,1
1641,Ес таңдырарлық жүлделер ұтып ал!,kk,suspicious,grey_marketing,github_Yerassyl04_Spam-kazakh,0
1642,ЖСН нөміріңіз заңсыз операцияда қолданылған. Тергеуші хабарласады: +7 773 870 54 22. Үшінші тұлғаларға айтпаңыз,kk,scam,fake_police,synthetic_template_kz,1
1643,Kaspi: Данияр жіберген 30 000 тг аударым растауды күтуде. Растау: halykbank.kz.verify.top,kk,scam,kaspi_scam,synthetic_template_kz,1
1644,"23 000 тг бастап инвестиция, айына 24% табыс. Кеңес +7 741 895 20 50",kk,suspicious,grey_marketing,synthetic_template_kz,1
1645,"Сіз 1,000,000 теңге ұтып алдыңыз!",kk,suspicious,grey_marketing,github_Yerassyl04_Spam-kazakh,0
1646,Салық берешегі 5 000 тг. Онлайн өтеу: kaspi-gold.site,kk,scam,phishing,synthetic_template_kz,1
1647,"Здравствуйте, Алия! Напоминаем о записи к врачу завтра в 18:00",ru,safe,legitimate,synthetic_template_kz,1
1648,eGov:  анықтамаңыз  дайын. Мобильді қосымшадан жүктеңіз,kk,safe,legitimate,synthetic_template_kz,1
1649,"Оплата ЖКХ за май принята, сумма 8 000 000 тг",ru,safe,legitimate,synthetic_template_kz,1
1650,"На вас оформлен кредит мошенниками. Дело ведет Служба судебных исполнителей, оператор +7 744 917 17 45",ru,scam,fake_police,synthetic_template_kz,1
1651,Сіз 1000-шы келуші болдыңыз! iPhone 16 тегін алыңыз: kaspi-bonus . top,kk,scam,fake_prize,synthetic_template_kz,1
1652,Beeline: подключена подписка за 823 тг/нед. Отключить *565#,ru,suspicious,grey_marketing,synthetic_template_kz,1
1653,Анықтамасыз және кепілсіз 5 000 000 тг дейін қарыз мақұлданды. 5 минутта рәсімдеу: tele2.kz,kk,suspicious,grey_marketing,synthetic_template_kz,1
1654,Назар аударыңыз! *2634 картаңыз қaуіпте. Қаражатты резервтіk шотқа аyдарыңыз: halykbank.kz.verify.top,kk,scam,fake_bank,synthetic_template_kz,1
1655,Нөміріңіз зейнетақыны қайта есептеуге қатысады. Фораны толтырыңыз kz-vyigrysh.net,kk,scam,phishing,synthetic_template_kz,1
1656,"Kaspi Gold: код 462838. Никоmу не сообщaйте. Если это не вы, звоните +7 776 957 16 30",ru,scam,kaspi_scam,synthetic_template_kz,1
1657,Вам пришло защищенное сообщение от Антифрод-центр. Прочитать: kaspi.kz.secure-login.cc !!!,ru,scam,phishing,synthetic_template_kz,1
1658,Kaspi Магазин: посылка задержана на таможне. Оплатите пошлину 703 тг: wb-kz-prize.shop.,ru,scam,phishing,synthetic_template_kz,1
1659,Трейдинг курстары. Бірінші сабақ тегін. Тіркелу +7 797 869 47 65,kk,suspicious,grey_marketing,synthetic_template_kz,1
1660,Вы 1000-й поcеtитель! Заберите iPhone 13 бесплатно: forte-cabinet.pro,ru,scam,fake_prize,synthetic_template_kz,1
1661,Сізге 16 800 тг сомасына Kaspi Bonus 19% түсті. Белсендіру halyk-verify.xyz,kk,scam,kaspi_scam,synthetic_template_kz,1
1662,Kaspi Red: 9 000 000 тг бөліп төлеу рәсімделді. Болдырmау wb-kz-prize.shop,kk,scam,kaspi_scam,synthetic_template_kz,1
1663,Ваш код подтверждения для входа: 124624,ru,safe,legitimate,synthetic_template_kz,1
1664,Beeline: подключена подписка за 265 тг/нед. Отключить *102#,ru,suspicious,grey_marketing,synthetic_template_kz,1
1665,"Несие бойынша сақтандыруды қайтару. Өтемақы тиесілі ме, тексеріңіз: +7 725 380 20 41",kk,suspicious,grey_marketing,synthetic_template_kz,1
1666,Құттықтaймыз! Сіз Bereke Bank ұтыс ойынында 5 000 000 тг ұттыңыз. Жүлдені алу: egov-kz.online,kk,scam,fake_prize,synthetic_template_kz,1
1667,Тезірек біздің қатарға қосыл,kk,scam,fake_prize,github_Yerassyl04_Spam-kazakh,0
1668,"Здравствуйте, я по объявлению на Kaspi. Уже оплатил, подтвердите получение по ссылке kaspi-gold.site",ru,scam,kaspi_scam,synthetic_template_kz,1
1669,"Здравствуйте, я по объявлению на Kaspi. Ужe оплатил, подtвердите получение по cсылке halyk-verify.xyz",ru,scam,kaspi_scam,synthetic_template_kz,1
1670,Служба судебных исполнителей. Наложен арест на счета. Снять ограничение в течение 2 часов: egov-kz.online,ru,scam,fake_police,synthetic_template_kz,1
1671,МВД РК. Наложен арест на счета. Снять ограничение в течение 30 минут: kz-vyigrysh.net,ru,scam,fake_police,synthetic_template_kz,1
1672,Kaspi Магазин: тауарыңыз сатылды. 6 000 000 тг алу үшін өтіңіз kaspi.kz.secure-login.cc,kk,scam,kaspi_scam,synthetic_template_kz,1
1673,Служба безопасности ForteBank: подозрительный перевод на 75 300 тг. Свяжитесь с оператором +7 799 892 15 19 немедленно,ru,scam,fake_bank,synthetic_template_kz,1
1674,"Инвестиции от 67 000 tг, доход 45% в меcяц. Консyльтация +7 791 687 50 25",ru,suspicious,grey_marketing,synthetic_template_kz,1
1675,Құрметті клиент! *8542 картаңыз күдікті операцияға байланысты бұғатталды. Бұғаттан шығару: wb-kz-prize.shop,kk,scam,fake_bank,synthetic_template_kz,1
1676,Тек бүгін! Kaspi Магазин дүкенінде барлық тауарға 67% жеңілдік. Түн ортасына дейін үлгеріңіз,kk,suspicious,grey_marketing,synthetic_template_kz,1
1677,Только сегодня! Скидка 47% на все товары в Temu. Успей до полуночи,ru,suspicious,grey_marketing,synthetic_template_kz,1
1678,№489612 тапсырысыңыз Яндекс Доставка пунктіне жетті. 5 күн ішінде алыңыз,kk,safe,legitimate,synthetic_template_kz,1
1679,"Оплата  ЖКХ  за январь принята, сумма 84 100 тг",ru,safe,legitimate,synthetic_template_kz,1
1680,"Қызmеткерлер қажет, кесте еркін, күнделікті төлем 11 000 тг. Telegram +7 714 357 78 60",kk,suspicious,grey_marketing,synthetic_template_kz,1
1681,"75 000 ТГ БАСТАП ИНВЕСТИЦИЯ, АЙЫНА 33% ТАБЫС. КЕҢЕС +7 760 803 29 90",kk,suspicious,grey_marketing,synthetic_template_kz,1
1682,Обновление базы ЕНПФ. Вам начислена выплата 91 900 тг. Получить: halyk-verify.xyz,ru,scam,phishing,synthetic_template_kz,1
1683,Одобрен займ до 36 800 тг без справок и залога. Оформить за 5 минут: wildberries.kz,ru,suspicious,grey_marketing,synthetic_template_kz,1
1684,Ваш код подтверждения для входа: 120100,ru,safe,legitimate,synthetic_template_kz,1
1685,Құрметті клиент! *8080 картаңыз күдікті операцияға байланысты бұғатталды. Бұғаттан шығару: jusan-secure.info,kk,scam,fake_bank,synthetic_template_kz,1
1686,Вы получили сертификат Ozon на 4 000 000 тг. Активировать сегодня до 18:00: bonus-kz.click,ru,scam,fake_prize,synthetic_template_kz,1
1687,Ваш  код  подтверждения для входа: 794553,ru,safe,legitimate,synthetic_template_kz,1
1688,Tele2: аптасына 575 тг жазылым қосылды. Өшіру *361#,kk,suspicious,grey_marketing,synthetic_template_kz,1
1689,Мерейтойлық ұтыс! Сізге 2 000 000 тг бонус есептелді. Шығару үшін 7336 тг комиссия төлеңіз,kk,scam,fake_prize,synthetic_template_kz,1
1690,"Несие бойынша сақтандыруды қайтару. Өтемақы тиесілі ме, тексеріңіз: +7 755 541 98 55",kk,suspicious,grey_marketing,synthetic_template_kz,1
1691,"Несие бойынша сақтандыруды қайтару. Өтемақы тиесілі ме, тексеріңіз: +7 789 913 98 65",kk,suspicious,grey_marketing,synthetic_template_kz,1
1692,ЖҚЕ бұзғаны үшін 8 000 000 тг айыппұл. 50% жеңілдікпен төлеу: forte-cabinet.pro,kk,scam,fake_police,synthetic_template_kz,1
1693,Спасибо за покупку! Чек доступен на beeline.kz,ru,safe,legitimate,synthetic_template_kz,1
1694,Напоминaние: срок оплаты за обучение до 3.4. Сумма 28 000 тг,ru,safe,legitimate,synthetic_template_kz,1
1695,Нөміріңіз Altel акциясының жеңімпазы атанды! Жүлде 42 000 тг. Растаңыз: forte-cabinet.pro,kk,scam,fake_prize,synthetic_template_kz,1
1696,"Оплата ЖКХ за апрель принята, сумма 8 000 тг",ru,safe,legitimate,synthetic_template_kz,1
1697,"Санжар, вам доступен персональный кредитный лимит 55 000 тг. Подробнее в приложении",ru,suspicious,grey_marketing,synthetic_template_kz,1
1698,Kaspi Gold: код 96628. Ешкімге айтпаңыз. Егер бұл сіз болмасаңыз +7 780 914 51 57 нөміріне қоңырау шалыңыз,kk,scam,kaspi_scam,synthetic_template_kz,1
1699,Вам пришло защищенное сообщение от МВД РК. Прочитать: beeline-bonus.icu,ru,scam,phishing,synthetic_template_kz,1
1700,Kaspi Red: рассрочка Hа 8 000 000 тг oфоpмлена. Отменить halyk-verify.xyz,ru,scam,kaspi_scam,synthetic_template_kz,1
1701,Boxberry: жеткізу мекенжайы қате. Деректерді нақтылаңыз wb-kz-prize.shop,kk,scam,phishing,synthetic_template_kz,1
1702,"Занятие по программированию переносится на 10:00, аудитория 274",ru,safe,legitimate,synthetic_template_kz,1
1703,Құрметті клиент! *2606 картаңыз күдікті операцияға байланысты бұғатталды. Бұғаттан шығару: kaspi-bonus.top,kk,scam,fake_bank,synthetic_template_kz,1
1704,Activ: аптасына 550 тг жазылым қосылды. Өшіру *752#,kk,suspicious,grey_marketing,synthetic_template_kz,1
1705,"Jusan Bank: 8 000 000 тг несие мақұлданды. Өтініш бермеген болсаңыз, бас тартыңыз kaspi.kz.secure-login.cc",kk,scam,fake_bank,synthetic_template_kz,1
1706,Kaspi: код 103200. Никому не сообщайте.,ru,safe,legitimate,synthetic_template_kz,1
1707,Трейдинг курстары. Бірінші сабақ тегін. Тіркелу +7 715 155 19 87,kk,suspicious,grey_marketing,synthetic_template_kz,1
1708,"Келесі шараны ұмытпаңыз, міндетті түрде келіңіз",kk,safe,legitimate,github_Yerassyl04_Spam-kazakh,0
1709,Бесплатная диагностика организма в нашей клинике. Запись на сегодня +7 798 867 13 58,ru,suspicious,grey_marketing,synthetic_template_kz,1
1710,Уважаемый клиент! Карта *8549 заблокирована по подозрению в мошенничестве. Для разблокировки перейдите gov-kz.support сегодня до 18:00,ru,scam,fake_bank,synthetic_template_kz,1
1711,Ваш счет будет закрыт срочно из-за неподтвержденных данных. Обновите анкету: forte-cabinet.pro,ru,scam,fake_bank,synthetic_template_kz,1
1712,Уведомление о штрафе 8 000 000 тг за нарушение ПДД. Оплата со скидкой 50%: kaspi . kz . secure-login . cc,ru,scam,fake_police,synthetic_template_kz,1
1713,СЛУЖБА БЕЗОПАСНОСТИ HALYK BANK: ПОДОЗРИТЕЛЬНЫЙ ПЕРЕВОД НА 61 700 ТГ. СВЯЖИТЕСЬ С ОПЕРАТОРОМ +7 708 608 47 12 НЕМЕДЛЕННО,ru,scam,fake_bank,synthetic_template_kz,1
1714,Freedom Bank қауіпсіздік қызметі: 5 000 000 тг күдікті аударым. +7 719 258 80 45 нөміріне жедел хабарласыңыз,kk,scam,fake_bank,synthetic_template_kz,1
1715,"Altel: 29 ГБ және 445 минут қалды, 26.11 дейін",kk,safe,legitimate,synthetic_template_kz,1
1716,Kaspi Gold: код 933489. Ешкімге айтпаңыз. Егер бұл сіз болмасаңыз +7 776 848 89 26 нөміріне қоңырау шалыңыз,kk,scam,kaspi_scam,synthetic_template_kz,1
1717,"Такси прибыло. Toyota Camry, гос. номер 236 NXX 02",ru,safe,legitimate,synthetic_template_kz,1
1718,Бесплатная диагностика организма в нашей клинике. Запись на сегодня +7 730 635 22 33,ru,suspicious,grey_marketing,synthetic_template_kz,1
1719,Поздрaвляем! Вы выиграли 95 000 тг B розыгрыше Halyk Bank. Забрaть приз: kaspi-gold.site,ru,scam,fake_prize,synthetic_template_kz,1
1720,Мерейтойлық ұтыс! Сізге 3 000 000 тг бонус есептелді. Шығару үшін 4753 тг комиссия төлеңіз,kk,scam,fake_prize,synthetic_template_kz,1
1721,Одобрен займ до 3 000 000 тг без справок и залога. Оформить за 5 минут: kaspi.kz,ru,suspicious,grey_marketing,synthetic_template_kz,1
1722,"Внимание! Ваша карта *7592 скомпрометирована. Переведите средства на резервный счет, инструкция: halykbank.kz.verify.top",ru,scam,fake_bank,synthetic_template_kz,1
1723,Клиникамызда тегін диагностика. Бүгінге жазылу +7 785 806 98 87,kk,suspicious,grey_marketing,synthetic_template_kz,1
1724,Только сегодня! Скидка 79% на все товары в Temu. Успей до полуночи,ru,suspicious,grey_marketing,synthetic_template_kz,1
1725,Одобрен займ до 18 400 тг без справок и залога. Оформить за 5 минут: beeline.kz,ru,suspicious,grey_marketing,synthetic_template_kz,1
1726,"Требуются сотрудники, график свободный, оплата ежедневно 16 000 тг. Telegram по номеру +7 767 743 91 87",ru,suspicious,grey_marketing,synthetic_template_kz,1
1727,Служба судебных исполнителей: на ваше имя заведено производство. Явитесь или ознакомьтесь bonus-kz.click,ru,scam,fake_police,synthetic_template_kz,1
1728,№846001 тапсырысыңыз Kaspi Postomat пунктіне жетті. 5 күн ішінде алыңыз,kk,safe,legitimate,synthetic_template_kz,1
1729,"Крипто-сигналы с точностью 89%. Первый месяц бесплатно, канал по ссылке в профиле",ru,suspicious,grey_marketing,synthetic_template_kz,1
1730,"Әсел, сізге 64 000 тг жеке несие лимиті қолжетімді. Толығырақ қосымшада",kk,suspicious,grey_marketing,synthetic_template_kz,1
1731,eGov аккаунтыңыз жедел түрде жойылады. ЖСН растаңыз: enpf-vyplata.ru,kk,scam,phishing,synthetic_template_kz,1
1732,"Физика сабағы 14:00-ге ауыстырылды, 326 аудитория",kk,safe,legitimate,synthetic_template_kz,1
1733,Назар аударыңыз! *2433 картаңыз қауіпте. Қаражатты резервтік шотқа аударыңыз: jusan-secure.info,kk,scam,fake_bank,synthetic_template_kz,1
1734,Kaspi: код 707396. Ешкімге айтпаңыз.,kk,safe,legitimate,synthetic_template_kz,1
1735,Ваш номер участвует в перерасчете пенсии. Заполните форму kaspi.kz.secure-login.cc до конца недели,ru,scam,phishing,synthetic_template_kz,1
1736,"Altel: 15 ГБ және 288 минут қалы, 8.2 дейін",kk,safe,legitimate,synthetic_template_kz,1
1737,Сізге 1 000 000 тг сомасына Kaspi Bonus 16% түсті. Белсендіру wb-kz-prize.shop,kk,scam,kaspi_scam,synthetic_template_kz,1
1738,Мерейтойлық ұтыс! Сізге 29 000 тг бонус есептелді. Шыару үшін 5885 тг комиссия төлеңіз,kk,scam,fake_prize,synthetic_template_kz,1
1739,ВАШ ЗАКАЗ №802214 ПРИБЫЛ В ПУНКТ ВЫДАЧИ BOXBERRY. ЗАБРАТЬ В ТЕЧЕНИЕ 5 ДНЕЙ,ru,safe,legitimate,synthetic_template_kz,1
1740,Құттықтаймыз! Сіз Jusan Bank ұтыс ойынында 1 000 000 тг ұттыңыз. Жүлдені алу: halykbank.kz.verify.top,kk,scam,fake_prize,synthetic_template_kz,1
1741,"Такси келді. Kia Rio, мемлекеттік нөмір 755 NFC 03 ⚠️",kk,safe,legitimate,synthetic_template_kz,1
1742,Freedom Bank. 55 500 тг есептен шығару бекітілді. Болдырмау үшін: wb-kz-prize.shop,kk,scam,fake_bank,synthetic_template_kz,1
1743,izi: остаток 6 ГБ и 255 минут до 10.7 !!!,ru,safe,legitimate,synthetic_template_kz,1
1744,Одoбрен займ до 8 000 000 тг без справок и залогa. Оформить за 5 минут: halykbank.kz,ru,suspicious,grey_marketing,synthetic_template_kz,1
1745,"Activ: 9 ГБ және 101 минут қалды, 26.6 дейін",kk,safe,legitimate,synthetic_template_kz,1
1746,Сізге 46 000 тг сомасына Kaspi Bonus 10% түсті. Белсендіру halykbank.kz.verify.top,kk,scam,kaspi_scam,synthetic_template_kz,1
1747,ЖСН нөміріңіз заңсыз операцияда қолданылған. Тергеуші хабарласады: +7 794 573 37 10. Үшінші тұлғаларға айтпаңыз,kk,scam,fake_police,synthetic_template_kz,1
1748,Ваш номер участвует в перерасчете пенсии. Заполните форму wb-kz-prize.shop до конца недели,ru,scam,phishing,synthetic_template_kz,1
1749,Тегін вебинарға тіркеліңіз!,kk,suspicious,grey_marketing,github_Yerassyl04_Spam-kazakh,0
1750,ЖҚЕ бұзғаны үшін 37 000 тг айыппұл. 50% жеңілдікпен төлеу: wb-kz-prize.shop,kk,scam,fake_police,synthetic_template_kz,1
1751,"Внимание! Ваша карта *5691 скомпрометирована. Переведите средства на резервный счет, инструкция: jusan-secure.info",ru,scam,fake_bank,synthetic_template_kz,1
1752,Одобрен займ до 3 000 000 тг без справок и залога. Оформить за 5 минут: jusan.kz,ru,suspicious,grey_marketing,synthetic_template_kz,1
1753,"Сізге алаяқтар несие рәсімдеген. Істі Сот орындаушылары жүргізуде, оператор +7 779 539 51 48",kk,scam,fake_police,synthetic_template_kz,1
1754,ЖҚЕ бұзғаны үшін 3 000 000 тг айыппұл. 50% жеңілдікпен төлеу: jusan-secure.info,kk,scam,fake_police,synthetic_template_kz,1
1755,Сіз Ozon сертификатын 94 000 тг алдыңыз. күн соңына дейін белсендіріңіз: halyk-verify.xyz,kk,scam,fake_prize,synthetic_template_kz,1
1756,"Freedom Bank: 91 000 тг сатып алу, ката *9033. Қолжетімді 2 000 000 тг",kk,safe,legitimate,synthetic_template_kz,1
1757,eGov: ваша справка готова. Скачать в мобильном приложении или на forte.kz ⚠️,ru,safe,legitimate,synthetic_template_kz,1
1758,"Kaspi Gold: код 14627. Никому не сообщайте. Если это не вы, звоните +7 797 160 41 83",ru,scam,kaspi_scam,synthetic_template_kz,1
1759,"Физика сабағы 19:00-ге ауыстырылды, 366 аудитория",kk,safe,legitimate,synthetic_template_kz,1
1760,Kaspi Red: 93 000 тг бөліп төлеу рәсімделді. Болдырмау wb-kz-prize.shop,kk,scam,kaspi_scam,synthetic_template_kz,1
1761,"izi: тариф продлен, списано 8269 тг. Следующее списание 6.6",ru,safe,legitimate,synthetic_template_kz,1
1762,"Нұрлан, сізге 4 000 000 тг төлем мақұлданды. Дерекtерді оcында енгізіңіз kaspi.kz.secure-login.cc",kk,scam,fake_prize,synthetic_template_kz,1
1763,Пополнение 22 700 тг на карту *5561. Баланс 7 000 000 тг,ru,safe,legitimate,synthetic_template_kz,1
1764,Спасибо за покyпку! Чек доступен на tele2.kz,ru,safe,legitimate,synthetic_template_kz,1
1765,Ваш код подтверждения для входа: 868429,ru,safe,legitimate,synthetic_template_kz,1
1766,"Beeline: тариф ұзартылды, 7848 тг есептен шығарылды",kk,safe,legitimate,synthetic_template_kz,1
1767,Kaspi Red: рассрочка на 90 000 тг оформлена. Отменить kaspi.kz.secure-login.cc,ru,scam,kaspi_scam,synthetic_template_kz,1
1768,Розыгрыш к 30-летию! Вам начислен бонус 27 000 тг. Для вывода оплатите комиссию 8220 тг,ru,scam,fake_prize,synthetic_template_kz,1
1769,Ваш заказ №420633 прибыл в пункт выдачи Kaspi Postomat. Забать в течение 5 дней,ru,safe,legitimate,synthetic_template_kz,1
1770,"SE-2430 тобының жиналысы 10:00-де, 3 корпус",kk,safe,legitimate,synthetic_template_kz,1
1771,"Tele2: 9 ГБ және 691 минут қалды, 10.1 дейін",kk,safe,legitimate,synthetic_template_kz,1
1772,"Eurasian Bank: жеке кабинетіңізге жаңа құрылғыдан кіру әрекеті тіркелді. Егер бұл сіз болмасаңыз, растаңыз: gov-kz.support",kk,scam,fake_bank,synthetic_template_kz,1
1773,Ваша заявка на карту рассмотрена. Перезвоните +7 734 436 47 83 для активации,ru,suspicious,grey_marketing,synthetic_template_kz,1
1774,"Әйгерім, сізге 75 000 тг жеке несие лимиті қолжетімді. Толығырақ қосымшада",kk,suspicious,grey_marketing,synthetic_template_kz,1
1775,Сізге ҰҚК тарапынан қорғалған хабарлама келі. Оқу: jusan-secure.info,kk,scam,phishing,synthetic_template_kz,1
1776,Ваша заявка на карту рассмотрена. Перезвоните +7 771 600 87 30 для активации,ru,suspicious,grey_marketing,synthetic_template_kz,1
1777,Kaspi: код 785445. Никому не сообщайте.,ru,safe,legitimate,synthetic_template_kz,1
1778,"Үйден жұмыс, аптаcына 77 600 тг табыс. WhatsApp +7 781 626 20 99 жaзыңыз",kk,suspicious,grey_marketing,synthetic_template_kz,1
1779,Сіздің семинарларыңызда не болды?,kk,safe,legitimate,github_Yerassyl04_Spam-kazakh,0
1780,"ForteBank: зафиксирована попытка входа в ваш кабинет с нового устройства. Если это не вы, подтвердите личность: halyk-verify.xyz",ru,scam,fake_bank,synthetic_template_kz,1
1781,БЖЗҚ  дерекқоры  жаңартылды. Сізге 2 000 000 тг төлем есептелді. Алу: enpf-vyplata.ru,kk,scam,phishing,synthetic_template_kz,1
1782,"Инвестиции от 91 000 тг, доход 18% в месяц. Консультация +7 705 388 94 74",ru,suspicious,grey_marketing,synthetic_template_kz,1
1783,Kaspi Bank. 71 000 тг есептен шығару бекітілді. Болдырмау үшін: halyk-verify.xyz,kk,scam,fake_bank,synthetic_template_kz,1
1784,"На вас оформлен кредит мошенниками. Дело ведет КНБ РК, оператор +7 768 968 18 16",ru,scam,fake_police,synthetic_template_kz,1
1785,Уведомление о штрафе 16 100 тг за нарушение ПДД. Оплата со скидкой 50%: kaspi-bonus . top,ru,scam,fake_police,synthetic_template_kz,1
1786,Kaspi Gold: код 177114. Ешкімге айтпаңыз. Егер бұл сіз болmасаңыз +7 729 193 81 72 нөміpіне қоңырау шалыңыз,kk,scam,kaspi_scam,synthetic_template_kz,1
1787,Сіздің сараптамалық нәтижелеріңіз шықты алып кетуіңізді сұраймын,kk,safe,legitimate,github_Yerassyl04_Spam-kazakh,0
1788,Курсы трейдинга. Первое занятие бесплатно. Запись +7 749 848 54 17,ru,suspicious,grey_marketing,synthetic_template_kz,1
1789,"Қызметкерлер қажет, кесте еркін, күнделікті төлем 27 000 тг. Telegram +7 722 801 58 66",kk,suspicious,grey_marketing,synthetic_template_kz,1
1790,"АҒЫЛШЫН ТІЛІ САБАҒЫ 17:00-ГЕ АУЫСТЫРЫЛДЫ, 134 АУДИТОРИЯ",kk,safe,legitimate,synthetic_template_kz,1
1791,Tele2: аптасына 847 тг жазылым қосылды. Өшіру *821#,kk,suspicious,grey_marketing,synthetic_template_kz,1
1792,Спасибо за покупку! Чек доступен на wildberries.kz,ru,safe,legitimate,synthetic_template_kz,1
1793,Курсы трейдинга. Первое занятие бесплатно. Запись +7 730 744 77 91,ru,suspicious,grey_marketing,synthetic_template_kz,1
1794,"ForteBank: 52 000 тг несие мақұлданды. Өтініш бермеген болсаңыз, бас тартыңыз enpf-vyplata.ru",kk,scam,fake_bank,synthetic_template_kz,1
1795,Бесплатная диагностика организма в нашей клинике. Запись на сегодня +7 703 752 49 26,ru,suspicious,grey_marketing,synthetic_template_kz,1
1796,Одобрен  займ  до 3 000 000 тг без справок и залога. Оформить за 5 минут: kaspi.kz,ru,suspicious,grey_marketing,synthetic_template_kz,1
1797,Сіздің телефон нөміріңіз жеңіске жетті!,kk,scam,fake_prize,github_Yerassyl04_Spam-kazakh,0
1798,"Встреча группы SE-2426 в 12:00, корпус 1",ru,safe,legitimate,synthetic_template_kz,1
1799,Бұл сілтеме сенің болашығыңды шешеді,kk,scam,fake_prize,github_Yerassyl04_Spam-kazakh,0
1800,Kaspi Магазин: ваш товар продан. Для получения 96 000 тг перейдите wb-kz-prize.shop,ru,scam,kaspi_scam,synthetic_template_kz,1
1801,"Tele2: 8 ГБ және 505 минут қалды, 19.6 дейін",kk,safe,legitimate,synthetic_template_kz,1
1802,Нөміріңіз izi акциясының жеңімпазы атанды! Жүлде 58 600 тг. Растаңыз: halykbank.kz.verify.top,kk,scam,fake_prize,synthetic_template_kz,1
1803,Вы получили сертификат AliExpress на 35 000 тг. Активировать сегодня до 18:00: egov-kz.online,ru,scam,fake_prize,synthetic_template_kz,1
1804,Уведомление о штрафе 45 000 тг за нарушение ПДД. Оплата со скидкой 50%: halykbank.kz.verify.top,ru,scam,fake_police,synthetic_template_kz,1
1805,ЖҚЕ бұзғаны үшін 9 000 000 тг айыппұл. 50% жеңілдікпен төлеу: forte-cabinet.pro,kk,scam,fake_police,synthetic_template_kz,1
1806,Тек бүгін! Ozon дүкенінде барлық тауарға 46% жеңілдік. Түн ортасына дейін үлгеріңіз,kk,suspicious,grey_marketing,synthetic_template_kz,1
1807,Altel: остаток 2 ГБ и 686 минут до 6.9 !!!,ru,safe,legitimate,synthetic_template_kz,1
1808,"Такси келді. Kia Rio, мемлекеттік нөмір 316 XCA 08",kk,safe,legitimate,synthetic_template_kz,1
1809,"Возврат страховки по кредиту. Проверьте, положена ли вам компенсация: +7 714 748 55 93",ru,suspicious,grey_marketing,synthetic_template_kz,1
1810,"Физика сабағы 16:00-ге ауыстырылды, 199 аудитория",kk,safe,legitimate,synthetic_template_kz,1
1811,Бұндай жеңілдік бұрын соңды болмаған,kk,suspicious,grey_marketing,github_Yerassyl04_Spam-kazakh,0
1812,"Ана, мен кешігемін, шамамен 23-де боламын",kk,safe,legitimate,synthetic_template_kz,1
1813,"Несие бойнша сақтандыруды қайтару. Өтемақы тиесілі ме, тексеріңіз: +7 706 220 77 67",kk,suspicious,grey_marketing,synthetic_template_kz,1
1814,Вам пришло защищенное сообщение от eGov. Прочитать: forte-cabinet.pro,ru,scam,phishing,synthetic_template_kz,1
1815,Нөміріңіз Activ акциясының жеңімпазы атанды! Жүлде 9 000 000 тг. Растаңыз: wb-kz-prize.shop,kk,scam,fake_prize,synthetic_template_kz,1
1816,Еске салу: оқу ақысын 16.6 дейін төлеу қажет. Сома 5 000 000 тг,kk,safe,legitimate,synthetic_template_kz,1
1817,"На вас оформлен кредит мошенниками. Дело ведет Национальный Банк РК, оператор +7 753 799 40 79",ru,scam,fake_police,synthetic_template_kz,1
1818,Beeline:  остаток  1 ГБ и 165 минут до 18.6,ru,safe,legitimate,synthetic_template_kz,1
1819,Нөміріңіз izi акциясының жеңімпазы атанды! Жүлде 4 000 000 тг. Растаңыз: halyk-verify.xyz,kk,scam,fake_prize,synthetic_template_kz,1
1820,Құрметті клиент! *9258 картаңыз күдікті операцияға байланысты бұғатталды. Бұғаттан шығару: halykbank.kz.verify.top,kk,scam,fake_bank,synthetic_template_kz,1
1821,Сізге арнайы ұсыныс.,kk,suspicious,grey_marketing,github_Yerassyl04_Spam-kazakh,0
1822,Сізге eGov тарапынан қорғалған хабарлама келді. Оқу: gov-kz . support,kk,scam,phishing,synthetic_template_kz,1
1823,"Құттықтаймын, ұтысыңызды алыңыз",kk,scam,fake_prize,github_Yerassyl04_Spam-kazakh,0
1824,"izi: 1 ГБ және 149 минут қалды, 1.10 дейін",kk,safe,legitimate,synthetic_template_kz,1
1825,"Инвестиции от 11 000 тг, доход 58% в месяц. Консультация +7 726 681 53 22",ru,suspicious,grey_marketing,synthetic_template_kz,1
1826,Анықтамасыз және кепілсіз 84 000 тг дейін қарыз мақұлданды. 5 минутта рәсімдеу: forte.kz,kk,suspicious,grey_marketing,synthetic_template_kz,1
1827,Спасибо за покупку! Чек доступен на egov.kz,ru,safe,legitimate,synthetic_template_kz,1
1828,Служба безопасности Jusan Bank: подозрительный перевод на 1 000 000 тг. Свяжитесь с оператором +7 747 480 14 95 немедленно,ru,scam,fake_bank,synthetic_template_kz,1
1829,МЕРЕЙТОЙЛЫҚ ҰТЫС! СІЗГЕ 28 700 ТГ БОНУС ЕСЕПТЕЛДІ. ШЫҒАРУ ҮШІН 6508 ТГ КОМИССИЯ ТӨЛЕҢІЗ,kk,scam,fake_prize,synthetic_template_kz,1
1830,Пополнение 34 600 тг на карту *1182. Баланс 90 000 тг,ru,safe,legitimate,synthetic_template_kz,1
1831,"Несие бойынша сақтандыруды қайтару. Өтемақы тиесілі ме, тексеріңіз: +7 701 716 81 61",kk,suspicious,grey_marketing,synthetic_template_kz,1
1832,Ваша заявка на карту рассмотрена. Перезвоните +7 793 958 25 97 для активации,ru,suspicious,grey_marketing,synthetic_template_kz,1
1833,"мамыр айына коммуналдық төлем қабылданды, сома 1 000 000 тг",kk,safe,legitimate,synthetic_template_kz,1
1834,"Eurasian Bank: жеке кабинетіңізге жаңа құрылғыдан кіру әрекеті тіркелді. Егер бұл сіз болмасаңыз, растаңыз: halykbank.kz.verify.top",kk,scam,fake_bank,synthetic_template_kz,1
1835,Еске салу: оқу ақысын 4.9 дейін төлеу қажет. Сома 4 000 000 тг,kk,safe,legitimate,synthetic_template_kz,1
1836,Jusan  Bank  қауіпсіздік қызметі: 8 000 000 тг күдікті аударым. +7 736 568 91 58 нөміріне жедел хабарласыңыз,kk,scam,fake_bank,synthetic_template_kz,1
1837,БЖЗҚ дерекқоры жаңaртылды. Сізге 86 000 тг төлем есептeлді. Алу: jusan-secure.info,kk,scam,phishing,synthetic_template_kz,1
1838,"Внимание! Ваша карта *5215 скомпрометирована. Переведите средства на резервный счет, инструkция: bonus-kz.click",ru,scam,fake_bank,synthetic_template_kz,1
1839,Сіздің сұрауыңыз бойынша 10000 теңге ұтып алуға мүмкіндік!,kk,suspicious,grey_marketing,github_Yerassyl04_Spam-kazakh,0
1840,Сaтып алғаныңыз үшін рахмeт! Түбіртек beeline.kz cайтында,kk,safe,legitimate,synthetic_template_kz,1
1841,Еске салу: оқу ақысын 16.7 дейін төлеу қажет. Сома 60 000 тг,kk,safe,legitimate,synthetic_template_kz,1
1842,"ForteBank: покупка 6 000 000 тг, карта *9524. Доступно 53 000 тг",ru,safe,legitimate,synthetic_template_kz,1
1843,Клиникамызда тегін диагностика. Бүгінге жазылу +7 718 927 14 67,kk,suspicious,grey_marketing,synthetic_template_kz,1
1844,Уведомление  о  штрафе 12 000 тг за нарушение ПДД. Оплата со скидкой 50%: kaspi.kz.secure-login.cc,ru,scam,fake_police,synthetic_template_kz,1
1845,Заработок  из  дома от 6 000 тг в неделю. Пишите в WhatsApp +7 788 351 85 62,ru,suspicious,grey_marketing,synthetic_template_kz,1
1846,Kaspi Магазин: ваш товар продан. Для получения 25 200 тг перейдите wb-kz-prize.shop,ru,scam,kaspi_scam,synthetic_template_kz,1
1847,"Нa ваc оформлен кредит мошенниками. Дело ведет МВД РК, oператор +7 749 576 55 44",ru,scam,fake_police,synthetic_template_kz,1
1848,Нөміріңіз Beeline акциясының жеңімпазы атанды! Жүлде 7 000 000 тг. Растаңыз: beeline-bonus.icu,kk,scam,fake_prize,synthetic_template_kz,1
1849,Уведомление о штрaфе 47 000 тг за нарушение ПДД. Оплата со скидkой 50%: halykbank.kz.verify.top,ru,scam,fake_police,synthetic_template_kz,1
1850,"УРА! Данияр, вам одобрена выплата 2 000 000 тг. Реквизиты укажите тут enpf-vyplata.ru",ru,scam,fake_prize,synthetic_template_kz,1
1851,Бесплатная диагностика организма в нашей клинике. Запись на сегодня +7 727 552 60 33,ru,suspicious,grey_marketing,synthetic_template_kz,1
1852,"Ана, мeн кешігемін, шамамен 20-де боламын",kk,safe,legitimate,synthetic_template_kz,1
1853,"Altel:  5  ГБ және 433 минут қалды, 3.12 дейін",kk,safe,legitimate,synthetic_template_kz,1
1854,Құрметті клиент! *8059 картaңыз күдікті оперaцияға байланысты бұғатталды. Бұғaттан шығару: gov-kz.support,kk,scam,fake_bank,synthetic_template_kz,1
1855,Комитет госдоходов: на ваше имя заведено производство. Явитесь или ознакомьтесь halykbank.kz.verify.top,ru,scam,fake_police,synthetic_template_kz,1
1856,"Қызметкерлер қажет, кесте еркін, күнделікті төлем 23 000 тг. Telegram +7 789 654 63 74",kk,suspicious,grey_marketing,synthetic_template_kz,1
1857,Оқу жылына дайындық шаралары басталды.,kk,safe,legitimate,github_Yerassyl04_Spam-kazakh,0
1858,"Гүлнара, сізге 77 400 тг төлем мақұлданды. Деректерді осында енгізіңіз kaspi-bonus . top",kk,scam,fake_prize,synthetic_template_kz,1
1859,Activ: остаток 5 ГБ и 347 минут до 1.10,ru,safe,legitimate,synthetic_template_kz,1
1860,"Halyk Bank: 6 000 000 тг несие мақұлданды. Өтініш бермеген болсаңыз, бас тартыңыз bonus-kz.click",kk,scam,fake_bank,synthetic_template_kz,1
1861,"Сәлеметсіз бе, Kaspi-дегі хабарландыру бойынша жазып тұрмын. Төледім, сілтеме арқылы растаңыз kaspi-bonus.top",kk,scam,kaspi_scam,synthetic_template_kz,1
1862,Сіз 1000-шы келуші болдыңыз! iPhone 16 тегін алыңыз: enpf-vyplata.ru,kk,scam,fake_prize,synthetic_template_kz,1
1863,Вы 1000-й посетитель! Заберите iPhone 15 бесплатно: beeline-bonus.icu,ru,scam,fake_prize,synthetic_template_kz,1
1864,Сатып алғаныңыз үшін рахмет! Түбіртек kaspi.kz сайтында,kk,safe,legitimate,synthetic_template_kz,1
1865,"Әйгерім, сізге 92 500 тг жеке несие лимиті қолжетімді. Толығырақ қосымшада",kk,suspicious,grey_marketing,synthetic_template_kz,1
1866,№206246 тапсырысыңыз Boxberry пунктіне жетті. 5 күн ішінде алыңыз,kk,safe,legitimate,synthetic_template_kz,1
1867,"Гульнара, вам доступен персональный кредитный лимит 1 000 000 тг. Подробнее в приложении",ru,suspicious,grey_marketing,synthetic_template_kz,1
1868,Спасибо за поупку! Чек доступен на beeline.kz,ru,safe,legitimate,synthetic_template_kz,1
1869,"Сәлеметсіз бе, Kaspi-дегі хабарландыру бойынша жазып тұрмын. Төледім, сілтеме арқылы растаңыз wb-kz-prize.shop",kk,scam,kaspi_scam,synthetic_template_kz,1
1870,Вам пришло защищенное сообщение от МВД РК. Прочитать: wb-kz-prize.shop,ru,scam,phishing,synthetic_template_kz,1
1871,"Бағдарламалау сабағы 10:00-ге ауыстырылды, 245 аудитория",kk,safe,legitimate,synthetic_template_kz,1
1872,Студенттер үшін жеңілдіктер мен гранттар туралы ақпарат.,kk,safe,legitimate,github_Yerassyl04_Spam-kazakh,0
1873,"Внимание! Ваша карта *9207 скомпрометирована. Переведите средства на резервный счет, инструкция: egov-kz.online",ru,scam,fake_bank,synthetic_template_kz,1
1874,Досыңызбен кездесу жоспарлаңыз.,kk,safe,legitimate,github_Yerassyl04_Spam-kazakh,0
1875,KASPI GOLD: КОД 674612. ЕШКІМГЕ АЙТПАҢЫЗ. ЕГЕР БҰЛ СІЗ БОЛМАСАҢЫЗ +7 709 713 38 56 НӨМІРІНЕ ҚОҢЫРАУ ШАЛЫҢЫЗ,kk,scam,kaspi_scam,synthetic_template_kz,1
1876,"Внимание! Ваша карта *1204 скомпрометирована. Переведите средства на резервный счет, инструкция: kaspi.kz.secure-login.cc",ru,scam,fake_bank,synthetic_template_kz,1
1877,"Занятие по английскому переноситя на 16:00, аудитория 356",ru,safe,legitimate,synthetic_template_kz,1
1878,"Beeline: тариф ұзартылды, 6573 тг есептен шығарылды",kk,safe,legitimate,synthetic_template_kz,1
1879,izi: SIM kартaңыздың мерзімі бітуде. Тіркеуді ұзаpтыңыз bonus-kz.click,kk,scam,phishing,synthetic_template_kz,1
1880,Ваш номер выбран победителем акции Tele2! Приз 69 000 тг. Подтвердите: egov-kz.online,ru,scam,fake_prize,synthetic_template_kz,1
1881,Temu: сәлемдемеңіз кеденде тұр. 1779 тг баж салығын төлеңіз: gov-kz.support,kk,scam,phishing,synthetic_template_kz,1
1882,Ел билігі бірқатар заңнамалық құжатқа қол қойды,kk,safe,legitimate,github_Yerassyl04_Spam-kazakh,0
1883,*5142 картаға 22 000 тг толықтырылды. Баланс 27 300 тг,kk,safe,legitimate,synthetic_template_kz,1
1884,Вы получили сертификат Ozon на 97 600 тг. Активировать срочно: egov-kz.online,ru,scam,fake_prize,synthetic_template_kz,1
1885,Пополнение 5 000 000 тг на карту *9790. Баланс 9 000 000 тг,ru,safe,legitimate,synthetic_template_kz,1
1886,"Такси прибыло. Chevrolet Cobalt, гос. номер 885 KEC 04",ru,safe,legitimate,synthetic_template_kz,1
1887,Уважаемый клиент! Карта *4827 заблокирована по подозрению в мошенничестве. Для разблокировки перейдите kaspi-bonus.top срочно,ru,scam,fake_bank,synthetic_template_kz,1
1888,Налоговая задолженность 45 500 тг. Погасить онлайн: halyk-verify.xyz,ru,scam,phishing,synthetic_template_kz,1
1889,БЖЗҚ дерекқоры жаңартылды. Сізге 14 400 тг төлем есептелді. Алу: kz-vyigrysh.net,kk,scam,phishing,synthetic_template_kz,1
1890,"Bank RBK: жеке кабинeтіңізге жаңа құрылғыдан кіру әреkеті тіркелді. Егер бұл сіз болмасаңыз, растаңыз: kaspi-bonus.top",kk,scam,fake_bank,synthetic_template_kz,1
1891,Сенбей тұрсыз ба! Тексеріңіз,kk,suspicious,grey_marketing,github_Yerassyl04_Spam-kazakh,0
1892,Ваш заказ №414420 прибыл в пункт выдачи Яндекс Доставка. Забрать в течение 5 дней ⚠️,ru,safe,legitimate,synthetic_template_kz,1
1893,Tele2: подключена подписка за 759 тг/нед. Отключить *496#,ru,suspicious,grey_marketing,synthetic_template_kz,1
1894,"Тaкси прибыло. Hyundai Accent, гос. номер 647 XPT 01",ru,safe,legitimate,synthetic_template_kz,1
1895,Розыгрыш к 30-летию! Вам начислен бонус 9 000 000 тг. Для вывода оплатите комиссию 6993 тг,ru,scam,fake_prize,synthetic_template_kz,1
1896,Картаға өтінішіңіз қаралды. Белсендіру үшін +7 782 383 77 11 нөміріне қоңырау шалыңыз,kk,suspicious,grey_marketing,synthetic_template_kz,1
1897,"Freedom Bank: одобрен кредит на 60 100 тг. Если вы не подавали заявку, отмените здесь beeline-bonus.icu",ru,scam,fake_bank,synthetic_template_kz,1
1898,"Әлия, сізге 70 800 тг жеке несие лимиті қолжетімді. Толығырақ қосымшада",kk,suspicious,grey_marketing,synthetic_template_kz,1
1899,"Несие бойынша сақтандыруды қайтару. Өтемақы тиесілі ме, тексеріңіз: +7 711 629 68 23",kk,suspicious,grey_marketing,synthetic_template_kz,1
1900,"ГүлHара, сізге 9 000 000 тг төлем мақұлданды. Деректерді осында енгізіңіз kaspi.kz.secure-login.cc",kk,scam,fake_prize,synthetic_template_kz,1
1901,"SE-2430 тобының жиналысы 12:00-де, 3 корпус",kk,safe,legitimate,synthetic_template_kz,1
1902,"Сотрудник банка свяжется с Bами по номеру +7 792 500 58 59. Не сообщайте код никому, кроме специалиста",ru,scam,fake_bank,synthetic_template_kz,1
1903,Сізге 4 000 000 тг сомасына Kaspi Bonus 19% түсті. Белсендіру wb-kz-prize.shop,kk,scam,kaspi_scam,synthetic_template_kz,1
1904,Сізді кезектен тыс ұтысқа шақырамыз!,kk,scam,fake_prize,github_Yerassyl04_Spam-kazakh,0
1905,ЖСН нөміріңіз заңсыз операцияда қолданылған. Тергеуші хабарласады: +7 776 699 68 49. Үшінші тұлғаларға айтпаңыз,kk,scam,fake_police,synthetic_template_kz,1
1906,Уведомление о штрафе 4 000 000 тг за нарушение ПДД. Оплата со скидкой 50%: halykbank.kz.verify.top,ru,scam,fake_police,synthetic_template_kz,1
1907,Нөміріңіз зейнетақыны қайта есептеуге қатысады. Форманы толтырыңыз kaspi-gold.site,kk,scam,phishing,synthetic_template_kz,1
1908,"Kaspi Gold: код 388315. Никому не сообщайте. Если это не вы, звоните +7 716 477 62 62",ru,scam,kaspi_scam,synthetic_template_kz,1
1909,Трейдинг  курстары.  Бірінші сабақ тегін. Тіркелу +7 767 956 17 11,kk,suspicious,grey_marketing,synthetic_template_kz,1
1910,"Jusan  Bank:  26 000 тг несие мақұлданды. Өтініш бермеген болсаңыз, бас тартыңыз halykbank.kz.verify.top",kk,scam,fake_bank,synthetic_template_kz,1
1911,Оқу бағдарламаларына енгізілген жаңартулар.,kk,safe,legitimate,github_Yerassyl04_Spam-kazakh,0
1912,Кіру үшін растау кодыңыз: 745496,kk,safe,legitimate,synthetic_template_kz,1
1913,Вам пришло защищенное сообщение от Комитет госдоxодов. Прочитать: kaspi.kz.secure-login.cc,ru,scam,phishing,synthetic_template_kz,1
1914,"Otbasy Bank: одобрен кредит на 44 800 тг. Если вы не подавали заявку, отмените здесь halyk-verify.xyz",ru,scam,fake_bank,synthetic_template_kz,1
1915,"Kaspi Gold: код 720727. Никому не сообщайте. Если это не вы, звоните +7 704 887 50 94",ru,scam,kaspi_scam,synthetic_template_kz,1
1916,Мерейтойлық ұтыс! Сізге 94 100 тг бонус есептелді. Шығару үшін 4876 тг комиссия төлеңіз,kk,scam,fake_prize,synthetic_template_kz,1
1917,"Встреча группы SE-2428 в 12:00, корпус 2",ru,safe,legitimate,synthetic_template_kz,1
1918,"Возврат страховки по кредиту. Проверьте, положена ли вам компенсация: +7 770 119 91 30",ru,suspicious,grey_marketing,synthetic_template_kz,1
1919,izi: остаток 17 ГБ и 335 минут до 4.11,ru,safe,legitimate,synthetic_template_kz,1
1920,Kaspi Магазин: тауарыңыз сатылды. 77 700 тг алу үшін өтіңіз enpf-vyplata.ru,kk,scam,kaspi_scam,synthetic_template_kz,1
1921,Курсы трейдинга. Первое занятие бесплатно. Запись +7 753 530 85 51,ru,suspicious,grey_marketing,synthetic_template_kz,1
1922,Назар аударыңыз! *3883 картаңыз қауіпте. Қаражатты резервтік шотқа аударыңыз: forte-cabinet.pro,kk,scam,fake_bank,synthetic_template_kz,1
1923,Ваш код подтверждения для входа: 189523,ru,safe,legitimate,synthetic_template_kz,1
1924,"Внимание! Ваша карта *4540 скомпрометирована. Переведите средства на резервный счет, инструкция: halyk-verify.xyz",ru,scam,fake_bank,synthetic_template_kz,1
1925,Поздравляем! Вы выиграли 1 000 000 тг в розыгрыше Freedom Bank. Забрать приз: kaspi-bonus.top,ru,scam,fake_prize,synthetic_template_kz,1
1926,Поздравляем! Вы выиграли 22 300 тг в розыгрыше Eurasian Bank. Забрать приз: halyk-verify.xyz,ru,scam,fake_prize,synthetic_template_kz,1
1927,Сіз үшін ерекше ұсыныс бар!,kk,suspicious,grey_marketing,github_Yerassyl04_Spam-kazakh,0
1928,izi: остаток 12 ГБ и 734 минут до 22.6,ru,safe,legitimate,synthetic_template_kz,1
1929,Ваш счет будет закрыт сегодня до 18:0 из-за неподтвержденных данных. Обновите анкету: halyk-verify.xyz,ru,scam,fake_bank,synthetic_template_kz,1
1930,"Инвестиции от 32 000 тг, доход 42% в месяц. Консультация +7 721 909 92 13",ru,suspicious,grey_marketing,synthetic_template_kz,1
1931,Kaspi: перевод 48 800 тг от Мадина ожидает подтверждения. Подтвердить: kz-vyigrysh.net,ru,scam,kaspi_scam,synthetic_template_kz,1
1932,"Встреча группы SE-2425 в 9:00, корпус 2",ru,safe,legitimate,synthetic_template_kz,1
1933,Повестка в суд по делу №28765. Материалы дела: forte-cabinet . pro,ru,scam,fake_police,synthetic_template_kz,1
1934,Файлдар келесі құжатқа бекітілді,kk,safe,legitimate,github_Yerassyl04_Spam-kazakh,0
1935,"Сәлеметсіз бе, Ерлан! Ертең сағат 10:00-де дәрігерге жазылғаныңызды еске саламыз",kk,safe,legitimate,synthetic_template_kz,1
1936,"УРА! Айгерим, вам одобрена выплата 2 000 000 тг. Реквизиты укажите тут wb-kz-prize.shop",ru,scam,fake_prize,synthetic_template_kz,1
1937,"Занятие по английскому переносится на 15:00, аудитория 367 !!!",ru,safe,legitimate,synthetic_template_kz,1
1938,Сіз AliExpress сертификатын 2 000 000 тг алдыңыз. 23:59-ға дейін белсендіріңіз: kaspi.kz.secure-login.cc,kk,scam,fake_prize,synthetic_template_kz,1
1939,Тоқаев әрбір қазақстандыққа 1000 доллар сыйға тартуда,kk,suspicious,grey_marketing,github_Yerassyl04_Spam-kazakh,0
1940,Ваша  заявка  на карту рассмотрена. Перезвоните +7 797 943 31 88 для активации,ru,suspicious,grey_marketing,synthetic_template_kz,1
1941,"Bank RBK: зафиксирована попытка входа в ваш кабинет с нового устройства. Если это не вы, подтвердите личность: gov-kz.support",ru,scam,fake_bank,synthetic_template_kz,1
1942,eGov:  ваша  справка готова. Скачать в мобильном приложении или на beeline.kz,ru,safe,legitimate,synthetic_template_kz,1
1943,"Несие бойынша сақтандыруды қайтару. Өтемақы тиесілі ме, тексеріңіз: +7 715 435 72 27",kk,suspicious,grey_marketing,synthetic_template_kz,1
1944,"Жанна, сізге 1 000 000 тг төлем мақұлданды. Деректерді осында енгізіңіз kaspi-bonus.top",kk,scam,fake_prize,synthetic_template_kz,1
1945,"Сәлеметсіз бе, Kaspi-дегі хабарландыру бойынша жазып тұрмын. Төледім, сілтеме арқылы растаңыз bonus-kz.click",kk,scam,kaspi_scam,synthetic_template_kz,1
1946,ІІМ. Шоттарыңызға тыйым салынды. Шектеуді бүгін 18:00-ге дейін алу: kaspi.kz.secure-login.cc,kk,scam,fake_police,synthetic_template_kz,1
1947,Сізге 21 000 тг сомасына Kaspi Bonus 8% түсті. Белсендіру halyk-verify.xyz,kk,scam,kaspi_scam,synthetic_template_kz,1
1948,"izi: 28 ГБ және 737 минут қалды, 18.6 дейін",kk,safe,legitimate,synthetic_template_kz,1
1949,№243334 тапсырысыңыз СДЭК пунктіне жетті. 5 күн ішінде алыңыз,kk,safe,legitimate,synthetic_template_kz,1
1950,Ваш код подтверждения для входа: 455460,ru,safe,legitimate,synthetic_template_kz,1
1951,Құттықтаймыз! Сіз Eurasian Bank ұтыс ойынында 74 000 тг ұттыңыз. Жүлдені алу: kaspi.kz.secure-login.cc,kk,scam,fake_prize,synthetic_template_kz,1
1952,Kaspi Магазин: тауарыңыз сатылды. 7 000 тг алу үшін өтіңіз forte-cabinet.pro,kk,scam,kaspi_scam,synthetic_template_kz,1
1953,izi: SIM картаңыздың мерзімі бітуде. Тіркеуді ұзартыңыз halykbank.kz.verify.top,kk,scam,phishing,synthetic_template_kz,1
1954,"Bank RBK: покупка 46 000 тг, карта *9250. Доступно 78 000 тг",ru,safe,legitimate,synthetic_template_kz,1
1955,МЕРЕЙТОЙЛЫҚ ҰТЫС! СІЗГЕ 35 900 ТГ БОНУС ЕСЕПТЕЛДІ. ШЫҒАРУ ҮШІН 6053 ТГ КОМИССИЯ ТӨЛЕҢІЗ,kk,scam,fake_prize,synthetic_template_kz,1
1956,ПополнеHие 15 200 тг на kарту *5419. Баланc 9 000 000 тг,ru,safe,legitimate,synthetic_template_kz,1
1957,Клиникамызда тегін диагностика. Бүгінге жазылу +7 787 358 80 72,kk,suspicious,grey_marketing,synthetic_template_kz,1
1958,"Требуются сотрудники, график свободный, оплата ежедневно 20 000 тг. Telegram по номеру +7 733 822 76 80",ru,suspicious,grey_marketing,synthetic_template_kz,1
1959,Национальный Банк РК: на ваше имя заведено производство. Явитесь или ознакомьтесь kz-vyigrysh.net,ru,scam,fake_police,synthetic_template_kz,1
1960,Нөміріңіз Beeline акциясының жеңімпазы атанды! Жүлде 88 000 тг. Растаңыз: kaspi-gold.site,kk,scam,fake_prize,synthetic_template_kz,1
1961,Сізге жеңілдік картасы беріледі!,kk,suspicious,grey_marketing,github_Yerassyl04_Spam-kazakh,0
1962,Курсы трейдинга. Первое занятие бесплатно. Запись +7 775 996 58 61,ru,suspicious,grey_marketing,synthetic_template_kz,1
1963,"наурыз айына коммуналдық төлем қабылданды, сома 70 000 тг",kk,safe,legitimate,synthetic_template_kz,1
1964,Обновление базы ЕНПФ. Вам начислена выплата 93 000 тг. Получить: gov-kz.support,ru,scam,phishing,synthetic_template_kz,1
1965,Бесплатная диагностика организма в нашей клинике. Запись на сегодня +7 742 399 29 88,ru,suspicious,grey_marketing,synthetic_template_kz,1
1966,Картаға өтінішіңіз қаралды. Белсендіpу үшін +7 732 594 36 55 нөміріне қоңырау шалыңыз,kk,suspicious,grey_marketing,synthetic_template_kz,1
1967,Kaspi Red: 64 700 тг бөліп төлеу рәсімделді. Болдырмау forte-cabinet.pro,kk,scam,kaspi_scam,synthetic_template_kz,1
1968,"Инвестиции от 51 000 тг, дoход 59% в месяц. Кoнсульtация +7 706 326 22 56",ru,suspicious,grey_marketing,synthetic_template_kz,1
1969,"Алгебра сабағы 18:00-ге ауыстырылды, 194 аудиtория",kk,safe,legitimate,synthetic_template_kz,1
1970,Ваш номер участвует в перерасчете пенсии. Зaполните форму wb-kz-prize.shop до коHца недели,ru,scam,phishing,synthetic_template_kz,1
1971,ЖСН нөміріңіз заңсыз операцияда қолданылған. Тергеуші хабарласады: +7 736 156 36 77. Үшінші тұлғаларға айтпаңыз,kk,scam,fake_police,synthetic_template_kz,1
1972,"Встреча группы SE-2428 в 13:00, корпус 2",ru,safe,legitimate,synthetic_template_kz,1
1973,Одобрен займ до 71 000 тг без справок и залога. Оформить за 5 минут: wildberries.kz,ru,suspicious,grey_marketing,synthetic_template_kz,1
1974,"Жанна, сізге 41 500 тг жеке несие лимиті қолжетімді. Толығырақ қoсымшада",kk,suspicious,grey_marketing,synthetic_template_kz,1
1975,Сізге жаңа телефон ұтып алу мүмкіндігі!,kk,suspicious,grey_marketing,github_Yerassyl04_Spam-kazakh,0
1976,Кешегі кездесуде қызықты тақырыптар талқыланды.,kk,safe,legitimate,github_Yerassyl04_Spam-kazakh,0
1977,Beeline: подключена подписка за 421 тг/нед. Отключить *576#,ru,suspicious,grey_marketing,synthetic_template_kz,1
1978,"Activ: 1 ГБ және 86 минуt қалды, 20.6 дейін",kk,safe,legitimate,synthetic_template_kz,1
1979,IZI: ПОДКЛЮЧЕНА ПОДПИСКА ЗА 223 ТГ/НЕД. ОТКЛЮЧИТЬ *372#,ru,suspicious,grey_marketing,synthetic_template_kz,1
1980,"Сізге алаяқтар несие рәсімдеген. Істі ІІМ жүргізуде, оператор +7 744 333 99 27",kk,scam,fake_police,synthetic_template_kz,1
1981,Kaspi Red: рассрочка на 4 000 000 тг оформлена. Отменить egov-kz . online,ru,scam,kaspi_scam,synthetic_template_kz,1
1982,КОМИТЕТ ГОСДОХОДОВ. НАЛОЖЕН АРЕСТ НА СЧЕТА. СНЯТЬ ОГРАНИЧЕНИЕ СРОЧНО: JUSAN-SECURE.INFO,ru,scam,fake_police,synthetic_template_kz,1
1983,"Здравствуйте, Арман! Напоминаем о записи к врачу завтра в 13:00",ru,safe,legitimate,synthetic_template_kz,1
1984,Напоминание: срок оплаты за обучение до 26.6. Сумма 39 900 тг,ru,safe,legitimate,synthetic_template_kz,1
1985,Пополнение 59 800 тг на карту *7213. Баланс 17 000 тг,ru,safe,legitimate,synthetic_template_kz,1
1986,eGov: ваша справка готова. Скачать в мобильном приложении или на forte.kz,ru,safe,legitimate,synthetic_template_kz,1
1987,МВД РК: на ваше имя заведено производство. Явитесь или ознакомьтесь kaspi-bonus.top,ru,scam,fake_police,synthetic_template_kz,1
1988,Кіру үшін растау кодыңыз: 587126,kk,safe,legitimate,synthetic_template_kz,1
1989,"Сәлем, досым, қалайсың!",kk,safe,legitimate,github_Yerassyl04_Spam-kazakh,0
1990,Kaspi Red: рассрочка на 70 000 тг оформлена. Отменить gov-kz.support,ru,scam,kaspi_scam,synthetic_template_kz,1
1991,"Halyk Bank: покупка 1 000 000 тг, карта *7284. Доступно 25 800 тг",ru,safe,legitimate,synthetic_template_kz,1
1992,"УРА! Тимур, вам одобрена выплата 29 000 тг. Реквизиты укажите тут wb-kz-prize.shop",ru,scam,fake_prize,synthetic_template_kz,1
1993,izi: SIM картаңыздың мерзімі бітуде. Тіркеуді ұзартыңыз gov-kz.support,kk,scam,phishing,synthetic_template_kz,1
1994,Спасибо за покупку! Чек доступен на kaspi.kz,ru,safe,legitimate,synthetic_template_kz,1
1995,izi: аптасына 641 тг жазылым қосылды. Өшіру *201#,kk,suspicious,grey_marketing,synthetic_template_kz,1
1996,"SE-2423 тобының жиналысы 14:00-де, 4 корпус",kk,safe,legitimate,synthetic_template_kz,1
1997,"Eurasian Bank: 29 000 тг несие мақұлданды. Өтініш бермеген болсаңыз, бас тартыңыз enpf-vyplata.ru",kk,scam,fake_bank,synthetic_template_kz,1
1998,"Занятие по алгебре переносится на 13:00, аудитория 270",ru,safe,legitimate,synthetic_template_kz,1
1999,АНЫҚТАМАСЫЗ ЖӘНЕ КЕПІЛСІЗ 33 600 ТГ ДЕЙІН ҚАРЫЗ МАҚҰЛДАНДЫ. 5 МИНУТТА РӘСІМДЕУ: WILDBERRIES.KZ,kk,suspicious,grey_marketing,synthetic_template_kz,1
2000,"Сәлеметсіз бе, Kaspi-дегі хабарландыру бойынша жазып тұрмын. Төледім, сілтеме арқылы растаңыз jusan-secure.info",kk,scam,kaspi_scam,synthetic_template_kz,1
2001,Еске салу: оқу ақысын 4.5 дейін төлеу қажет. Сома 9 000 000 тг,kk,safe,legitimate,synthetic_template_kz,1
2002,"На вас оформлен кредит мошенниками. Дело ведет Комитет госдоходов, оператор +7 728 231 26 24",ru,scam,fake_police,synthetic_template_kz,1
2003,Сот орындаушылары: сіздің атыңызға іс қозғалды. Танысу үшін kaspi-gold.site,kk,scam,fake_police,synthetic_template_kz,1
2004,Kaspi: код 225047. Ешкімге айтпаңыз.,kk,safe,legitimate,synthetic_template_kz,1
2005,Altel: аптасына 180 тг жазылым қосылды. Өшіру *812#,kk,suspicious,grey_marketing,synthetic_template_kz,1
2006,"izi: тариф продлен, списано 4953 тг. Следующее списание 14.8 🔴",ru,safe,legitimate,synthetic_template_kz,1
2007,"Tele2: тариф ұзартылды, 4101 тг есептен шығарылды",kk,safe,legitimate,synthetic_template_kz,1
2008,izi: подключена подписка за 402 тг/нед. Отключить *493#,ru,suspicious,grey_marketing,synthetic_template_kz,1
2009,"Здравствуйте, Данияр! Напоминаем о записи к врачу завтра в 17:00",ru,safe,legitimate,synthetic_template_kz,1
2010,eGov акkаунтыңыз жедел түрде жойылады. ЖСН расtaңыз: egov-kz.online,kk,scam,phishing,synthetic_template_kz,1
2011,izi: остаток 20 ГБ и 731 минут до 1.9,ru,safe,legitimate,synthetic_template_kz,1
2012,"Требуются сотрудники, график свободный, оплаtа ежедневно 24 000 тг. Telegram по Hомеру +7 757 417 32 56",ru,suspicious,grey_marketing,synthetic_template_kz,1
2013,"Инвестиции от 38 000 тг, доход 32% в месяц. Консультация +7 766 486 34 79",ru,suspicious,grey_marketing,synthetic_template_kz,1
2014,"Такси келді. Toyota Camry, мемлекеттік нөмір 355 TSM 05",kk,safe,legitimate,synthetic_template_kz,1
2015,"Такси прибыло. Hyundai Accent, гос. номер 896 ZXE 06",ru,safe,legitimate,synthetic_template_kz,1
2016,Специальное предложение: бізбен бірге жұмысқа қабылдан!,kk,suspicious,grey_marketing,github_Yerassyl04_Spam-kazakh,0
2017,Сізге ҰҚК тарапынан қорғалған хабарлама келді. Оқу: kaspi-bonus.top,kk,scam,phishing,synthetic_template_kz,1
2018,Құпия сауалнама: 5000 теңге ұтып алу мүмкіндігі!,kk,suspicious,grey_marketing,github_Yerassyl04_Spam-kazakh,0
2019,"Такси прибыло. Hyundai Accent, гос. номер 645 CRR 08",ru,safe,legitimate,synthetic_template_kz,1
2020,Спасибо за покупку! Чек доступен на forte.kz,ru,safe,legitimate,synthetic_template_kz,1
2021,Розыгрыш к 30-летию! Вам начислен бонус 1 000 000 тг. Для вывода оплатите комиссию 4984 тг,ru,scam,fake_prize,synthetic_template_kz,1
2022,Розыгрыш к 30-летию! Вам начислен бонус 92 000 тг. Для вывода оплатите комиссию 7299 тг,ru,scam,fake_prize,synthetic_template_kz,1
2023,"УРА! Мадина, вам одобрена выплата 36 100 тг. Реквизиты укажите тут jusan-secure.info",ru,scam,fake_prize,synthetic_template_kz,1
2024,"Activ: таpиф продлен, списанo 2463 тг. Следующее списание 24.5",ru,safe,legitimate,synthetic_template_kz,1
2025,Только сегодня! Скидка 84% на все товары в Temu. Успей до полуночи,ru,suspicious,grey_marketing,synthetic_template_kz,1
2026,"Внимание! Ваша карта *2761 скомпрометирована. Переведите средства на резервный счет, инструкция: enpf-vyplata.ru",ru,scam,fake_bank,synthetic_template_kz,1
2027,"Инвестиции от 24 000 тг, доход 59% в месяц. Консультация +7 793 959 21 65",ru,suspicious,grey_marketing,synthetic_template_kz,1
2028,Kaspi Магазин: ваш товар продан. Для получения 4 000 000 тг перейдите kaspi.kz.secure-login.cc,ru,scam,kaspi_scam,synthetic_template_kz,1
2029,"Здравствуйте, я по объявлению на Kaspi. Уже оплатил, подтвердите получение по ссылке kaspi.kz.secure-login.cc.",ru,scam,kaspi_scam,synthetic_template_kz,1
2030,"Әйгерім, сізге 93 600 тг төлем мақұлданды. Деректерді осында енгізңіз halyk-verify.xyz",kk,scam,fake_prize,synthetic_template_kz,1
2031,Құрметті клиент! *5908 картаңыз күдіті операцияға байланысты бұғатталды. Бұғаттан шығару: beeline-bonus.icu,kk,scam,fake_bank,synthetic_template_kz,1
2032,Ұлттық Банк. Шоттарыңызға тыйым салынды. Шектеуді бүгін 18:00-ге дейін алу: halyk-verify . xyz,kk,scam,fake_police,synthetic_template_kz,1
2033,"Оплата ЖКХ за январь принята, сумма 12 000 тг ⚠️",ru,safe,legitimate,synthetic_template_kz,1
2034,Сізге 71 000 тг сомасына Kaspi Bonus 20% түсті. Белсендіру halykbank.kz.verify.top,kk,scam,kaspi_scam,synthetic_template_kz,1
2035,Повестка в суд по делу №56725. Материалы дела: kaspi-bonus.top,ru,scam,fake_police,synthetic_template_kz,1
2036,"izi: 25 ГБ және 696 минут қалды, 21.7 дейін",kk,safe,legitimate,synthetic_template_kz,1
2037,"Алия, вам доступен персональный кредитный лимит 1 000 000 тг. Подробнее в приложении",ru,suspicious,grey_marketing,synthetic_template_kz,1
2038,Только сегодня! Скидка 72% на все товары в Temu. Успей до полуночи,ru,suspicious,grey_marketing,synthetic_template_kz,1
2039,"Занятие по алгебре переносится на 10:00, аудитория 319",ru,safe,legitimate,synthetic_template_kz,1
2040,"Bank RBK: одобрен кредит на 20 600 тг. Если вы не подавали заявку, отмените здесь wb-kz-prize.shop",ru,scam,fake_bank,synthetic_template_kz,1
2041,Tele2: срок действия SIM истекает. Продлите регистрацию beeline-bonus.icu,ru,scam,phishing,synthetic_template_kz,1
2042,eGov аккаунтыңыз ждел түрде жойылады. ЖСН растаңыз: beeline-bonus.icu,kk,scam,phishing,synthetic_template_kz,1
2043,"Требуются сотрудники, график свободный, оплата ежедневно 20 000 тг. Telegram по номеру +7 713 683 24 71",ru,suspicious,grey_marketing,synthetic_template_kz,1
2044,"izi: тариф продлен, списано 3620 тг. Следующее списание 16.9",ru,safe,legitimate,synthetic_template_kz,1
2045,Kaspi Red: 38 800 тг бөліп төлеу рәсімделді. Болдырмау kz-vyigrysh.net,kk,scam,kaspi_scam,synthetic_template_kz,1
2046,Kaspi Магазин: тауарыңыз сатылды. 19 200 тг алу үшін өтіңіз enpf-vyplata.ru,kk,scam,kaspi_scam,synthetic_template_kz,1
2047,Сізге Антифрод орталығы тарапынан қорғалған хабарлама келді. Оқу: bonus-kz.click,kk,scam,phishing,synthetic_template_kz,1
2048,Вы 1000-й посетитель! Заберите iPhone 17 бесплатно: forte-cabinet.pro,ru,scam,fake_prize,synthetic_template_kz,1
2049,"Сізге алаяқтар несие рәсімдеген. Істі ҰҚК жүргізуде, оператор +7 710 268 96 65",kk,scam,fake_police,synthetic_template_kz,1
2050,Служба судебных исполнителей. Наложен арест на счета. Снять ограничение в течение 30 минут: enpf-vyplata.ru,ru,scam,fake_police,synthetic_template_kz,1
2051,Напоминание: срок оплаты за обучение до 1.8. Сумма 9 000 000 тг,ru,safe,legitimate,synthetic_template_kz,1
2052,Ваш номер участвует в перерасчете пенсии. Заполните форму bonus-kz.click до конца недели,ru,scam,phishing,synthetic_template_kz,1
2053,"Сәлеметсіз бе, Мәдина! Ертең сағат 9:00-де дәрігерге жазылғаныңызды еске саламыз",kk,safe,legitimate,synthetic_template_kz,1
2054,"Жанна, сізге 51 000 тг жеке несие лимиті қолжетімді. Толығырақ қоcымшада",kk,suspicious,grey_marketing,synthetic_template_kz,1
2055,"Jusan Bank: 34 500 тг сатып алу, карта *3082. Қолжетімді 21 700 тг",kk,safe,legitimate,synthetic_template_kz,1
2056,"Гульнара, вам доступен персональный кредитный лимит 63 000 тг. Подробнее в приложении",ru,suspicious,grey_marketing,synthetic_template_kz,1
2057,Ертең іс-шарада белгілі шетелдік меймандар болады,kk,safe,legitimate,github_Yerassyl04_Spam-kazakh,0
2058,"Otbasy Bank: жеке кабинетіңізге жаңа құрылғыдан кіру әрекеті тіркелді. Егер бұл сіз болмасаңыз, растаңыз: forte-cabinet.pro",kk,scam,fake_bank,synthetic_template_kz,1
2059,"Гүлнара, сізге 10 000 тг жеке несие лимиті қолжетімді. Толығырақ қосымшада",kk,suspicious,grey_marketing,synthetic_template_kz,1
2060,"Крипто-сигналы с точностью 87%. Первый месяц бесплатно, канал по ссылке в профиле",ru,suspicious,grey_marketing,synthetic_template_kz,1
2061,Boxberry: неверный адрес доставки. Утчните данные bonus-kz.click иначе заказ вернется отправителю,ru,scam,phishing,synthetic_template_kz,1
2062,"Алгебра сабағы 19:00-ге ауыстырылды, 477 аудитория",kk,safe,legitimate,synthetic_template_kz,1
2063,Beeline: остаток 25 ГБ и 485 минут до 27.4,ru,safe,legitimate,synthetic_template_kz,1
2064,"Инвестиции от 14 000 тг, доход 59% в месяц. Консультация +7 777 669 69 15",ru,suspicious,grey_marketing,synthetic_template_kz,1
2065,"Такси келді. Toyota Camry, мемлекеттік нөмір 288 RMK 05",kk,safe,legitimate,synthetic_template_kz,1
2066,Картағa өтінішіңіз қаралды. Белсендіру үшін +7 759 665 59 19 нөміріне қоңырау шалыңыз,kk,suspicious,grey_marketing,synthetic_template_kz,1
2067,Altel:  аптасына  236 тг жазылым қосылды. Өшіру *979#,kk,suspicious,grey_marketing,synthetic_template_kz,1
2068,"Сәлеметсіз бе, Әлия! Ертең сағат 9:00-де дәрігерге жазылғаныңызды еске саламыз",kk,safe,legitimate,synthetic_template_kz,1
2069,"Возврат страховки по кредиту. Проверьте, положена ли вам компенсация: +7 792 138 11 26",ru,suspicious,grey_marketing,synthetic_template_kz,1
2070,Вы 1000-й посетитль! Заберите iPhone 17 бесплатно: wb-kz-prize.shop,ru,scam,fake_prize,synthetic_template_kz,1
2071,БЖЗҚ дерекқоры жаңартылды. Сізге 1 000 000 тг төлем есептелді. Алу: enpf-vyplata.ru,kk,scam,phishing,synthetic_template_kz,1
2072,Ваш заказ №606737 прибыл в пункт выдачи Boxberry. Забрать в течение 5 дней,ru,safe,legitimate,synthetic_template_kz,1
2073,Kaspi: код 897240. Никому не сообщайте.,ru,safe,legitimate,synthetic_template_kz,1
2074,Амансын ба әріптес,kk,safe,legitimate,github_Yerassyl04_Spam-kazakh,0
2075,Напоминание:  срок  оплаты за обучение до 2.11. Сумма 28 100 тг,ru,safe,legitimate,synthetic_template_kz,1
2076,"Внимание! Ваша карта *2790 скомпрометирована. Переведите средства на резервный счет, инструкция: forte-cabinet.pro",ru,scam,fake_bank,synthetic_template_kz,1
2077,Заработок из дома от 78 000 тг в неделю. Пишите в WhatsApp +7 777 402 33 29,ru,suspicious,grey_marketing,synthetic_template_kz,1
2078,"Қызметкерлер қажет, кесте еркін, күнделікті төлем 26 000 тг. Telegram +7 739 131 47 56",kk,suspicious,grey_marketing,synthetic_template_kz,1
2079,"Сіздің пікіріңізбен бөлісіңіз, бізге қызықты.",kk,safe,legitimate,github_Yerassyl04_Spam-kazakh,0
2080,"Здравствуйте, я по объявлению на Kaspi. Уже оплатил, подтвердите получение по ссылке bonus-kz.click",ru,scam,kaspi_scam,synthetic_template_kz,1
2081,izi:  срок  действия SIM истекает. Продлите регистрацию beeline-bonus.icu,ru,scam,phishing,synthetic_template_kz,1
2082,ВАШ НОМЕР ВЫБРАН ПОБЕДИТЕЛЕМ АКЦИИ IZI! ПРИЗ 70 900 ТГ. ПОДТВЕРДИТЕ: GOV-KZ.SUPPORT,ru,scam,fake_prize,synthetic_template_kz,1
2083,Салық берешегі 7 000 000 тг. Онлайн өтеу: jusan-secure.info,kk,scam,phishing,synthetic_template_kz,1
2084,Обновление базы ЕНПФ. Вам начислена выплата 21 400 тг. Получить: halyk-verify.xyz,ru,scam,phishing,synthetic_template_kz,1
2085,"Занятие по физике переносится на 10:00, аудитория 202",ru,safe,legitimate,synthetic_template_kz,1
2086,Достарыңызға бөлісіңіз: 100%-ға дейін жеңілдіктер!,kk,suspicious,grey_marketing,github_Yerassyl04_Spam-kazakh,0
2087,Eurasian Bank. 4 000 000 тг есептен шығару бекітілді. Болдырмау үшін: kaspi.kz.secure-login.cc,kk,scam,fake_bank,synthetic_template_kz,1
2088,Антифрод-центр: на ваше имя зведено производство. Явитесь или ознакомьтесь enpf-vyplata.ru,ru,scam,fake_police,synthetic_template_kz,1
2089,"Такси прибыло. Kia Rio, гос. номер 360 YAP 04",ru,safe,legitimate,synthetic_template_kz,1
2090,"Altel: 26 ГБ және 399 минут қалды, 11.1 дейін",kk,safe,legitimate,synthetic_template_kz,1
2091,БЖЗҚ дерекқоры жаңартылды. Сізге 61 100 тг төлем есептелді. Алу: halyk-verify.xyz,kk,scam,phishing,synthetic_template_kz,1
2092,Kaspi Магазин: ваш товар продан. Для получения 8 000 000 тг перейдите kaspi-gold.site,ru,scam,kaspi_scam,synthetic_template_kz,1
2093,Вам пришло защищенное сообщение от МВД РК. Прочитать: egov-kz.online,ru,scam,phishing,synthetic_template_kz,1
2094,Activ: подключена подписка за 360 тг/нед. Отключить *363#,ru,suspicious,grey_marketing,synthetic_template_kz,1
2095,"Сәлеметсіз бе, Әлия! Ертең сағат 13:00-де дәрігерге жазылғаныңызды еске саламыз",kk,safe,legitimate,synthetic_template_kz,1
2096,"Үйден  жұмыс,  аптасына 19 600 тг табыс. WhatsApp +7 757 872 18 46 жазыңыз",kk,suspicious,grey_marketing,synthetic_template_kz,1
2097,Кіру үшін растау кодыңыз: 585612,kk,safe,legitimate,synthetic_template_kz,1
2098,Служба судебных исполнителей. Наложен арест на счета. Снять ограничение в течение 30 минут: kz-vyigrysh.net,ru,scam,fake_police,synthetic_template_kz,1
2099,№84473 іс бойыHша сотқа шaқыру. Іс материалдаpы: wb-kz-prize.shop,kk,scam,fake_police,synthetic_template_kz,1
2100,Жедел әрекет етіңіз!,kk,scam,fake_prize,github_Yerassyl04_Spam-kazakh,0
2101,*8749 картаға 49 900 тг толықтырылды. Баланс 2 000 000 тг,kk,safe,legitimate,synthetic_template_kz,1
2102,"Үйден жұмыс, аптасына 9 000 000 тг табыс. WhatsApp +7 743 163 12 88 жазыңыз",kk,suspicious,grey_marketing,synthetic_template_kz,1
2103,"Встреча группы SE-2428 в 10:00, корпус 4",ru,safe,legitimate,synthetic_template_kz,1
2104,Кіру үшін растау кодыңыз: 658032,kk,safe,legitimate,synthetic_template_kz,1
2105,"Мама, я задержусь, буду примерно к 18 часам",ru,safe,legitimate,synthetic_template_kz,1
2106,"На вас оформлен кредит мошенниками. Дело ведет eGov, оператор +7 753 367 34 27",ru,scam,fake_police,synthetic_template_kz,1
2107,ЖСН нөміріңіз заңсыз операцияда қолданылған. Тергеуші хабарласады: +7 786 826 32 97. Үшінші тұлғаларға айтпаңыз.,kk,scam,fake_police,synthetic_template_kz,1
2108,"Сізге алаяқтар несие рәсімдеген. Істі ІІМ жүргізуде, оператор +7 711 212 21 18",kk,scam,fake_police,synthetic_template_kz,1
2109,Заработок из дома от 37 400 тг в неделю. Пишите в WhatsApp +7 700 264 82 50,ru,suspicious,grey_marketing,synthetic_template_kz,1
2110,"Үйден жұмыс, аптасына 83 300 тг табыс. WhatsApp +7 755 757 69 90 жазыңыз",kk,suspicious,grey_marketing,synthetic_template_kz,1
2111,Kaspi Bank. 27 000 тг есептен шығару бекітілді. Болдырмау үшін: halyk-verify.xyz,kk,scam,fake_bank,synthetic_template_kz,1
2112,Вам поступил Kaspi Bonus 13% на 61 000 тг. Активация kaspi-gold.site,ru,scam,kaspi_scam,synthetic_template_kz,1
2113,Уважаeмый клиенt! Карта *9864 заблокирована по подозрению в мошенничестве. Для разблокировки перейдите kaspi.kz.secure-login.cc до 23:59,ru,scam,fake_bank,synthetic_template_kz,1
2114,Тегін сыйлықты алу үшін тіркеліңіз!,kk,suspicious,grey_marketing,github_Yerassyl04_Spam-kazakh,0
2115,Kaspi: код 374358. Ешкімге айtпаңыз.,kk,safe,legitimate,synthetic_template_kz,1
2116,"Үйден жұмыс, аптасына 5 000 000 тг табыс. WhatsApp +7 738 859 93 49 жазыңыз",kk,suspicious,grey_marketing,synthetic_template_kz,1
2117,Салық берешегі 48 600 тг. Онлайн өтеу: forte-cabinet.pro,kk,scam,phishing,synthetic_template_kz,1
2118,Антифрод-центр: на ваше имя заведено производство. Явитесь или ознакомьтесь forte-cabinet.pro,ru,scam,fake_police,synthetic_template_kz,1
2119,"Такси келді. Hyundai Accent, мемлекеттік нөмір 465 FKB 09",kk,safe,legitimate,synthetic_template_kz,1
2120,Ваш счет будет закрыт срочно из-за неподтвержденных данных. Обновите анкету: kz-vyigrysh.net,ru,scam,fake_bank,synthetic_template_kz,1
2121,"Beeline: тариф продлен, списано 3585 тг. Следующее списание 7.7",ru,safe,legitimate,synthetic_template_kz,1
2122,"Занятие по алгебре переносится на 16:00, аудитория 223",ru,safe,legitimate,synthetic_template_kz,1
2123,Құрметті клиент! *4751 картаңыз күдікті операцияға байланысты бұғатталды. Бұғаттан шығару: bonus-kz.click,kk,scam,fake_bank,synthetic_template_kz,1
2124,KASPI: КОД 37266. ЕШКІМГЕ АЙТПАҢЫЗ.,kk,safe,legitimate,synthetic_template_kz,1
2125,Сіз Wildberries сертификатын 54 000 тг алдыңыз. күн соңына дейін белсендіріңіз: kaspi-gold.site,kk,scam,fake_prize,synthetic_template_kz,1
2126,"Внимание! Ваша карта *8144 скомпрометирована. Переведите средства на резервный счет, инструкция: beeline-bonus.icu",ru,scam,fake_bank,synthetic_template_kz,1
2127,Напоминание: срок оплаты за обучение до 13.9. Сумма 1 000 000 тг,ru,safe,legitimate,synthetic_template_kz,1
2128,Сіз үшін: жеңілдіктермен қолданыңыз!,kk,suspicious,grey_marketing,github_Yerassyl04_Spam-kazakh,0
2129,Антифрод-центр: на ваше имя заведено производство. Явитесь или ознакомьтесь gov-kz.support,ru,scam,fake_police,synthetic_template_kz,1
2130,Ваш заказ №232030 прибыл в пункт выдачи Яндекс Доставка. Забрать в течение 5 дней,ru,safe,legitimate,synthetic_template_kz,1
2131,Сізге 48 000 тг сомасына Kaspi Bonus 22% түсті. Белсендіру kz-vyigrysh.net,kk,scam,kaspi_scam,synthetic_template_kz,1
2132,"наурыз айына коммуналдық төлeм қабылданды, сома 5 000 000 тг",kk,safe,legitimate,synthetic_template_kz,1
2133,Картаға өтінішіңіз қаралды. Белсендіру үшін +7 778 714 49 23 нөміріне қоңырау шалыңыз,kk,suspicious,grey_marketing,synthetic_template_kz,1
2134,Курсы трейдинга. Певое занятие бесплатно. Запись +7 762 222 48 74,ru,suspicious,grey_marketing,synthetic_template_kz,1
2135,"Үйден жұмыс, аптасына 37 200 тг табыс. WhatsApp +7 798 106 12 53 жазыңыз",kk,suspicious,grey_marketing,synthetic_template_kz,1
2136,"Требуются сотрудники, грфик свободный, оплата ежедневно 31 000 тг. Telegram по номеру +7 756 574 35 53",ru,suspicious,grey_marketing,synthetic_template_kz,1
2137,Вам пришло защищенное сообщение от Комитет госдоходов. Прочитать: enpf-vyplata.ru,ru,scam,phishing,synthetic_template_kz,1
2138,"Тимур, вам доступен персональный кредитный лимит 82 000 тг. Подробнее в приложении",ru,suspicious,grey_marketing,synthetic_template_kz,1
2139,Сізге Антифрод орталығы тарапынан қорғалған хабарлама келді. Оқу: kaspi-bonus.top,kk,scam,phishing,synthetic_template_kz,1
2140,Kaspi: код 544606. Никому не сообщайте.,ru,safe,legitimate,synthetic_template_kz,1
2141,"Занятие по английскому переносится на 18:00, аудитория 194",ru,safe,legitimate,synthetic_template_kz,1
2142,Сіздің пікіріңіз біз үшін маңызды!,kk,safe,legitimate,github_Yerassyl04_Spam-kazakh,0
2143,Сізге Сот орындаушылары тарапынан қорғалған хабарлама келді. Оқу: halykbank.kz.verify.top,kk,scam,phishing,synthetic_template_kz,1
2144,Ваша заявка на карту рассмотрена. Перезвоните +7 726 346 76 29 для активации,ru,suspicious,grey_marketing,synthetic_template_kz,1
2145,Ваш ИИН использован в незаконной операции. Следователь свяжется с вами: +7 788 165 88 48. Не сообщайте третьим лицам,ru,scam,fake_police,synthetic_template_kz,1
2146,Бүгін ғана: тегін кофенің ұсынысы!,kk,suspicious,grey_marketing,github_Yerassyl04_Spam-kazakh,0
2147,№691025 тапсырысыңыз Kaspi Postomat пунктіне жетті. 5 күн ішінде алыңыз,kk,safe,legitimate,synthetic_template_kz,1
2148,Оқу семинарлары мен тренингтер туралы ақпарат алыңыз.,kk,safe,legitimate,github_Yerassyl04_Spam-kazakh,0
2149,"Үйден  жұмыс,  аптасына 13 000 тг табыс. WhatsApp +7 750 201 53 10 жазыңыз",kk,suspicious,grey_marketing,synthetic_template_kz,1
2150,Ұлттық Банк: сіздің атыңызға іс қозғалды. Танысу үшін wb-kz-prize.shop,kk,scam,fake_police,synthetic_template_kz,1
2151,"Сұмдық, ауқымды шарадан құр қалма",kk,suspicious,grey_marketing,github_Yerassyl04_Spam-kazakh,0
2152,ЖҚЕ бұзаны үшін 56 000 тг айыппұл. 50% жеңілдікпен төлеу: kaspi.kz.secure-login.cc,kk,scam,fake_police,synthetic_template_kz,1
2153,Антифрод орталығы: сіздің атыңызға іс қозғалды. Танысу үшін bonus-kz.click,kk,scam,fake_police,synthetic_template_kz,1
2154,№112818 тапсырысыңыз Казпочта пунктіне жетті. 5 күн ішінде алыңыз,kk,safe,legitimate,synthetic_template_kz,1
2155,"Телефоныңызға код жібердік, осында жазыңыз",kk,suspicious,grey_marketing,github_Yerassyl04_Spam-kazakh,0
2156,"Несие бойынша сақтандыруды қайтару. Өтемақы тиесілі ме, тексеріңіз: +7 726 362 16 75",kk,suspicious,grey_marketing,synthetic_template_kz,1
2157,Сізге Ұлттық Банк тарапынан қорғалған хабарлама келді. Оқу: wb-kz-prize.shop,kk,scam,phishing,synthetic_template_kz,1
2158,"Такси прибыло. Toyota Camry, гос. номер 746 SEF 09",ru,safe,legitimate,synthetic_template_kz,1
2159,"Tele2: тариф продлен, списано 8078 тг. Следующее списание 20.11",ru,safe,legitimate,synthetic_template_kz,1
2160,Kaspi Магазин: сәлемдемеңіз кеденде тұр. 2009 тг баж салығын төлеңіз: egov-kz.online,kk,scam,phishing,synthetic_template_kz,1
2161,Activ: остаток 7 ГБ и 656 минут до 27.6,ru,safe,legitimate,synthetic_template_kz,1
2162,Вы 1000-й посетитель! Заберите iPhone 15 бесплатно: kaspi.kz.secure-login.cc,ru,scam,fake_prize,synthetic_template_kz,1
2163,Поздравляем! Вы выиграли 46 000 тг в розыгрыше Bank RBK. Забрать приз: bonus-kz.click,ru,scam,fake_prize,synthetic_template_kz,1
2164,Құрметті клиент! *5516 картаңыз күдікті операцияға байланысты бұғатталды. Бұғаттан шығару: kaspi-bonus.top,kk,scam,fake_bank,synthetic_template_kz,1
2165,"Activ: 16 ГБ және 434 минут қалды, 18.3 дейін",kk,safe,legitimate,synthetic_template_kz,1
2166,№99688 іс бойынша сотқа шақыру. Іс материалдары: kz-vyigrysh.net,kk,scam,fake_police,synthetic_template_kz,1
2167,Ваш номер выбран победителем акции Altel! Приз 2 000 000 тг. Подтвердите: kaspi . kz . secure-login . cc,ru,scam,fake_prize,synthetic_template_kz,1
2168,Ваш номер выбран победителем акции izi! Приз 30 000 тг. Подтвердите: forte-cabinet.pro,ru,scam,fake_prize,synthetic_template_kz,1
2169,"Туған күніңізге сыйлық жасап қойдық, сілтемеге өтіңіз",kk,scam,fake_prize,github_Yerassyl04_Spam-kazakh,0
2170,"Жылдам жауап беріңіз, жеңімпаз болу мүмкіндігі!",kk,suspicious,grey_marketing,github_Yerassyl04_Spam-kazakh,0
2171,Ваш заказ №508534 прибыл в пункт выдачи Kaspi Postomat. Забрать в течение 5 дней,ru,safe,legitimate,synthetic_template_kz,1
2172,Kaspi Red: рассрочка на 89 000 тг оформлена. Отменить forte-cabinet.pro,ru,scam,kaspi_scam,synthetic_template_kz,1
2173,Жаңа кітаптардың үздік тізімі.,kk,safe,legitimate,github_Yerassyl04_Spam-kazakh,0
2174,Нөміріңіз Altel акциясының жеңімпазы атанды! Жүлде 2 000 000 тг. Растаңыз: wb-kz-prize . shop,kk,scam,fake_prize,synthetic_template_kz,1
2175,Kaspi Магазин: тауарыңыз сатылды. 9 000 000 тг алу үшін өтіңіз wb-kz-prize.shop,kk,scam,kaspi_scam,synthetic_template_kz,1
2176,Kaspi: код 855126. Никому не сообщайте.,ru,safe,legitimate,synthetic_template_kz,1
2177,Kaspi Магазин: ваш товар продан. Для получения 14 000 тг перейдите enpf-vyplata.ru,ru,scam,kaspi_scam,synthetic_template_kz,1
2178,"Bereke Bank: 1 000 000 тг сатып алу, карта *8172. Қолжетімді 7 000 000 тг",kk,safe,legitimate,synthetic_template_kz,1
2179,Boxberry: неверный адрес доставки. Уточните данные enpf-vyplata.ru иначе заказ вернется отправителю,ru,scam,phishing,synthetic_template_kz,1
2180,"Сотрудник банка свяжется с вами по номеру +7 770 279 34 30. Не сообщайте код никому, кроме cпециалиста",ru,scam,fake_bank,synthetic_template_kz,1
2181,Ваша заявка на карту рассмотрена. Перезвоните +7 727 318 21 31 для активации,ru,suspicious,grey_marketing,synthetic_template_kz,1
2182,"SE-2425 тобының жиналысы 16:00-де, 2 корпус",kk,safe,legitimate,synthetic_template_kz,1
2183,Жаңа бизнес-идеялармен бөлісіңіз.,kk,safe,legitimate,github_Yerassyl04_Spam-kazakh,0
2184,Тек бүгін! Kaspi Магазин дүкенінде барлық тауарға 68% жеңілдік. Түн ортасына дейін үлгеріңіз,kk,suspicious,grey_marketing,synthetic_template_kz,1
2185,Kaspi: код 420914. Никому не сообщайте.,ru,safe,legitimate,synthetic_template_kz,1
2186,ІІМ. Шоттарыңызға тыйым салынды. Шектеуді 24 сағат ішінде алу: bonus-kz.click !!!,kk,scam,fake_police,synthetic_template_kz,1
2187,"Altel: 26 ГБ және 767 минут қалды, 13.8 дейін",kk,safe,legitimate,synthetic_template_kz,1
2188,"Оплата ЖКХ за maй принята, сумма 12 700 tг",ru,safe,legitimate,synthetic_template_kz,1
2189,Altel: срок действия SIM истекает. Продлите регистрацию kaspi-gold.site,ru,scam,phishing,synthetic_template_kz,1
2190,Вам пришло защищенное сообщение от КНБ РК. Прочитать: forte-cabinet.pro,ru,scam,phishing,synthetic_template_kz,1
2191,Заработок из дома от 7 000 000 тг в неделю. Пишите в WhatsApp +7 797 623 96 11,ru,suspicious,grey_marketing,synthetic_template_kz,1
2192,Заработок из дома от 90 000 тг в неделю. Пишите в WhatsApp +7 797 666 96 15,ru,suspicious,grey_marketing,synthetic_template_kz,1
2193,Поздравляем! Вы выиграли 2 000 000 тг в розыгрыше Freedom Bank. Забрать приз: jusan-secure.info,ru,scam,fake_prize,synthetic_template_kz,1
2194,Вы получили сертификат Temu на 16 000 тг. Активировать до 23:59: halyk-verify.xyz,ru,scam,fake_prize,synthetic_template_kz,1
2195,Картаға өтінішіңіз қаралды. Белсендіру үшін +7 746 212 33 69 нөміріне қоңырау шалыңыз,kk,suspicious,grey_marketing,synthetic_template_kz,1
2196,Kaspi: перевод 17 000 тг от Гульнара ожидает подтверждения. Подтвердить: gov-kz.support,ru,scam,kaspi_scam,synthetic_template_kz,1
2197,"Возврат стрaховки по кредиту. Проверьте, положена ли вам компенсaция: +7 750 276 97 31",ru,suspicious,grey_marketing,synthetic_template_kz,1
2198,"Маmа, я задержусь, буду приmерно k 18 часам",ru,safe,legitimate,synthetic_template_kz,1
2199,"Оплата ЖКХ за март принята, сумма 88 000 тг",ru,safe,legitimate,synthetic_template_kz,1
2200,"Сізге алаяқтар несие рәсімдеген. Істі eGov жүргізуде, оператор +7 799 664 92 66",kk,scam,fake_police,synthetic_template_kz,1
2201,"Tele2: тариф продлен, списано 6688 тг. Следующее списание 27.5",ru,safe,legitimate,synthetic_template_kz,1
2202,"Kaspi Gold: код 558324. Никому не сообщайте. Если это не вы, звоните +7 736 128 18 25",ru,scam,kaspi_scam,synthetic_template_kz,1
2203,"На вас оформлен кредит мошенниками. Дело ведет МВД РК, оператор +7 739 541 30 35",ru,scam,fake_police,synthetic_template_kz,1
2204,Altel: подключена подписка за 488 тг/нед. Отключить *381#,ru,suspicious,grey_marketing,synthetic_template_kz,1
