text,label,category,lang,source
"Здравствуйте, служба безопасности банка. По вашей карте зафиксирована подозрительная операция, назовите код из смс для отмены",scam,fake_bank,,seed
Ваша карта заблокирована. Для разблокировки продиктуйте код из sms сотруднику банка,scam,fake_bank,,seed
"Банк: зафиксирован вход в приложение с нового устройства, если это не вы сообщите код из смс",scam,fake_bank,,seed
"Сәлеметсіз бе, банктің қауіпсіздік қызметі. Картаңыз бұғатталды, смс кодын айтыңыз",scam,fake_bank,,seed
"Отдел безопасности банка беспокоит, для отмены перевода назовите одноразовый код",scam,fake_bank,,seed
"Ваш аккаунт egov будет удалён, срочно перейдите по ссылке и подтвердите данные http://egov-kz.info",scam,phishing,,seed
Перейдите по ссылке для подтверждения карты kaspii.kz и войдите в личный кабинет,scam,phishing,,seed
"Обновите данные банка по ссылке иначе счёт заблокируют, войдите по ссылке прямо сейчас",scam,phishing,,seed
"Подтвердите данные карты по ссылке, срочно перейдите пока доступ не закрыли",scam,phishing,,seed
"Поздравляем! Вы выиграли 1000000 тенге в акции, оплатите комиссию для получения приза",scam,fake_prize,,seed
"Вам положена компенсация от государства, для выплаты оплатите налог 5000 тенге",scam,fake_prize,,seed
"Құттықтаймыз! Сіз сыйлық ұтып алдыңыз, алу үшін комиссия төлеңіз",scam,fake_prize,,seed
"Вы победитель розыгрыша, чтобы получить выплату переведите комиссию на счёт",scam,fake_prize,,seed
"Это следователь прокуратуры, на вас оформлен кредит, срочно переведите деньги на безопасный счёт",scam,fake_police,,seed
"Полиция, по вашему счёту возбуждено уголовное дело, для проверки переведите средства",scam,fake_police,,seed
"Вам звонит сотрудник полиции, ваши деньги под угрозой, переведите на безопасный счёт",scam,fake_police,,seed
"Прокуратура, на ваше имя оформлен кредит мошенниками, срочно переведите деньги",scam,fake_police,,seed
Оплатите через каспи по ссылке kaspi.link чтобы получить перевод от отправителя,scam,kaspi_scam,,seed
"Каспи перевод ожидает подтверждения, подтвердите оплату по ссылке прямо сейчас",scam,kaspi_scam,,seed
"Вам поступил перевод kaspi, для зачисления перейдите по ссылке и подтвердите оплату",scam,kaspi_scam,,seed
"Служба безопасности, зафиксирована попытка списания, назовите код из смс немедленно",scam,fake_bank,,seed
"Ваша карта будет заблокирована через час, сообщите код из sms чтобы отменить",scam,fake_bank,,seed
"Вы выиграли автомобиль в лотерею, оплатите комиссию за оформление приза",scam,fake_prize,,seed
"Отдел по борьбе с мошенничеством, переведите средства на безопасный счёт для защиты",scam,fake_police,,seed
"Привет, ты во сколько завтра будешь дома?",safe,,,seed
Напоминание: запись к врачу сегодня в 15:00,safe,,,seed
"Мама, купи хлеб и молоко пожалуйста",safe,,,seed
"Ваш заказ №123 доставлен, спасибо за покупку",safe,,,seed
"Сәлем, кездесу ертең сағат онда болады",safe,,,seed
Собрание в офисе перенесено на понедельник,safe,,,seed
"Спасибо за оплату, чек отправлен на почту",safe,,,seed
Балалар бақшасы ертең жабық болады,safe,,,seed
Давай встретимся в кафе на обед в час дня,safe,,,seed
"Код подтверждения для входа 4821, никому не сообщайте",safe,,,seed
"Встреча с клиентом в 14:00, не опаздывай пожалуйста",safe,,,seed
"Спасибо, документы получил, всё в порядке",safe,,,seed
"Ертең жиналыс болады, кешікпе",safe,,,seed
"Заказ такси подтверждён, машина будет через 5 минут",safe,,,seed
"С днём рождения, здоровья и счастья тебе",safe,,,seed
"Оплата за интернет прошла успешно, спасибо",safe,,,seed
Напоминаем о встрече выпускников в субботу вечером,safe,,,seed
Ваш баланс пополнен на 5000 тенге,safe,,,seed
"Посылка прибыла в отделение, заберите до пятницы",safe,,,seed
Урок английского перенесён на завтра утром,safe,,,seed
Напоминание: срок оплаты за обучение до 25.12. Сумма 44 000 тг,safe,,ru,synthetic_template_kz
Еске салу: оқу ақысын 7.9 дейін төлеу қажет. Сома 80 600 тг,safe,,kk,synthetic_template_kz
Пополнение 24 700 тг на карту *6728. Баланс 6 000 000 тг,safe,,ru,synthetic_template_kz
"Bank RBK: покупка 2 000 000 тг, карта *5076. Доступно 8 000 000 тг",safe,,ru,synthetic_template_kz
Jusan Bank қауіпсіздік қызmеті: 40 600 тг күдікті аудаpым. +7 744 177 40 71 нөміріне жедел хабaрласыңыз,scam,fake_bank,kk,synthetic_template_kz
"Занятие по английскому переносится на 15:00, аудитория 352",safe,,ru,synthetic_template_kz
Тұрғын үй бағдарламалары мен жаңалықтары.,safe,,kk,github_Yerassyl04_Spam-kazakh
Повестка в суд по делу №43008. Материалы дела: kaspi.kz.secure-login.cc,scam,fake_police,ru,synthetic_template_kz
Kaspi Магазин: ваш товар продан. Для получения 44 000 тг перейдите enpf-vyplata.ru,scam,kaspi_scam,ru,synthetic_template_kz
Bereke Bank. Списание 39 000 тг одобрено. Отменить операцию: kaspi.kz.secure-login.cc,scam,fake_bank,ru,synthetic_template_kz
Нөміріңіз Activ акциясының жеңімпазы атанды! Жүлде 7 000 000 тг. Растаңыз: jusan-secure.info,scam,fake_prize,kk,synthetic_template_kz
Салық берешегі 2 000 000 тг. Онлайн өтеу: halyk-verify.xyz,scam,phishing,kk,synthetic_template_kz
№458140 тапсырысыңыз Boxberry пунктіне жетті. 5 күн ішінде алыңыз,safe,,kk,synthetic_template_kz
"Несие бойынша сақтандыруды қайтару. Өтемақы тиесілі ме, тексеріңіз: +7 756 941 20 70",suspicious,,kk,synthetic_template_kz
Деректeріңіз расталмағандықтан шотыңыз 2 сағат ішінде жабылады. Сауaлнаманы жаңартыңыз: gov-kz.support,scam,fake_bank,kk,synthetic_template_kz
ForteBank.  14  000 тг есептен шығару бекітілді. Болдырмау үшін: enpf-vyplata.ru,scam,fake_bank,kk,synthetic_template_kz
Одобрен займ до 92 000 тг без справок и залога. Оформить за 5 минут: wildberries.kz,suspicious,,ru,synthetic_template_kz
Ваш счет будет закрыт сегодня до 18:00 из-за неподтвержденных данных. Обновите анкету: kz-vyigrysh.net,scam,fake_bank,ru,synthetic_template_kz
Ваш номер участвует в перерасчете пенсии. Заполните форму gov-kz.support до конца недели,scam,phishing,ru,synthetic_template_kz
Сіздің емтихандарыңызға дайындық басталды.,safe,,kk,github_Yerassyl04_Spam-kazakh
*1431 картаға 1 000 000 тг толықтырылды. Баланс 1 000 000 тг,safe,,kk,synthetic_template_kz
Национальный Банк РК: на ваше имя заведено производство. Явитесь или ознакомьтесь bonus-kz.click,scam,fake_police,ru,synthetic_template_kz
Kaspi: код 209359. Ешкімге айтпаңыз.,safe,,kk,synthetic_template_kz
"Kaspi Gold: код 8599. Никому не сообщайте. Если это не вы, звоните +7 765 395 31 79",scam,kaspi_scam,ru,synthetic_template_kz
Мерейтойлық  ұтыс!  Сізге 27 000 тг бонус есептелді. Шығару үшін 7228 тг комиссия төлеңіз,scam,fake_prize,kk,synthetic_template_kz
Бесплатная диагностика организма в нашей клинике. Запись на сегодня +7 715 367 83 62,suspicious,,ru,synthetic_template_kz
"Оплата ЖКХ за май принята, сумма 39 800 tг",safe,,ru,synthetic_template_kz
№325739 тапсырысыңыз Яндекс Доставка пунктіне жетті. 5 күн ішінде алыңыз,safe,,kk,synthetic_template_kz
"izi: тариф ұзартылды, 3294 тг есептен шығарылды !!!",safe,,kk,synthetic_template_kz
Bereke Bank қауіпсіздік қызметі: 79 000 тг күдікті аударым. +7 772 359 82 30 нөміріне жедел хабарласыңыз,scam,fake_bank,kk,synthetic_template_kz
Повестка в суд по делу №17991. Материалы дела: wb-kz-rize.shop,scam,fake_police,ru,synthetic_template_kz
Kaspi Магазин: тауарыңыз сатылды. 25 800 тг алу үшін өтіңіз kaspi.kz.secure-login.cc,scam,kaspi_scam,kk,synthetic_template_kz
"На вас оформлен кредит мошенниками. Дело ведет Национальный Банк РК, оператор +7 755 853 52 96",scam,fake_police,ru,synthetic_template_kz
Kaspi: код 17273. Никому не сообщайте.,safe,,ru,synthetic_template_kz
Temu: сәлемдемеңіз кеденде тұр. 847 тг баж салығын төлеңіз: jusan-secure.info,scam,phishing,kk,synthetic_template_kz
izi: аптасына 672 тг жазылым қосылды. Өшіру *710#,suspicious,,kk,synthetic_template_kz
"Возврат страховки по кредиту. Проверьте, положена ли вам компенсация: +7 778 926 34 21",suspicious,,ru,synthetic_template_kz
Служба безопасности Eurasian Bank: подозрительный перевод на 72 000 тг. Свяжитесь с оператором +7 789 487 35 91 немедленно,scam,fake_bank,ru,synthetic_template_kz
№971300 тапсырысыңыз Яндекс Доставка пунктіне жетті. 5 күн ішінде алыңыз,safe,,kk,synthetic_template_kz
Заработок из дома от 71 000 тг в Hеделю. Пишите в WhatsApp +7 762 542 39 35,suspicious,,ru,synthetic_template_kz
Трейдинг курстары. Бірінші сбақ тегін. Тіркелу +7 719 594 22 24,suspicious,,kk,synthetic_template_kz
*2603 картаға 64 600 тг толықтырылды. Баланс 63 000 тг,safe,,kk,synthetic_template_kz
Бесплатная диагностика организма в нашей клинике. Запись на сегодня +7 706 771 71 77,suspicious,,ru,synthetic_template_kz
Курсы трейдинга. Первое занятие бесплатно. Запись +7 778 699 16 57,suspicious,,ru,synthetic_template_kz
Обновление базы ЕНПФ. Вам начислена выплата 30 000 тг. Получить: kaspi-gold.site,scam,phishing,ru,synthetic_template_kz
"Halyk Bank: жеке кабинетіңізге жаңа құрылғыдан кіру әрекеті тіркелді. Егер бұл сіз болмасаңыз, растаңыз: kaspi-bonus.top",scam,fake_bank,kk,synthetic_template_kz
Activ:  остаток  26 ГБ и 787 минут до 4.9,safe,,ru,synthetic_template_kz
Ерте тұру қажет болса ерте жат,safe,,kk,github_Yerassyl04_Spam-kazakh
Заработок из дома от 62 400 тг в неделю. Пишите в WhatsApp +7 709 336 70 10,suspicious,,ru,synthetic_template_kz
"Eurasian Bank: одобрен кредит на 27 300 тг. Если вы не подавали заявку, отмените здесь forte-cabinet.pro",scam,fake_bank,ru,synthetic_template_kz
"ForteBank: покупка 6 000 000 тг, карта *4272. Доступно 9 000 000 тг",safe,,ru,synthetic_template_kz
Kaspi Магазин: тауарыңыз сатылды. 7 000 000 тг алу үшін өтіңіз jusan-secre.info,scam,kaspi_scam,kk,synthetic_template_kz
"Требуются сотрудники, график свободный, оплата ежедневно 15 000 тг. Telegram по номеру +7 782 243 61 76",suspicious,,ru,synthetic_template_kz
Біздің жаңа жобамызды қараңыз.,safe,,kk,github_Yerassyl04_Spam-kazakh
Kaspi: перевод 64 000 тг от Гульнара ожидает подтверждения. Подтвердить: halyk-verify.xyz,scam,kaspi_scam,ru,synthetic_template_kz
Өзіңіздің медициналық тексеруіңізді жоспарлаңыз.,safe,,kk,github_Yerassyl04_Spam-kazakh
"Үйден жұмыс, аптасына 80 000 тг табыс. WhatsApp +7 778 413 10 47 жазыңыз",suspicious,,kk,synthetic_template_kz
ЖСН нөміріңіз заңсыз операцияда қолданылған. Тергеуші хабарласады: +7 719 809 18 28. Үшінші тұлғаларға айтпаңыз,scam,fake_police,kk,synthetic_template_kz
Одобрен займ до 7 000 000 тг без справок и залога. Оформить за 5 минут: egov.kz,suspicious,,ru,synthetic_template_kz
Ваш ИИН использован в незаконной операции. Следователь свяжется с вами: +7 717 530 49 92. Не сообщайте третьим лицам,scam,fake_police,ru,synthetic_template_kz
Одобрен займ до 5 000 000 тг без справок и залога. Оформить за 5 минут: kaspi.kz,suspicious,,ru,synthetic_template_kz
Tele2: SIM картаңыздың мерзімі бітуде. Тіркеуді ұзартыңыз kz-vyigrysh.net,scam,phishing,kk,synthetic_template_kz
"Такси прибыло. Chevrolet Cobalt, гос. ноер 832 CCF 01",safe,,ru,synthetic_template_kz
Мерейтойлық ұтыс! Сізге 80 600 тг бонус есептелді. Шығару үшін 9771 тг комиссия төлеңіз,scam,fake_prize,kk,synthetic_template_kz
Сіздің жүлдеіңіз дайын!,suspicious,,kk,github_Yerassyl04_Spam-kazakh
Kaspi: Әйгерім жіберген 70 000 тг аударым растауды күтуде. Растау: gov-kz.support,scam,kaspi_scam,kk,synthetic_template_kz
Kaspi Red: рассрочка на 9 000 000 тг оформлена. Отменить gov-kz.support,scam,kaspi_scam,ru,synthetic_template_kz
"Мама, я задержусь, буду примерно к 21 часам",safe,,ru,synthetic_template_kz
"Возврат страховки по кредиту. Проверьте, положена ли вам компенсация: +7 704 665 48 31",suspicious,,ru,synthetic_template_kz
Одобрен займ до 4 000 000 тг без справок и залога. Оформить за 5 минут: halykbank.kz,suspicious,,ru,synthetic_template_kz
Тек бүгін ғана - ақшаны қайтарып алыңыз!,suspicious,,kk,github_Yerassyl04_Spam-kazakh
СДЭК: неверный адрес доставки. Уточниtе данные jusan-secure.info иначе заказ вернeтся отправиtелю,scam,phishing,ru,synthetic_template_kz
"Altel: тариф продлен, списано 2668 тг. Следующее списание 16.12",safe,,ru,synthetic_template_kz
Сот орындаушылары: сіздің атыңызға іс қозғалды. Танысу үшін kaspi.kz.secure-login.cc,scam,fake_police,kk,synthetic_template_kz
Beeline: подключена подписка за 498 тг/нед. Отключить *371#,suspicious,,ru,synthetic_template_kz
"Мама, я задержусь, буду примерно к 20 часам 🔴",safe,,ru,synthetic_template_kz
Temu: сәлемдемеңіз кеденде тұр. 1668 тг баж салығын төлеңіз: forte-cabinet.pro,scam,phishing,kk,synthetic_template_kz
Только сегодня! Скидка 61% на все товары в Kaspi Магазин. Успей до полуночи,suspicious,,ru,synthetic_template_kz
"Такси прибыло. Kia Rio, гоc. Hомер 727 AKR 08",safe,,ru,synthetic_template_kz
"Встpеча группы SE-2421 в 10:00, коpпyс 1",safe,,ru,synthetic_template_kz
"Бағдарламалау сабағы 16:00-ге ауыстырылды, 367 аудитория",safe,,kk,synthetic_template_kz
"Здравствуйте, я по объявлению на Kaspi. Уже оплатил, подтвердитe получение по ссылке kaspi-gold.site",scam,kaspi_scam,ru,synthetic_template_kz
"Қызметкерлер қажет, кесте еркін, күнделікті төлем 29 000 тг. Telegram +7 780 203 89 21",suspicious,,kk,synthetic_template_kz
"Внимание! Ваша карта *1645 скомпрометирована. Переведите средства на резервный счет, инструкция: kaspi-bonus.top",scam,fake_bank,ru,synthetic_template_kz
"Ағылшын тілі сабағы 15:00-ге ауыстырылды, 360 аудитория",safe,,kk,synthetic_template_kz
Ваш заказ №616333 прибыл в пункт выдачи Kaspi Postomat. Забрать в течение 5 дней,safe,,ru,synthetic_template_kz
Kaspi: код 288067. Ешкімге айтпаңыз.,safe,,kk,synthetic_template_kz
Повестка в суд по делу №20639. Материалы дела: jusan-secure.info,scam,fake_police,ru,synthetic_template_kz
"Здравствуйте, я по объявлеHию на Kaspi. Уже оплатил, подтвердиtе пoлучение по ссылке kaspi-bonus.top",scam,kaspi_scam,ru,synthetic_template_kz
Сізге  43  000 тг сомасына Kaspi Bonus 10% түсті. Белсендіру enpf-vyplata.ru,scam,kaspi_scam,kk,synthetic_template_kz
Kaspi: перевод 79 400 тг от Ерлан ожидает подтверждения. Подтвердить: wb-kz-prize.shop,scam,kaspi_scam,ru,synthetic_template_kz
БЖЗҚ дерекқоры жаңартылды. Сізге 15 000 тг төлем есептелді. Алу: kaspi-gold.site,scam,phishing,kk,synthetic_template_kz
"Ерлан, сізге 85 100 тг төлем мақұлданды. Деректерді осында енгізіңіз kaspi.kz.secure-login.cc",scam,fake_prize,kk,synthetic_template_kz
Ваш код подтверждения для входа: 996630,safe,,ru,synthetic_template_kz
"63  000  тг бастап инвестиция, айына 55% табыс. Кеңес +7 722 734 49 51",suspicious,,kk,synthetic_template_kz
Только сегодня! Скидка 79% на все товары в Wildberries. Успей до полуночи,suspicious,,ru,synthetic_template_kz
Трейдинг курстары. Бірінші сабақ тегін. Тіркелу +7 700 287 92 60,suspicious,,kk,synthetic_template_kz
"Данияр, вам доступен персональный кредитный лимит 25 000 тг. Подробнее в приложении",suspicious,,ru,synthetic_template_kz
"Бағдарламалау сабағы 12:00-ге ауыстырылды, 306 аудитория",safe,,kk,synthetic_template_kz
Курcы трейдинга. Первое заняtие бесплатнo. Запись +7 782 390 27 33,suspicious,,ru,synthetic_template_kz
КОМИТЕТ ГОСДОХОДОВ: НА ВАШЕ ИМЯ ЗАВЕДЕНО ПРОИЗВОДСТВО. ЯВИТЕСЬ ИЛИ ОЗНАКОМЬТЕСЬ GOV-KZ.SUPPORT,scam,fake_police,ru,synthetic_template_kz
Кіру үшін растау кодыңыз: 448461,safe,,kk,synthetic_template_kz
Мемлекеттік кірістер комитеті. Шоттарыңызға тыйым салынды. Шектеуді 2 сағат ішінде алу: jusan-secure.info,scam,fake_police,kk,synthetic_template_kz
Kaspi Red: рассpочка на 7 000 000 тг оформленa. Оtменить halyk-verify.xyz,scam,kaspi_scam,ru,synthetic_template_kz
Сатып алғаныңыз үшін рахмеt! Түбіpтеk wildberries.kz сайтында,safe,,kk,synthetic_template_kz
"Ана, мен кешігемін, шамамен 21-де боламын ⚠️",safe,,kk,synthetic_template_kz
Еске салу: оқу ақысын 28.8 дейін төлеу қажет. Сома 46 500 тг,safe,,kk,synthetic_template_kz
"Kaspi Gold: код 90811. Никому не сообщайте. Если это не вы, звоните +7 741 610 58 78",scam,kaspi_scam,ru,synthetic_template_kz
Напоминание: срок оплаты за обучение дo 17.10. Сyмма 31 000 тг,safe,,ru,synthetic_template_kz
Деректеріңіз расталмағандықтан шотыңыз жедел түрде жабылады. Сауалнаманы жаңартыңыз: enpf-vyplata.ru,scam,fake_bank,kk,synthetic_template_kz
Құттықтаймыз! Сіз Jusan Bank ұтыс ойынында 1 000 000 тг ұттыңыз. Жүлдені алу: kaspi-gold.site,scam,fake_prize,kk,synthetic_template_kz
"Kaspi Gold: код 720585. Никому не сообщайте. Если это не вы, звоните +7 724 181 33 15",scam,kaspi_scam,ru,synthetic_template_kz
"Tele2: тариф продлен, списано 3481 тг. Следующее списание 11.4",safe,,ru,synthetic_template_kz
"Инвестиции от 53 000 тг, доход 37% в месяц. Консультация +7 799 299 97 55",suspicious,,ru,synthetic_template_kz
Еске  салу:  оқу ақысын 6.1 дейін төлеу қажет. Сома 2 000 000 тг,safe,,kk,synthetic_template_kz
Бүгін ғана: электронды құрылғыларда үлкен жеңілдіктер!,suspicious,,kk,github_Yerassyl04_Spam-kazakh
Kaspi Магазин: тауарыңыз сатылды. 82 300 tг алу үшін өtіңіз kaspi.kz.secure-login.cc,scam,kaspi_scam,kk,synthetic_template_kz
eGov аккаунтыңыз 23:59-ға дейін жойылады. ЖСН растаңыз: forte-cabinet.pro,scam,phishing,kk,synthetic_template_kz
"Крипто-сигналы с точностью 80%. Первый месяц бесплатно, канал по ссылке в профиле",suspicious,,ru,synthetic_template_kz
Орнынан тұрмай ақша тапқын келсе,suspicious,,kk,github_Yerassyl04_Spam-kazakh
Tele2: остаток 1 ГБ и 648 минут до 7.10,safe,,ru,synthetic_template_kz
"izi: тариф продлен, списано 5108 тг. Следующее списание 21.11",safe,,ru,synthetic_template_kz
"Ана, мен кешігемін, шамамен 21-де боламын",safe,,kk,synthetic_template_kz
"Такси прибыло. Toyota Camry, гос. номер 536 SCE 07",safe,,ru,synthetic_template_kz
"Halk Bank: покупка 7 000 000 тг, карта *3257. Доступно 6 000 000 тг",safe,,ru,synthetic_template_kz
Көпшілік ортада еркін сөйлегіңіз келеді ме?,safe,,kk,github_Yerassyl04_Spam-kazakh
*5538 картаға 40 800 тг толықтырылды. Баланс 56 200 тг,safe,,kk,synthetic_template_kz
"Несие бойынша сақтандыруды қайтару. Өтемақы тиесілі ме, тексеріңіз: +7 777 111 92 37",suspicious,,kk,synthetic_template_kz
Обновление базы ЕНПФ. Вам начислена выплата 91 000 тг. Получить: jusan-secure.info ⚠️,scam,phishing,ru,synthetic_template_kz
"Eurasian Bank: зафиксирована попытка входа в ваш кабинет с нового устройства. Если это не вы, подтвердите личность: halyk-verify.xyz",scam,fake_bank,ru,synthetic_template_kz
"Возврат страховки по кредиту. Проверьте, положена ли вам компенсация: +7 747 700 99 29",suspicious,,ru,synthetic_template_kz
Boxberry: жеткізу мекенжайы қате. Деректерді Hақтылаңыз kaspi-gold.site,scam,phishing,kk,synthetic_template_kz
Ваша заявка на карту рассмотрена. Перезвоните +7 711 852 89 25 для активации,suspicious,,ru,synthetic_template_kz
Повестка в суд по делу №82718. Материалы дела: halyk-verify.xyz,scam,fake_police,ru,synthetic_template_kz
"Jusan Bank: жеке кабинетіңізге жаңа құрылғыдан кіру әрекеті тіркелді. Егер бұл сіз болмасаңыз, растаңыз: kaspi-bonus.top",scam,fake_bank,kk,synthetic_template_kz
"Сәлеметсіз  бе,  Kaspi-дегі хабарландыру бойынша жазып тұрмын. Төледім, сілтеме арқылы растаңыз wb-kz-prize.shop",scam,kaspi_scam,kk,synthetic_template_kz
Ваш аккаунт eGov будет удален в течеHие 2 часов. Подтвердите ИИН: egov-kz.online,scam,phishing,ru,synthetic_template_kz
"Здравствуйте, я по объявлению на Kaspi. Уже оплатил, подтвердите получение по ссылке kaspi-bonus.top",scam,kaspi_scam,ru,synthetic_template_kz
"Сәлеметсіз бе, Kaspi-деі хабарландыру бойынша жазып тұрмын. Төледім, сілтеме арқылы растаңыз bonus-kz.click",scam,kaspi_scam,kk,synthetic_template_kz
Картаға өтінішіңіз қаралды. Белсендіру үшін +7 764 602 59 72 нөміріне қоңырау шалыңыз,suspicious,,kk,synthetic_template_kz
Пополнение 71 000 тг на карту *3295. Баланс 6 000 000 тг,safe,,ru,synthetic_template_kz
Ваш счет будет закрыт сегодня до 18:00 из-за неподтвержденных данных. Обновите анкету: enpf-vyplata.ru,scam,fake_bank,ru,synthetic_template_kz
Вам поступил Kaspi Bonus 4% на 29 700 тг. Активация halyk-verify.xyz,scam,kaspi_scam,ru,synthetic_template_kz
"Үйден жұмыс, аптасына 88 000 тг табыс. WhatsApp +7 766 205 21 59 жазыңыз",suspicious,,kk,synthetic_template_kz
"Тaкси прибыло. Hyundai Accent, гос. номeр 199 FRA 08",safe,,ru,synthetic_template_kz
Сіздің ұтысыңыз туралы хабарлама!,scam,fake_prize,kk,github_Yerassyl04_Spam-kazakh
Temu: посылка задержана на таможне. Оплатите пошлину 2271 тг: kaspi-gold.site,scam,phishing,ru,synthetic_template_kz
Деректеріңіз расталмағандықтан шотыңыз жедел түрде жабылады. Сауалнаманы жаңартыңыз: beeline-bonus.icu,scam,fake_bank,kk,synthetic_template_kz
"Требуются сотрудники, график свободный, оплата ежедневно 19 000 тг. Telegram по номеру +7 732 413 74 47",suspicious,,ru,synthetic_template_kz
"Үйден жұмыс, аптасына 75 000 тг табыс. WhatsApp +7 757 233 58 74 жазыңыз",suspicious,,kk,synthetic_template_kz
"Сәлеметсіз бе, Әсел! Ертең сағат 12:00-де дәрігерге жазылғаныңызды еске саламыз",safe,,kk,synthetic_template_kz
Одобрен займ до 84 000 тг без справок и залога. Оформить за 5 минут: beeline.kz,suspicious,,ru,synthetic_template_kz
Вам поступил Kaspi Bonus 15% на 7 000 000 тг. Активация forte-cabinet.pro,scam,kaspi_scam,ru,synthetic_template_kz
"Beeline: тариф ұзартылды, 4187 тг есептен шығарылды",safe,,kk,synthetic_template_kz
Сенбі күні футбол ойыны болады.,safe,,kk,github_Yerassyl04_Spam-kazakh
Activ: срок действия SIM истекает. Продлите регистрацию beeline-bonus.icu,scam,phishing,ru,synthetic_template_kz
Повестка  в  суд по делу №38578. Материалы дела: halyk-verify.xyz,scam,fake_police,ru,synthetic_template_kz
"Возврат страховки по кредиту. Проверьте, положена ли вам компенсация: +7 734 254 62 63",suspicious,,ru,synthetic_template_kz
АЭС жайлы ақпарат алу қажет,safe,,kk,github_Yerassyl04_Spam-kazakh
Kaspi: перевод 4 000 000 тг от Мадина ожидaет подтверждения. Пoдтвердить: egov-kz.online,scam,kaspi_scam,ru,synthetic_template_kz
Тек бүгін! Temu дүкенінде барлық тауарға 50% жеңілдік. Түн ортасына дейін үлгеріңіз,suspicious,,kk,synthetic_template_kz
Розыгрыш к 30-летию! Вам начислен бонус 24 000 тг. Для вывода оплатите комиссию 4550 тг,scam,fake_prize,ru,synthetic_template_kz
"izi: 21 ГБ және 727 минут қалды, 19.2 дейін",safe,,kk,synthetic_template_kz
ПОЗДРАВЛЯЕМ! ВЫ ВЫИГРАЛИ 36 500 ТГ В РОЗЫГРЫШЕ BEREKE BANK. ЗАБРАТЬ ПРИЗ: KZ-VYIGRYSH.NET,scam,fake_prize,ru,synthetic_template_kz
"Оплата ЖКХ за февраль принята, сумма 64 000 тг",safe,,ru,synthetic_template_kz
"SE-2420 тобының жиналысы 12:00-де, 3 корпус",safe,,kk,synthetic_template_kz
БЖЗҚ дерекқоры жаңартылды. Сізге 85 000 тг төлем есептелді. Алу: bonus-kz.click,scam,phishing,kk,synthetic_template_kz
"izi: тариф продлeн, списано 5150 тг. Следующеe списание 2.3",safe,,ru,synthetic_template_kz
Нөміріңіз зейнетақыны қайtа есептеуге қатысады. ФорmаHы толтырыңыз kaspi-gold.site,scam,phishing,kk,synthetic_template_kz
"Алгебра сабағы 14:00-ге ауыстырылды, 219 аудитория",safe,,kk,synthetic_template_kz
Тек қазір: 90%-ға дейін жеңілдіктер!,suspicious,,kk,github_Yerassyl04_Spam-kazakh
Ваш код подтверждения для входа: 683511,safe,,ru,synthetic_template_kz
eGov: ваша справка готова. Скачать в мобильном приложении или на wildberries.kz,safe,,ru,synthetic_template_kz
Розыгрыш  к  30-летию! Вам начислен бонус 78 700 тг. Для вывода оплатите комиссию 3946 тг,scam,fake_prize,ru,synthetic_template_kz
Ваш номер выбран победителем акции Tele2! Приз 79 000 тг. Подтвердите: halyk-verify.xyz,scam,fake_prize,ru,synthetic_template_kz
Altel: остаток 21 ГБ и 623 минут до 11.6,safe,,ru,synthetic_template_kz
Kaspi: код 879747. Ешкімге айтпаңыз.,safe,,kk,synthetic_template_kz
Сізге 5 000 000 тг сомасына Kaspi Bonus 14% түсті. Белсендіру beeline-bonus . icu,scam,kaspi_scam,kk,synthetic_template_kz
КНБ РК. Наложен арест на счета. Снять ограничение в течение 2 часов: wb-kz-prize.shop,scam,fake_police,ru,synthetic_template_kz
№973706 тапсырысыңыз Boxberry пунктіне жетті. 5 күн ішінде алыңыз,safe,,kk,synthetic_template_kz
"Возврат страховки по кредиту. Проверьте, положена ли вам компенсация: +7 774 381 72 55",suspicious,,ru,synthetic_template_kz
"Внимание! Ваша кaрtа *7091 скомпрометированa. Переведите средства на резервный счет, инструкция: kaspi-bonus.top",scam,fake_bank,ru,synthetic_template_kz
"Оплата ЖКХ за май принята, сумма 83 000 тг",safe,,ru,synthetic_template_kz
Beeline:  подключена  подписка за 404 тг/нед. Отключить *524#,suspicious,,ru,synthetic_template_kz
"УРА! Мадина, вам одобрена выплата 72 700 тг. Реквизиты укажите тут gov-kz.support",scam,fake_prize,ru,synthetic_template_kz
Ваш номер участвует в перерасчете пенсии. Заполните форму forte-cabinet.pro до конца недели,scam,phishing,ru,synthetic_template_kz
"Otbasy Bank: 50 000 тг сатып алу, карта *4683. Қолетімді 41 000 тг",safe,,kk,synthetic_template_kz
Kaspi Gold: код 849483. Ешкімге айтпаңыз. Егер бұл сіз болмасаңыз +7 764 115 13 91 нөміріне қоңырау шалыңыз,scam,kaspi_scam,kk,synthetic_template_kz
Антифрод-центр. Наложен арест на счета. Снять ограничение до конца дня: wb-kz-prize.shop,scam,fake_police,ru,synthetic_template_kz
Достарымен бірге демалыс өткізу туралы идеялар.,safe,,kk,github_Yerassyl04_Spam-kazakh
"Сізге алаяқтар несие рәсімдеген. Істі Антифрод орталығы жүргізуде, оператор +7 747 305 97 32",scam,fake_police,kk,synthetic_template_kz
Ваша заявка на карту рассмотрена. Перезвоните +7 700 740 25 38 для активации,suspicious,,ru,synthetic_template_kz
№155776 тапсырысыңыз Яндекс Доставка пунктіне жетті. 5 күн ішінде алыңыз 🔴,safe,,kk,synthetic_template_kz
Картаға өтінішіңіз қаралды. Белсендіру үшін +7 727 493 63 21 нөміріне қоңыpау шалыңыз,suspicious,,kk,synthetic_template_kz
"Halyk Bank: покупка 51 000 тг, карта *3082. Доступно 7 000 000 тг",safe,,ru,synthetic_template_kz
Kaspi: код 542717. Ешкімге айтпаңыз.,safe,,kk,synthetic_template_kz
"Здравствуйте, я по объявлению на Kaspi. Уже оплатил, подтвердите получение по ссылке kz-vyigrysh.net",scam,kaspi_scam,ru,synthetic_template_kz
Kaspi Red: рассрочка на 6 000 000 тг оформлена. Отменить jusan-secure.info,scam,kaspi_scam,ru,synthetic_template_kz
№713046 тапсырысыңыз СДЭК пунктіне жетті. 5 күн ішінде алыңыз,safe,,kk,synthetic_template_kz
"Үйден жұмыс, аптасына 77 000 тг табыс. WhatsApp +7 759 161 34 18 жазыңыз",suspicious,,kk,synthetic_template_kz
Бесплатня диагностика организма в нашей клинике. Запись на сегодня +7 711 977 79 70,suspicious,,ru,synthetic_template_kz
"Activ: тариф ұзартылды, 6581 тг есептен шығарылды",safe,,kk,synthetic_template_kz
Заработок из дома от 1 000 000 тг в неделю. Пишите в WhatsApp +7 724 357 89 18,suspicious,,ru,synthetic_template_kz
Трейдинг курстары. Бірінші сабақ тегін. Тіркелу +7 758 674 16 64,suspicious,,kk,synthetic_template_kz
Beeline: срок действия SIM истекает. Продлите регистрацию egov-kz.online,scam,phishing,ru,synthetic_template_kz
Назар аударыңыз! *4651 картаңыз қауіпте. Қаражатты резервтік шотқа аударыңыз: kaspi . kz . secure-login . cc,scam,fake_bank,kk,synthetic_template_kz
Altel: oсtатоk 22 ГБ и 645 минут до 1.10,safe,,ru,synthetic_template_kz
Kaspi Red: 17 500 тг бөліп төлеу рәсімделді. Болдырмау jusan-secure.info,scam,kaspi_scam,kk,synthetic_template_kz
ДЕРЕКТЕРІҢІЗ РАСТАЛМАҒАНДЫҚТАН ШОТЫҢЫЗ 24 САҒАТ ІШІНДЕ ЖАБЫЛАДЫ. САУАЛНАМАНЫ ЖАҢАРТЫҢЫЗ: BEELINE-BONUS.ICU,scam,fake_bank,kk,synthetic_template_kz
Служба судебных исполнителей: на ваше имя заведено производство. Явитесь или ознакомьтесь kaspi-bonus.top.,scam,fake_police,ru,synthetic_template_kz
Сіздің жарнамалық акцияңыз бүгін белсенді!,suspicious,,kk,github_Yerassyl04_Spam-kazakh
Курсы трейдинга. Первое занятие бесплатно. Запись +7 760 397 24 70,suspicious,,ru,synthetic_template_kz
Только сегодня! Скидка 44% на все товары в Kaspi Магазин. Успей до полуночи,suspicious,,ru,synthetic_template_kz
"Beeline: тариф ұзартылды, 4050 тг есептен шығарылды",safe,,kk,synthetic_template_kz
ЖСН нөміріңіз заңсыз операцияда қолданылған. Тергеуші хабарласады: +7 755 210 87 74. Үшінші тұлғаларға айтпаңыз,scam,fake_police,kk,synthetic_template_kz
Салық берешегі 3 000 000 тг. Онлайн өтeу: forte-cabinet.pro,scam,phishing,kk,synthetic_template_kz
"Әйгерім, сізге 96 400 тг жеке несие лимиті қолжетімді. Толығырақ қосымшада",suspicious,,kk,synthetic_template_kz
Нөміріңіз зейнетақыны қайта есептеуге қатысады. Форманы толтырыңыз enpf-vyplata.ru,scam,phishing,kk,synthetic_template_kz
"Мама, я задержусь, буду приmеpно к 22 часам",safe,,ru,synthetic_template_kz
Картаға өтінішіңіз қаралды. Белсендіру үшін +7 710 353 69 66 нөміріне қоңырау шалыңыз,suspicious,,kk,synthetic_template_kz
Ваш номер участвует в перерасчете пенсии. Заполните форму halyk-verify.xyz до конца недели,scam,phishing,ru,synthetic_template_kz
Kaspi Postomat: неверный адрес доставки. Уточните данные kaspi-gold.site иначе заказ вернется отправителю,scam,phishing,ru,synthetic_template_kz
Нөміріңіз зейнетақыны қайта есептеуге қатысады. Форманы толтырыңыз egov-kz.online,scam,phishing,kk,synthetic_template_kz
"Әлия, сізге 98 200 тг жеке несие лимиті қолжетімді. Толығырақ қосымшада",suspicious,,kk,synthetic_template_kz
"Кітапханаға барып, жаңа кітаптар алыңыз.",safe,,kk,github_Yerassyl04_Spam-kazakh
"Bereke Bank: одобрен кредит на 90 000 тг. Если вы не подавали заявку, отмените здесь kaspi.kz.secure-login.cc",scam,fake_bank,ru,synthetic_template_kz
eGov  аккаунтыңыз  бүгін 18:00-ге дейін жойылады. ЖСН растаңыз: kaspi-bonus.top,scam,phishing,kk,synthetic_template_kz
Деректеріңіз расталмағандықтан шотыңыз бүгін 18:00-ге дейін жабылады. Сауалнаманы жаңартыңыз: halykbank.kz.verify.top,scam,fake_bank,kk,synthetic_template_kz
Ваш номер выбран победителем акции izi! Приз 37 000 тг. Подтвердите: kaspi-bonus.top !!!,scam,fake_prize,ru,synthetic_template_kz
Kaspi Red: 4 000 000 тг бөліп төлеy рәсімделді. Болдырмау kaspi-bonus.top,scam,kaspi_scam,kk,synthetic_template_kz
"Инвестиции от 73 000 тг, доход 34% в месяц. Консультация +7 756 210 98 75",suspicious,,ru,synthetic_template_kz
Ұлттық Банк. Шоттарыңызға тыйым салынды. Шектеуді 2 сағат ішінде алу: kaspi.kz.secure-login.cc,scam,fake_police,kk,synthetic_template_kz
Ваш ИИН использован в незаконной операции. Следователь свяжется с вами: +7 781 883 31 62. Не сообщайте третьим лицам,scam,fake_police,ru,synthetic_template_kz
Бесплатная диагностика организма в нашей клинике. Запись на сегодня +7 715 602 76 99,suspicious,,ru,synthetic_template_kz
Сізге 16 000 тг сомасына Kaspi Bonus 3% түсті. Белсендіру forte-cabinet . pro,scam,kaspi_scam,kk,synthetic_template_kz
Поздравляем! Вы выиграли 68 300 тг в розыгрыше Eurasian Bank. Забрать приз: halykbank.kz.verify.top,scam,fake_prize,ru,synthetic_template_kz
"izi: тариф продлен, списано 2522 тг. Следующее списание 19.6",safe,,ru,synthetic_template_kz
Только сегодня! Скидка 67% на все товары в AliExpress. Успей до полуночи,suspicious,,ru,synthetic_template_kz
Kaspi Red: 79 000 тг бөліп төлеу рәсімделді. Болдырмау halykbank.kz.verify.top,scam,kaspi_scam,kk,synthetic_template_kz
"Внимание! Ваша карта *1702 скомпрометирована. Переведите средства на резервный счет, инструкция: forte-cabinet.pro",scam,fake_bank,ru,synthetic_template_kz
"Jusan Bank: 80 000 тг сатып алу, карта *5086. Қолжетімді 54 000 тг",safe,,kk,synthetic_template_kz
Сот орындаушылары: сіздің атыңызға іс қозғалды. Танысу үшін wb-kz-prize.shop,scam,fake_police,kk,synthetic_template_kz
Boxberry: неверный адрес доставки. Уточните даные kaspi-gold.site иначе заказ вернется отправителю,scam,phishing,ru,synthetic_template_kz
"Оплата ЖКХ за март принята, сумма 9 000 000 тг",safe,,ru,synthetic_template_kz
"Жанна, сізге 91 300 тг tөлем мақұлданды. Деректерді осында еHгізіңіз halykbank.kz.verify.top",scam,fake_prize,kk,synthetic_template_kz
Kaspi Магазин: ваш товар продан. Для получения 63 000 тг перейдите forte-cabinet.pro,scam,kaspi_scam,ru,synthetic_template_kz
Kaspi Red: рассрочка на 48 000 тг оформлена. Отменить kaspi.kz.secure-login.cc,scam,kaspi_scam,ru,synthetic_template_kz
Поздравляем! Вы выиграли 31 400 тг в розыгрыше Eurasian Bank. Забрать приз: bonus-kz.click,scam,fake_prize,ru,synthetic_template_kz
"Такси келді. Hyundai Accent, мемлекеттік нөмір 889 YAN 03",safe,,kk,synthetic_template_kz
ЖСН нөміріңіз заңсыз операцияда қолданылған. Тергеуші хабарласады: +7 717 282 25 91. Үшінші тұлғаларға айтпаңыз,scam,fake_police,kk,synthetic_template_kz
"Сіге алаяқтар несие рәсімдеген. Істі ІІМ жүргізуде, оператор +7 775 209 76 33",scam,fake_police,kk,synthetic_template_kz
"Bereke Bank: 84 600 тг несие мақұлданды. Өтініш бермеген болсаңыз, бас тартыңыз beeline-bonus.icu",scam,fake_bank,kk,synthetic_template_kz
Сізге 9 000 000 тг сомасына Kaspi Bonus 15% түсті. Белсендіру forte-cabinet.pro,scam,kaspi_scam,kk,synthetic_template_kz
"Такси прибыло. Chevrolet Cobalt, гос. номер 948 XNZ 03",safe,,ru,synthetic_template_kz
Ваш код подтверждения для входа: 981374,safe,,ru,synthetic_template_kz
Beeline: аптасына 885 тг жазылым қосылды. Өшіру *634#,suspicious,,kk,synthetic_template_kz
Только сегодня! Скидка 34% на все товары в Temu. Успей до полуночи,suspicious,,ru,synthetic_template_kz
"Halyk Bank: 5 000 000 тг несие мақұлданды. Өтініш бермеген болсаңыз, бас тартыңыз jusan-secure.info",scam,fake_bank,kk,synthetic_template_kz
Сіз Temu сертификатын 76 700 тг алдыңыз. бүгін 18:00-ге дейін белсендіріңіз: kaspi.kz.secure-login.cc,scam,fake_prize,kk,synthetic_template_kz
Kaspi: перевод 1 000 000 тг от Данияр ожидает подтверждения. Подтвердить: bonus-kz.click,scam,kaspi_scam,ru,synthetic_template_kz
Kaspi: код 199056. Никому не сooбщайтe.,safe,,ru,synthetic_template_kz
"Kaspi Bank: зафиксирована попытка входа в ваш кабинет с нового устройства. Если это не вы, подтвердите личность: beeline-bonus.icu",scam,fake_bank,ru,synthetic_template_kz
Wildberries: посылка задержана на таможне. Оплатите пошлину 1652 тг: gov-kz.support,scam,phishing,ru,synthetic_template_kz
Тек бүгін! Ozon дүкенінде барлық тауарға 54% жеңілдік. Түн ортасына дейін үлгеріңіз,suspicious,,kk,synthetic_template_kz
Жаңа курстар мен жобалар туралы біліңіз.,safe,,kk,github_Yerassyl04_Spam-kazakh
Kaspi Магазин: ваш тoвар продан. Для получения 51 000 тг перейдитe wb-kz-prize.shop,scam,kaspi_scam,ru,synthetic_template_kz
"Bank RBK: 33 500 тг сатып алу, карта *9896. Қолжетімді 10 600 тг !!!",safe,,kk,synthetic_template_kz
Ваша заявка на карту рассмотрена. Перезвоните +7 767 919 93 82 для активации,suspicious,,ru,synthetic_template_kz
Сіздің демалысыңыз қалай өтті?,safe,,kk,github_Yerassyl04_Spam-kazakh
Бүгінгі сабақтың тақырыбы не болды?,safe,,kk,github_Yerassyl04_Spam-kazakh
"Занятие по программированию переносится нa 18:00, аудитория 252",safe,,ru,synthetic_template_kz
Altel: аптасына 438 тг жазылым қосылды. Өшіру *969#,suspicious,,kk,synthetic_template_kz
Tele2: аптасына 315 тг жазылым қосылды. Өшіру *572#,suspicious,,kk,synthetic_template_kz
"Возврат страховки по кредиту. Проверьте, положена ли вам компенсация: +7 753 902 99 71",suspicious,,ru,synthetic_template_kz
"Требуются сотрудники, график свободный, оплата ежедневно 14 000 тг. Telegram по номеру +7 776 411 64 36",suspicious,,ru,synthetic_template_kz
Ваш код подтверждения для входа: 440541,safe,,ru,synthetic_template_kz
"Сәлеметсіз бе, Ерлан! Ертең сағат 12:00-де дәрігерге жазылғаныңызды еске саламыз",safe,,kk,synthetic_template_kz
Сізге ҰҚК тарапынан қорғалған хабарлаmа келді. Оқу: kaspi-bonus.top,scam,phishing,kk,synthetic_template_kz
"ақпан айына коммуналдық төлем қабылданды, сома 28 100 тг",safe,,kk,synthetic_template_kz
"Здравствуйте, Нурлан! Напоминаем о записи к врачу завтра в 10:00",safe,,ru,synthetic_template_kz
Трейдинг курстары. Бірінші сабақ тегін. Тіркелу +7 722 353 33 29,suspicious,,kk,synthetic_template_kz
Бүгінгі ұсыныс: сатып алушылар үшін арнайы сыйлық!,suspicious,,kk,github_Yerassyl04_Spam-kazakh
Ванга осы адамдардың жолы болады дейді,suspicious,,kk,github_Yerassyl04_Spam-kazakh
Достармен өткізген демалысыңыз туралы хабарлаңыз.,safe,,kk,github_Yerassyl04_Spam-kazakh
Kaspi Магазин: тауарыңыз сатылды. 9 000 000 тг алу үшін өтіңіз jusan-secure.info,scam,kaspi_scam,kk,synthetic_template_kz
Служба безопасности ForteBank: подозрительный перевод на 3 000 000 тг. Свяжитесь с оператором +7 796 666 42 30 немедленно ⚠️,scam,fake_bank,ru,synthetic_template_kz
"27 000 тг бастап инвестиция, айына 33% табыс. Кеңес +7 706 415 62 98",suspicious,,kk,synthetic_template_kz
"Занятие по физике переносится на 13:00, аудитория 211",safe,,ru,synthetic_template_kz
Заработок из дома от 18 000 тг в неделю. Пишите в WhatsApp +7 769 112 59 87,suspicious,,ru,synthetic_template_kz
НӨМІРІҢІЗ BEELINE АКЦИЯСЫНЫҢ ЖЕҢІМПАЗЫ АТАНДЫ! ЖҮЛДЕ 94 000 ТГ. РАСТАҢЫЗ: ENPF-VYPLATA.RU,scam,fake_prize,kk,synthetic_template_kz
Заработок из дома от 59 100 тг в неделю. Пишите в WhatsApp +7 778 402 52 56,suspicious,,ru,synthetic_template_kz
Клиникамызда тегін диагностика. Бүгінге жазылу +7 758 493 66 30,suspicious,,kk,synthetic_template_kz
Поздравляем! Вы выиграли 21 000 тг в розыгрыше Eurasian Bank. Забрать приз: wb-kz-prize.shop,scam,fake_prize,ru,synthetic_template_kz
"Такси прибылo. Chevrolet Cobalt, гоc. номер 517 YEC 02",safe,,ru,synthetic_template_kz
"Kaspi Bank: покупка 8 000 000 тг, карта *3673. Доступно 35 800 тг",safe,,ru,synthetic_template_kz
Kaspi Gold: код 106512. Ешкімге айтпаңыз. Егер бұл сіз болмасаңыз +7 784 101 71 83 нөміріне қоңырау шалыңыз,scam,kaspi_scam,kk,synthetic_template_kz
Kaspi:  код  903953. Никому не сообщайте.,safe,,ru,synthetic_template_kz
"Такси келді. Kia Rio, мемлекеттік нөмір 190 XMA 08",safe,,kk,synthetic_template_kz
"Гульнара, вам доступен персональный кредитный лимит 15 200 тг. Подробнее в приложении",suspicious,,ru,synthetic_template_kz
Клиникамызда тегін диагностика. Бүгінге жазылу +7 770 858 77 14,suspicious,,kk,synthetic_template_kz
"Инвестиции от 92 000 тг, доход 22% в месяц. Консультация +7 781 715 70 31",suspicious,,ru,synthetic_template_kz
Анықтамасыз және кепілсіз 36 000 тг дейін қарыз мақұлданды. 5 минутта рәсмдеу: kaspi.kz,suspicious,,kk,synthetic_template_kz
Яндекс Доставка: жеткізу мекенжайы қате. Деректерді нақтылаңыз bonus-kz.click,scam,phishing,kk,synthetic_template_kz
"Занятие по физике переносится на 1000, аудитория 254",safe,,ru,synthetic_template_kz
Служба безопасности Bank RBK: подозрительный перевод на 20 200 тг. Свяжитесь с оперaтором +7 722 456 96 62 немедленно,scam,fake_bank,ru,synthetic_template_kz
Kaspi Gold: код 246128. Ешкімге айтпаңыз. Егер бұл сіз болмасаңыз +7 719 526 41 24 нөміріне қоңыраy шалыңыз,scam,kaspi_scam,kk,synthetic_template_kz
"Activ: 7 ГБ және 635 минyt қалды, 14.5 дeйін",safe,,kk,synthetic_template_kz
Розыгрыш к 30-летию! Вам начислен бонус 68 000 тг. Для вывода оплатите комиссию 4600 тг,scam,fake_prize,ru,synthetic_template_kz
"Здравствуйте, я по объявлению на Kaspi. Уже оплатил, подтвердите получение по ссылке gov-kz.support",scam,kaspi_scam,ru,synthetic_template_kz
СДЭК: жеткізу мекенжайы қате. Деректерді нақтылаңыз kaspi-bonus.top,scam,phishing,kk,synthetic_template_kz
"Мәдина, сізге 8 000 000 тг жеке несие лимиті қолжетімді. Толығырақ қосымшада",suspicious,,kk,synthetic_template_kz
"наурыз айына коммуналдық төлем қабылданды, сома 54 800 тг",safe,,kk,synthetic_template_kz
Бесплатная диагностика организма в нашей клинике. Запись на сегодня +7 776 227 40 79,suspicious,,ru,synthetic_template_kz
Kaspi Bank қауіпсіздік қызметі: 6 000 000 тг күдікті аударым. +7 788 257 16 14 нөміріне жедел хабарласыңыз,scam,fake_bank,kk,synthetic_template_kz
Жедел хабарлама: сіздің телефоныңызда ұтыс бар!,scam,fake_prize,kk,github_Yerassyl04_Spam-kazakh
Розыгрыш к 30-летию! Вам начислен бонус 79 600 тг. Для вывода оплатите коmиссию 2349 тг,scam,fake_prize,ru,synthetic_template_kz
№815634 тапсырысыңыз Казпочта пунктіне жетті. 5 күн ішінде алыңыз,safe,,kk,synthetic_template_kz
Ваш ИИН использован в незаконной операции. Следователь свяжется с вами: +7 725 806 21 73. Не сообщайте третьим лицам,scam,fake_police,ru,synthetic_template_kz
Ваш ИИН использован в незаконной операции. Следователь свяжется с вами: +7 713 432 20 44. Не сообщайте третьим лицам,scam,fake_police,ru,synthetic_template_kz
Құрметті клиент! *5210 картаңыз күдікті операцияға байланысты бұғатталды. Бұғаттан шығару: forte-cabinet.pro,scam,fake_bank,kk,synthetic_template_kz
ҰҚК: сіздің атыңызға іс қозғалды. Танысу үшін beeline-bonus.icu,scam,fake_police,kk,synthetic_template_kz
Обновление базы ЕНПФ. Вам начислена выплата 83 200 тг. Получить: jusan-secure.info,scam,phishing,ru,synthetic_template_kz
eGov: ваша справка готова. Скачать в мобильном приложении или на halykbank.kz,safe,,ru,synthetic_template_kz
"SE-2428 тобының жиналысы 16:00-де, 3 корпус",safe,,kk,synthetic_template_kz
Activ: остток 28 ГБ и 762 минут до 3.10,safe,,ru,synthetic_template_kz
"Otbasy Bank: 29 500 тг сатып алу, карта *3797. Қолжетімді 5 000 тг",safe,,kk,synthetic_template_kz
Сіздің курсыңыздың мерзімі қалай?,safe,,kk,github_Yerassyl04_Spam-kazakh
Вам пришло защищенное сообщение от eGov. Прочитать: halyk-verify.xyz,scam,phishing,ru,synthetic_template_kz
Картаға өтінішіңіз қаралды. Белсендіру үшін +7 742 532 40 50 нөмірне қоңырау шалыңыз,suspicious,,kk,synthetic_template_kz
Сіздің оқу жоспарыңыз қалай?,safe,,kk,github_Yerassyl04_Spam-kazakh
Жаңа пәндер мен курстар туралы ақпарат.,safe,,kk,github_Yerassyl04_Spam-kazakh
"Такси прибыло. Hyundai Accent, гос. номер 375 MFT 07",safe,,ru,synthetic_template_kz
"Внимание! Ваша карта *3714 скомпрометирована. Переведите средства на резервный счет, инструкция: kaspi.kz.secure-login.cc",scam,fake_bank,ru,synthetic_template_kz
Напоминание: срок оплаты за обучение до 20.8. Сумма 62 000 тг,safe,,ru,synthetic_template_kz
"Үйден жұмыс, аптасына 44 000 тг табыс. WhatsApp +7 715 248 94 18 жазыңыз",suspicious,,kk,synthetic_template_kz
Бесплатная диагностика организма в нашей клинике. Запись на сегодня +7 748 832 85 23,suspicious,,ru,synthetic_template_kz
Beeline: срок действия SIM истекает. Продлите регистрацию halykbank . kz . verify . top,scam,phishing,ru,synthetic_template_kz
"Инвестиции от 73 000 тг, доход 52% в месяц. Консультация +7 725 818 67 95",suspicious,,ru,synthetic_template_kz
Kaspi: код 378138. Никому не сообщайте.,safe,,ru,synthetic_template_kz
Kaspi Red: 66 900 тг бөліп төлеу рәсімделді. Болдырмау halyk-verify.xyz,scam,kaspi_scam,kk,synthetic_template_kz
Пополнение  90  000 тг на карту *8679. Баланс 8 000 000 тг,safe,,ru,synthetic_template_kz
"УРА! Айгерим, вам одобрена выплата 92 000 тг. Реквизиты укажите тут kz-vyigrysh.net",scam,fake_prize,ru,synthetic_template_kz
"Оплата ЖКХ за март принята, сумма 67 000 тг",safe,,ru,synthetic_template_kz
КУРСЫ ТРЕЙДИНГА. ПЕРВОЕ ЗАНЯТИЕ БЕСПЛАТНО. ЗАПИСЬ +7 780 177 15 42,suspicious,,ru,synthetic_template_kz
Kaspi Postomat: жеткізу мекенжайы қате. Деректерді нақтылаңыз gov-kz.support,scam,phishing,kk,synthetic_template_kz
Ваш номер выбран победителем акции Altel! Приз 26 400 тг. Подтвердите: halykbank.kz.verify.top,scam,fake_prize,ru,synthetic_template_kz
Ваш номер выбран победителем акции Beeline! Приз 39 000 тг. Подтвердите: kaspi-gold.ite,scam,fake_prize,ru,synthetic_template_kz
izi: SIM картаңыздың мерзімі бітуде. Тіркеуді ұзартыңыз kaspi-gold.site,scam,phishing,kk,synthetic_template_kz
Налоговая задолженность 49 000 тг. Погасить онлайн: enpf-vyplata.ru,scam,phishing,ru,synthetic_template_kz
"Үйден жұмыс, аптасына 22 000 тг табыс. WhatsApp +7 788 468 37 85 жазыңыз",suspicious,,kk,synthetic_template_kz
"Такси прибыло. Chevrolet Cobalt, гос. номер 865 ZSS 06",safe,,ru,synthetic_template_kz
"SE-2426 тобының жиналысы 15:00-де, 1 корпус",safe,,kk,synthetic_template_kz
"Kaspi Gold: код 49559. Никому не сообщайте. Если это не вы, звоните +7 737 395 44 14",scam,kaspi_scam,ru,synthetic_template_kz
"Такси прибыло. Chevrolet Cobalt, гос. номер 978 ZDM 03",safe,,ru,synthetic_template_kz
eGov:  ваша  справка готова. Скачать в мобильном приложении или на egov.kz,safe,,ru,synthetic_template_kz
"Әйгерім, сізге 7 000 000 тг төлем мақұлданды. Деректерді осында енгізіңіз gov-kz.support",scam,fake_prize,kk,synthetic_template_kz
"Ағылшын тілі сабағы 16:00-ге ауыстырылды, 490 аудитория",safe,,kk,synthetic_template_kz
Деректеріңіз расталмағандықтан шотыңыз 2 сағат ішінде жабылады. Сауалнаманы жаңартыңыз: halyk-verify.xyz,scam,fake_bank,kk,synthetic_template_kz
Вам поступил Kaspi Bonus 15% на 9 000 000 тг. Активация halyk-verify.xyz,scam,kaspi_scam,ru,synthetic_template_kz
"Встреча группы SE-2430 в 11:00, корпус 3",safe,,ru,synthetic_template_kz
Мерейтойлық ұтыс! Сізге 4 000 000 тг бонус есептелді. Шығару үшін 3840 тг комиссия төлеңіз,scam,fake_prize,kk,synthetic_template_kz
Бесплатная диагностика организма в нашей клинике. Запись на сегодня +7 785 350 40 26,suspicious,,ru,synthetic_template_kz
Kaspi Red: рассрочка на 25 600 тг оформлна. Отменить gov-kz.support,scam,kaspi_scam,ru,synthetic_template_kz
МВД РК. Наложен арест на счета. Снять ограничение в течение 2 часов: jusan-secure.info,scam,fake_police,ru,synthetic_template_kz
ЖҚЕ бұзғаны үшін 14 000 тг айыппұл. 50% жеңілдікпен төлеу: kaspi-gold.site,scam,fake_police,kk,synthetic_template_kz
Kaspi: код 777455. Ешкімге айтпаңыз.,safe,,kk,synthetic_template_kz
№79080 іс бойынша сотқа шақыру. Іс материалдары: gov-kz.support,scam,fake_police,kk,synthetic_template_kz
№34523 іс бойынша сотқа шақыру. Іс материалдары: beeline-bonus.icu,scam,fake_police,kk,synthetic_template_kz
Сізге eGov тарапынан қорғалған хабарлама келді. Оқу: kaspi . kz . secure-login . cc,scam,phishing,kk,synthetic_template_kz
Тегін iPhone алыңыз!,suspicious,,kk,github_Yerassyl04_Spam-kazakh
Kaspi Gold: код 766287. Ешкімге айтпаңыз. Егер бұл сіз болмасаңыз +7 702 217 38 27 нөміріне қоңырау шалыңыз,scam,kaspi_scam,kk,synthetic_template_kz
"Сотрудник банка свяжется с вами по номеру +7 789 151 35 18. Не сообщайте код никому, кроме специалиста",scam,fake_bank,ru,synthetic_template_kz
Сізді құттықтаймыз! Тегін сыйлықты алыңыз!,scam,fake_prize,kk,github_Yerassyl04_Spam-kazakh
"УРА! Арман, вам одобрена выплата 31 000 тг. Реквизиты укажите тут enpf-vyplata.ru",scam,fake_prize,ru,synthetic_template_kz
Сатып aлғаныңыз үшін рахмет! Түбіртеk kaspi.kz сайтында,safe,,kk,synthetic_template_kz
Заработок из дома от 69 000 тг в неделю. Пишите в WhatsApp +7 769 889 26 90,suspicious,,ru,synthetic_template_kz
Вам пришло защищенное сообщение от Служба судебных исполнителей. Прочитать: forte-cabinet.pro,scam,phishing,ru,synthetic_template_kz
Повестка в суд по делу №71921. Материалы дела: halyk-verify.xyz,scam,fake_police,ru,synthetic_template_kz
"УРА! Гульнара, вам одобрена выплата 9 000 000 тг. Реквизиты укажите тут gov-kz.support",scam,fake_prize,ru,synthetic_template_kz
Kaspi: код 86525. Никому не сообщайте.,safe,,ru,synthetic_template_kz
Кіру үшін растау кодыңыз: 900114,safe,,kk,synthetic_template_kz
Kaspi: код 660470. Никому не сообщайте.,safe,,ru,synthetic_template_kz
"сәуір айына коммуналдық төлем қабылданды, сома 3 000 000 тг",safe,,kk,synthetic_template_kz
Сізге ҰҚК тарапынан қорғалған хабарлама келді. Оқу: egov-kz.online,scam,phishing,kk,synthetic_template_kz
Только сегодня! Скидка 35% на все товары в Temu. Успей до полуночи,suspicious,,ru,synthetic_template_kz
№586932 тапсырысыңыз СДЭК пунктіне жетті. 5 күн ішінде алыңыз,safe,,kk,synthetic_template_kz
Еске салу: оқу ақысын 4.10 дейін төлеу қажет. Сома 3 000 000 тг.,safe,,kk,synthetic_template_kz
"Activ: тариф продлен, списано 6357 тг. Следующее списание 22.9",safe,,ru,synthetic_template_kz
Құрметті клиент! *7467 картаңыз күдікті операцияға байланысты бұғатталды. Бұғаттан шығару: bonus-kz.click,scam,fake_bank,kk,synthetic_template_kz
Сіз Wildberries сертификатын 83 000 тг алдыңыз. 23:59-ға дейін белсендіріңіз: forte-cabinet.pro,scam,fake_prize,kk,synthetic_template_kz
"УРА! Ерлан, вам одобрена выплата 5 000 000 тг. Реквизиты укажите тут jusan-secure.info",scam,fake_prize,ru,synthetic_template_kz
Уважаемый клиент! Карта *2208 заблокирована по подозрению в мошенничестве. Для разблокировки перейдите halyk-verify.xyz в течение 24 часов,scam,fake_bank,ru,synthetic_template_kz
"Здравствуйте, Тимур! Напоминаеm о записи к врачу заBтра в 16:00",safe,,ru,synthetic_template_kz
Ваш код подтверждения для входа: 368273,safe,,ru,synthetic_template_kz
Kaspi Gold: код 298155. Ешкімге айтпаңыз. Егер бұл сіз болмасаңыз +7 734 294 17 47 нөміріне қоңырау шалыңыз,scam,kaspi_scam,kk,synthetic_template_kz
Вы 1000-й посетитель! Заберите iPhone 16 бесплатно: jusan-secure.info,scam,fake_prize,ru,synthetic_template_kz
"Арман, сізге 19 000 тг төлем мақұлданды. Деректерді осында енгізіңіз kz-vyigrysh.net",scam,fake_prize,kk,synthetic_template_kz
KASPI: КОД 48828. НИКОМУ НЕ СООБЩАЙТЕ.,safe,,ru,synthetic_template_kz
KASPI: КОД 611368. НИКОМУ НЕ СООБЩАЙТЕ.,safe,,ru,synthetic_template_kz
Сізге 58 900 тг сомасына Kaspi Bonus 9% түсті. Белсендіру kaspi.kz.secure-login.cc,scam,kaspi_scam,kk,synthetic_template_kz
Тегін вебинар!,suspicious,,kk,github_Yerassyl04_Spam-kazakh
"Үйден жұmыс, aптaсына 9 000 000 тг табыс. WhatsApp +7 796 526 98 48 жазыңыз",suspicious,,kk,synthetic_template_kz
"Мама, я задержусь, буду примерно к 23 часам",safe,,ru,synthetic_template_kz
Boxberry: неверный адрес доставки. Уточните данные kaspi-gold.site иначе заказ вернется отправителю,scam,phishing,ru,synthetic_template_kz
Kaspi: перевод 4 000 000 тг от Айгерим ожидает подтверждения. Подтвердить: forte-cabinet.pro,scam,kaspi_scam,ru,synthetic_template_kz
Обновление базы ЕНПФ. Вам начислена выплата 75 700 тг. Получить: jusan-secure.info,scam,phishing,ru,synthetic_template_kz
"Bereke Bank: одобрен кредит на 18 000 тг. Если вы не подавали заявку, отмените здесь jusan-secure.info",scam,fake_bank,ru,synthetic_template_kz
Анықтамасыз және кепілсіз 69 000 тг дейін қарыз мақұлданды. 5 минутта рәсімдеу: beeline.kz,suspicious,,kk,synthetic_template_kz
Kaspi Bank. 35 400 тг есептен шығару бекітілді. Болдырмау үшін: kaspi.kz.secure-login.cc,scam,fake_bank,kk,synthetic_template_kz
Ваша заявка на карту рассмотрена. Перезвоните +7 713 187 66 95 для активации,suspicious,,ru,synthetic_template_kz
Трейдинг курстары. Бірінші сабақ тегін. Тіркелу +7 740 110 51 77,suspicious,,kk,synthetic_template_kz
Вам поступил Kaspi Bonus 20% на 63 000 тг. Активация bonus-kz.click,scam,kaspi_scam,ru,synthetic_template_kz
Пополнение 5 000 000 тг на карту *1963. Баланс 61 400 тг,safe,,ru,synthetic_template_kz
Бесплатная диагностика организма в нашей клинике. Запись на сегодня +7 716 773 89 31,suspicious,,ru,synthetic_template_kz
Ваш номер участвует в перерасчете пенсии. Заполните форму enpf-vyplata.ru до конца недели,scam,phishing,ru,synthetic_template_kz
Сіз Temu сертификатын 2 000 000 тг алдыңыз. 24 сағат ішінде белсендіріңіз: gov-kz.support,scam,fake_prize,kk,synthetic_template_kz
*7139 картаға 6 000 000 tг толықtырылды. Баланс 41 000 тг,safe,,kk,synthetic_template_kz
Otbasy Bank қауіпсіздік қызметі: 21 200 тг күдікті аударым. +7 770 288 53 28 нөміріне жедел хабарласыңыз,scam,fake_bank,kk,synthetic_template_kz
"ақпaн айына коммуналдық төлем қабылданды, сома 7 000 000 тг",safe,,kk,synthetic_template_kz
Kaspi Магазин: тауарыңыз сатылды. 64 200 тг алу үшін өтіңіз halyk-verify.xyz,scam,kaspi_scam,kk,synthetic_template_kz
НӨМІРІҢІЗ ЗЕЙНЕТАҚЫНЫ ҚАЙТА ЕСЕПТЕУГЕ ҚАТЫСАДЫ. ФОРМАНЫ ТОЛТЫРЫҢЫЗ HALYKBANK.KZ.VERIFY.TOP,scam,phishing,kk,synthetic_template_kz
Вам пришло защищенное сообщение от Служба судебных исполнителей. Прочитать: wb-kz-prize.shop,scam,phishing,ru,synthetic_template_kz
Сіз Temu сертификатын 10 400 тг алдыңыз. күн соңына дейін белсендіріңіз: halykbank.kz.verify.top,scam,fake_prize,kk,synthetic_template_kz
Әлемдегі ең жақсы келісімдер тек сіз үшін!,suspicious,,kk,github_Yerassyl04_Spam-kazakh
Курсы трейдинга. Первое занятие бесплатно. Запись +7 773 158 93 46,suspicious,,ru,synthetic_template_kz
Ваш заказ №677069 прибыл в пункт выдачи Boxberry. Забрать в течение 5 дней ⚠️,safe,,ru,synthetic_template_kz
Beeline: аптасына 680 тг жазылым қосылды. Өшіру *855#,suspicious,,kk,synthetic_template_kz
"Kaspi Bank: 24 300 тг сатып алу, карта *7401. Қолжетімді 22 000 тг",safe,,kk,synthetic_template_kz
Клиникамызда тегін диагностика. Бүгінге жазылу +7 793 522 33 31,suspicious,,kk,synthetic_template_kz
Анықтамасыз және кепілсіз 43 000 тг дейін қарыз мақұлданды. 5 минутта рәсімдеу: kaspi.kz,suspicious,,kk,synthetic_template_kz
Beeline: аптасына 370 тг жазылым қосылды. Өшіру *710#,suspicious,,kk,synthetic_template_kz
"Bereke Bank: зафиксирована попытка входа в ваш кабинет с нового устройства. Если это не вы, подтвердите личность: kaspi . kz . secure-login . cc",scam,fake_bank,ru,synthetic_template_kz
№15854 іс бoйынша сотқа шақыру. Іс маtериалдары: wb-kz-prize.shop,scam,fake_police,kk,synthetic_template_kz
Розыгрыш к 30-летию! Вам начислен бонус 45 600 тг. Для вывода оплатите комиссию 6604 тг,scam,fake_prize,ru,synthetic_template_kz
"Асель, вам доступен персональный кредитный лимит 66 600 тг. Подробнее в приложении",suspicious,,ru,synthetic_template_kz
"Здравствуйте, Жанна! Напоминаем о записи к врачу завтра в 15:00",safe,,ru,synthetic_template_kz
Kaspi Магазин: тауарыңыз сатылды. 9 000 000 тг алу үшін өтіңіз enpf-vyplata.ru,scam,kaspi_scam,kk,synthetic_template_kz
Сізге ҰҚК тарапынан қорғалған хабарлама келді. Оқу: beeline-bonus.icu,scam,phishing,kk,synthetic_template_kz
Eurasian Bank. 81 000 тг есептен шығару бекітілді. Болдырмау үшін: kaspi-bonus.top,scam,fake_bank,kk,synthetic_template_kz
"Сәлеметсіз бе, Данияр! Ертең сағат 9:00-де дәрігерге жазылғаныңызды еске саламыз",safe,,kk,synthetic_template_kz
Kaspi  Gold:  код 460091. Ешкімге айтпаңыз. Егер бұл сіз болмасаңыз +7 781 181 56 62 нөміріне қоңырау шалыңыз,scam,kaspi_scam,kk,synthetic_template_kz
Kaspi  Gold:  код 545869. Ешкімге айтпаңыз. Егер бұл сіз болмасаңыз +7 734 225 57 21 нөміріне қоңырау шалыңыз,scam,kaspi_scam,kk,synthetic_template_kz
Ваш номер участвует в перерасчете пенсии. Заполните форму kaspi-bonus.top до конца недели,scam,phishing,ru,synthetic_template_kz
Напоминание: срок оплаты за обучение до 14.6. Сумма 61 000 тг,safe,,ru,synthetic_template_kz
"Сәлеметсіз бе, Әсел! Ертең сағат 14:00-де дәрігерге жазылғаныңызды еске саламыз",safe,,kk,synthetic_template_kz
Пополнение 1 000 000 тг на карту *2890. Баланс 40 000 тг,safe,,ru,synthetic_template_kz
Activ: SIM картаңыздың мерзімі бітуде. Тіркеуді ұзартыңыз bonus-kz.click,scam,phishing,kk,synthetic_template_kz
Тек бүгін! Wildberries дүкенінде барлық тауарға 90% жеңілдік. Түн ортасына дейін үлгеріңіз,suspicious,,kk,synthetic_template_kz
Activ: подключена подписка за 323 тг/нед. Отключить *219#,suspicious,,ru,synthetic_template_kz
"Такси прибыло. Toyota Camry, гос. номер 180 TXK 08",safe,,ru,synthetic_template_kz
ПОВЕСТКА В СУД ПО ДЕЛУ №79393. МАТЕРИАЛЫ ДЕЛА: JUSAN-SECURE.INFO,scam,fake_police,ru,synthetic_template_kz
Kaspi: код 824335. Ешкімге айтпаңыз.,safe,,kk,synthetic_template_kz
"Tele2: 12 ГБ және 203 минут қалды, 21.9 дейін",safe,,kk,synthetic_template_kz
Служба безопасности Freedom Bank: подозрительный перевод на 15 000 тг. Свяжитесь с оператором +7 721 642 27 56 немедленно,scam,fake_bank,ru,synthetic_template_kz
Вам поступил Kaspi Bonus 12% на 2 000 000 тг. Активация bonus-kz.click,scam,kaspi_scam,ru,synthetic_template_kz
Нaзaр аударыңыз! *5687 карtаңыз қауіпте. Қаражатты резервтік шотқа аударыңыз: bonus-kz.click,scam,fake_bank,kk,synthetic_template_kz
"Занятие по английскому переносится на 13:00, аудитория 287",safe,,ru,synthetic_template_kz
Спасибо  за  покупку! Чек доступен на beeline.kz,safe,,ru,synthetic_template_kz
"Tele2: тариф ұзартылды, 2842 тг есептен шығарылды",safe,,kk,synthetic_template_kz
Тек бүгін! AliExpress дүкенінде барлық тaуaрға 76% жеңілдік. Түн ортасына дейін үлгеріңіз,suspicious,,kk,synthetic_template_kz
Kaspi Магазин: тауарыңыз сатылды. 3 000 000 тг алу үшін өтіңіз kz-vyigrysh.net,scam,kaspi_scam,kk,synthetic_template_kz
Повестка в суд по делу №36317. Материалы дела: jusan-secure.info,scam,fake_police,ru,synthetic_template_kz
"Мама, я задержусь, буду примерно к 21 часам ⚠️",safe,,ru,synthetic_template_kz
Kaspi: код 643242. Никому не сообщайте.,safe,,ru,synthetic_template_kz
Сізге тегін ақша алуға шақыру!,suspicious,,kk,github_Yerassyl04_Spam-kazakh
"Крипто-сигналы с точностью 91%. Первый месяц бесплатно, канал по ссылке в профиле",suspicious,,ru,synthetic_template_kz
Kaspi Магaзин: тауарыңыз cатылды. 6 000 000 tг алу үшін өтіңіз halykbank.kz.verify.top,scam,kaspi_scam,kk,synthetic_template_kz
№15034 іс бойынша сотқа шақыру. Іс материалдары: beeline-bonus.icu,scam,fake_police,kk,synthetic_template_kz
"Инвестиции от 93 000 тг, доход 58% в месяц. Консультация +7 754 969 65 38",suspicious,,ru,synthetic_template_kz
Ваш счет будет закрыт в течение 30 минут из-за неподтвержденных данных. Обновите анкету: halykbank.kz.verify.top,scam,fake_bank,ru,synthetic_template_kz
Мерейтойлық ұтыс! Сізге 25 400 тг бонус есептелді. Шығару үшін 3874 тг комиссия төлеңіз,scam,fake_prize,kk,synthetic_template_kz
Спасибо за покупку! Чек доступен на jusan.kz,safe,,ru,synthetic_template_kz
"Bereke Bank: 15 000 тг сaтып алу, карtа *5295. Қолжетімді 17 000 tг",safe,,kk,synthetic_template_kz
"Сәлеметсіз бе, Kaspi-дегі хабарлаHдыру бойынша жазып тұрмын. Төледім, сілтеме арқылы растаңыз beeline-bonus.icu",scam,kaspi_scam,kk,synthetic_template_kz
Ваш счет будет закрыт до 23:59 из-за неподтвержденных данных. Обновите анкету: egov-kz.online,scam,fake_bank,ru,synthetic_template_kz
Tele2: срок действия SIM истекает. Продлите регистрацию halykbank.kz.verify.top,scam,phishing,ru,synthetic_template_kz
"Оплата ЖКХ за апрель принята, cуmмa 60 400 тг",safe,,ru,synthetic_template_kz
Тек бүгін: 70% жеңілдікпен сатып алыңыз!,suspicious,,kk,github_Yerassyl04_Spam-kazakh
"Ана, мен кеігемін, шамамен 19-де боламын",safe,,kk,synthetic_template_kz
Картаға өтінішіңіз қаралды. Белсендіру үшін +7 726 708 67 22 нөміріне қоңырау шалыңыз,suspicious,,kk,synthetic_template_kz
Розыгрыш к 30-летию! Вам начислен бонус 5 000 000 тг. Для вывода оплатите комиссию 9542 тг,scam,fake_prize,ru,synthetic_template_kz
Сіз Wildberries сертификатын 21 000 тг алдыңыз. жедел түрде белсендіріңіз: bonus-kz.click,scam,fake_prize,kk,synthetic_template_kz
"Такси прибыло. Toyota Camry, гос. номер 322 AEP 08",safe,,ru,synthetic_template_kz
Только сегодня! Скидка 55% на все товары в Temu. Успей до полуночи,suspicious,,ru,synthetic_template_kz
Activ: остаток 10 ГБ и 522 минут до 17.4,safe,,ru,synthetic_template_kz
ТРЕЙДИНГ КУРСТАРЫ. БІРІНШІ САБАҚ ТЕГІН. ТІРКЕЛУ +7 778 305 54 48,suspicious,,kk,synthetic_template_kz
"Beeline: тариф ұзартылды, 3255 тг есептен шығарылды",safe,,kk,synthetic_template_kz
Altel: срок действия SIM истекает. Продлте регистрацию bonus-kz.click,scam,phishing,ru,synthetic_template_kz
"УРА! Асель, вам одобрена выплата 96 300 тг. Реквизиты укажите тут forte-cabinet.pro",scam,fake_prize,ru,synthetic_template_kz
"Несие бойынша сақтандыруды қайтару. Өтемаы тиесілі ме, тексеріңіз: +7 737 567 81 76",suspicious,,kk,synthetic_template_kz
Заработок из дома от 1 000 000 тг в неделю. Пишите в WhatsApp +7 702 217 97 35,suspicious,,ru,synthetic_template_kz
"Встреча группы SE-2420 в 14:00, корпус 3",safe,,ru,synthetic_template_kz
Нөміріңіз Altel акциясының жеңімпазы атанды! Жүлде 10 000 тг. Растаңыз: kaspi.kz.secure-login.cc,scam,fake_prize,kk,synthetic_template_kz
"Қызметкерлер қажет, кесте еркін, күнделікті төлем 23 000 тг. Telegram +7 729 492 34 30",suspicious,,kk,synthetic_template_kz
Вы получили сертификат Kaspi Магaзин на 85 000 тг. Активировать в течение 30 минут: egov-kz.online,scam,fake_prize,ru,synthetic_template_kz
"Қызметкерлер қажет, кесте еркін, күнделікті төлем 37 000 тг. Telegram +7 723 369 62 56",suspicious,,kk,synthetic_template_kz
Салық берешегі 86 000 тг. Онлайн өтеу: halykbank.kz.verify.top,scam,phishing,kk,synthetic_template_kz
Сіздің курсыңыздың тапсырмалары бар.,safe,,kk,github_Yerassyl04_Spam-kazakh
"Здравствуйте, Мадина! Напоминаем о записи к врачу завтра в 16:00",safe,,ru,synthetic_template_kz
Ваш номер выбран победителем акции izi! Приз 1 000 000 тг. Пoдтвердите: egov-kz.online,scam,fake_prize,ru,synthetic_template_kz
Jusan Bank қауіпсіздік қызметі: 4 000 000 тг күдікті аударым. +7 790 250 73 32 нөміріне жедел хабарласыңыз,scam,fake_bank,kk,synthetic_template_kz
Сіздің телефоныңызға келетін құпия хабарлама!,suspicious,,kk,github_Yerassyl04_Spam-kazakh
ЖСН нөміріңіз заңсыз операцияда қолданылған. Тергеуші хабарласады: +7 791 365 86 67. Үшінші тұлғаларға айтпаңыз,scam,fake_police,kk,synthetic_template_kz
Арнайы ұсыныс: 5000 теңге жеңілдік алуға асығыңыз!,suspicious,,kk,github_Yerassyl04_Spam-kazakh
Сатып алғаныңыз үшіH рахмеt! Түбіртек jusan.kz сайтыHда,safe,,kk,synthetic_template_kz
"Мұндайды естімеген боларсыз, тезірек",scam,fake_prize,kk,github_Yerassyl04_Spam-kazakh
МВД РК. Наложен арест на счета. Снять ограничение до 23:59: enpf-vyplata.ru,scam,fake_police,ru,synthetic_template_kz
Тезірек сілтемеге өтіңіз,scam,fake_prize,kk,github_Yerassyl04_Spam-kazakh
Поздравляем! Вы выиграли 92 200 тг в розыгрыше ForteBank. Забрать приз: kaspi.kz.secure-login.cc,scam,fake_prize,ru,synthetic_template_kz
Ваш номер выбран победителем акции Beeline! Приз 37 000 тг. Подтвердите: kaspi.kz.secure-login.cc.,scam,fake_prize,ru,synthetic_template_kz
ЖҚЕ бұзғаны үшін 60 000 тг айыппұл. 50% жеңілдікпен төлеу: kaspi-bonus.top,scam,fake_police,kk,synthetic_template_kz
"СОТРУДНИК БАНКА СВЯЖЕТСЯ С ВАМИ ПО НОМЕРУ +7 720 608 96 33. НЕ СООБЩАЙТЕ КОД НИКОМУ, КРОМЕ СПЕЦИАЛИСТА",scam,fake_bank,ru,synthetic_template_kz
"Tele2: тариф продлен, списано 5957 тг. Следующее списание 15.5",safe,,ru,synthetic_template_kz
Назар аударыңыз! *1148 картаңыз қауіпте. Қаражатты резервтік шотқа аударыңыз: halykbank.kz.verify.top,scam,fake_bank,kk,synthetic_template_kz
Повестка в суд по делу №50562. Материалы дела: beeline-bonus.icu,scam,fake_police,ru,synthetic_template_kz
Налоговая задолженность 14 000 тг. Погасить онайн: forte-cabinet.pro,scam,phishing,ru,synthetic_template_kz
Kaspi Red: 9 000 тг бөліп төлеу рәсімделді. Болдырмау kz-vyigrysh.net,scam,kaspi_scam,kk,synthetic_template_kz
Kaspi Магазин: ваш товар продан. Для полyчения 1 000 000 тг перейдите gov-kz.support,scam,kaspi_scam,ru,synthetic_template_kz
"Әсел, сізге 80 000 тг жеке несие лимиті қолжетімді. Толығырақ қосымшада",suspicious,,kk,synthetic_template_kz
Kaspi Магазин: ваш товар продан. Для получения 23 900 тг перейдите kaspi-gold.site,scam,kaspi_scam,ru,synthetic_template_kz
Тек бүгін! Ozon дүкенінде барлық тауарға 60% жеңілдік. Түн ортасына дейін үлгеріңіз,suspicious,,kk,synthetic_template_kz
ВАШ СЧЕТ БУДЕТ ЗАКРЫТ СРОЧНО ИЗ-ЗА НЕПОДТВЕРЖДЕННЫХ ДАННЫХ. ОБНОВИТЕ АНКЕТУ: HALYKBANK.KZ.VERIFY.TOP,scam,fake_bank,ru,synthetic_template_kz
Ваш заказ №321419 прибыл в пункт выдачи Казпочта. Забрать в течение 5 дней,safe,,ru,synthetic_template_kz
Сіздің демалыс жоспарларыңыз қалай?,safe,,kk,github_Yerassyl04_Spam-kazakh
"Activ: тариф продлен, списано 6745 тг. Следующее списание 20.2",safe,,ru,synthetic_template_kz
Курсы трейдинга. Первое занятие бесплатно. Запись +7 779 723 48 26.,suspicious,,ru,synthetic_template_kz
Кіру үшін растау кодыңыз: 422055 ⚠️,safe,,kk,synthetic_template_kz
Құрметті клиент! *7354 картаңыз күдікті операцияға байланысты бұғатталды. Бұғаттан шығару: egov-kz.online,scam,fake_bank,kk,synthetic_template_kz
"Сотрудник банка свяжется с вами по номеру +7 701 163 83 40. Не сообщайте код никому, кроме специалиста",scam,fake_bank,ru,synthetic_template_kz
Сіздің дәрістеріңіз қалай өтті?,safe,,kk,github_Yerassyl04_Spam-kazakh
"Сотрудник банка свяжется с вами по номеру +7 782 590 45 48. Не сообщайте код никому, кроме специалиста",scam,fake_bank,ru,synthetic_template_kz
"Алгебра сабағы 15:00-ге ауыстырылды, 314 аудитория",safe,,kk,synthetic_template_kz
"мамыр айына коммуналдық төлем қабылданды, сома 45 000 тг",safe,,kk,synthetic_template_kz
Жаңа семинарларға қатысуды жоспарлаңыз.,safe,,kk,github_Yerassyl04_Spam-kazakh
"Өзіңді таппай дал болсан, біздің тестті өт",suspicious,,kk,github_Yerassyl04_Spam-kazakh
Сатып алғаныңыз үшін рaхмет! Түбіртек forte.kz сайтында,safe,,kk,synthetic_template_kz
Күзгі мектеп шаралары туралы ақпарат.,safe,,kk,github_Yerassyl04_Spam-kazakh
Сіз 1000-шы келуші болдыңыз! iPhone 13 тегін алыңыз: kaspi.kz.secure-login.cc,scam,fake_prize,kk,synthetic_template_kz
Трейдинг курстары. Бірінші сабақ тегін. Тіркелу +7 713 694 23 18 !!!,suspicious,,kk,synthetic_template_kz
Otbasy Bank. Списание 32 800 тг одобрено. Отменить операцию: egov-kz.online,scam,fake_bank,ru,synthetic_template_kz
"Eurasian Bank: 8 000 000 тг несие мақұлданды. Өтініш бермеген болсаңыз, бас тартыңыз enpf-vyplata.ru",scam,fake_bank,kk,synthetic_template_kz
Kaspi: код 902607. Никому не сообщайте.,safe,,ru,synthetic_template_kz
"Крипто-сигналы с точностью 84%. Первый месяц бесплатно, канал по ссылке в профиле",suspicious,,ru,synthetic_template_kz
"Activ: тариф прoдлен, cписано 4609 тг. Следующеe списание 3.1",safe,,ru,synthetic_template_kz
"ТАКСИ ПРИБЫЛО. CHEVROLET COBALT, ГОС. НОМЕР 990 RCZ 08",safe,,ru,synthetic_template_kz
Вам поступил Kaspi Bonus 19% на 5 000 тг. Активация kaspi-bonus.top,scam,kaspi_scam,ru,synthetic_template_kz
"Несие бойынша сақтандыруды қайтару. Өтемақы тиесілі ме, тексеріңіз: +7 796 534 11 85 !!!",suspicious,,kk,synthetic_template_kz
"Activ: тариф продлен, списано 3167 тг. Следующее списание 14.8",safe,,ru,synthetic_template_kz
"Bereke Bank: покупка 22 100 тг, карта *2380. Доступно 5 000 000 тг",safe,,ru,synthetic_template_kz
"Ілтипатпен, ізгі ниетпен",safe,,kk,github_Yerassyl04_Spam-kazakh
Kaspi Магазин: ваш товар продан. Для получения 42 400 тг перейдите wb-kz-prize.shop,scam,kaspi_scam,ru,synthetic_template_kz
Ұлттық Банк: сіздің атыңызға іс қозғалды. Танысу үшін beeline-bonus.icu,scam,fake_police,kk,synthetic_template_kz
Beeline: срок действия SIM истекает. Продлите регистрацию gov-kz.support,scam,phishing,ru,synthetic_template_kz
Kaspi: перевод 73 000 тг от Ерлан ожидает подтверждения. Подтвердить: bonus-kz.click,scam,kaspi_scam,ru,synthetic_template_kz
Ваш аккаунт eGov будет удален в течение 2 часов. Подтвердите ИИН: jusan-secure.info,scam,phishing,ru,synthetic_template_kz
Tele2: срок действия SIM истекает. Продлите регистрацию halyk-verify.xyz,scam,phishing,ru,synthetic_template_kz
"Бос орындар шектеулі, қазір тіркеліңіз!",suspicious,,kk,github_Yerassyl04_Spam-kazakh
"Инвестиции от 77 000 тг, доход 24% в месяц. Консультация +7 763 875 15 44",suspicious,,ru,synthetic_template_kz
Заработок из дома от 36 000 тг в неделю. Пишите в WhatsApp +7 731 660 28 10,suspicious,,ru,synthetic_template_kz
Мерейтойлық ұтыс! Сізге 13 000 тг бонус есептелді. Шығару үшін 5518 тг комиссия төлеңіз,scam,fake_prize,kk,synthetic_template_kz
Ваш аккаунт eGov будет удален в течение 30 минут. Подтвердите ИИН: kaspi.kz.secure-login.cc,scam,phishing,ru,synthetic_template_kz
"Такси прибыло. Hyundai Accent, гос. номер 978 KYN 08",safe,,ru,synthetic_template_kz
Кіру үшін растау кодыңыз: 701083,safe,,kk,synthetic_template_kz
Нөміріңіз зейнетақыны қайта есептеуге қatысады. Форманы толтырыңыз gov-kz.support,scam,phishing,kk,synthetic_template_kz
Жылдам әрекет ету: сіздің шотыңызға 10000 теңге салынды!,suspicious,,kk,github_Yerassyl04_Spam-kazakh
Сізге 84 000 тг сомасына Kaspi Bonus 18% түсті. Белсендіру halyk-verify.xyz,scam,kaspi_scam,kk,synthetic_template_kz
"Halyk Bank: 29 000 тг несие мақұлдаHды. Өтініш бермеген болсaңыз, бас тaртыңыз halyk-verify.xyz",scam,fake_bank,kk,synthetic_template_kz
"Beeline: тариф продлен, списано 4952 тг. Следующее списание 8.4",safe,,ru,synthetic_template_kz
Freedom Bank. 5 000 000 тг есептен шығару бекітілді. Болдырмау үшін: wb-kz-prize.shop,scam,fake_bank,kk,synthetic_template_kz
"Kaspi  Gold:  код 260798. Никому не сообщайте. Если это не вы, звоните +7 776 330 94 20",scam,kaspi_scam,ru,synthetic_template_kz
Kaspi Магазин: тауарыңыз сатылды. 4 000 000 тг алу үшін өтіңіз enpf-vyplata.ru,scam,kaspi_scam,kk,synthetic_template_kz
"Физикa сабағы 15:00-ге ауыстырылды, 413 аудитория",safe,,kk,synthetic_template_kz
Пополнение 49 900 тг на карту *6901. Баланс 21 000 тг,safe,,ru,synthetic_template_kz
Сізге Сот орындаушылары тарапынан қорғалған хабарлама келді. Оқу: bonus-kz.click,scam,phishing,kk,synthetic_template_kz
Ваш номер участвует в перерасчете пенсии. Заполните форму halykbank.kz.verify.top до конца недели,scam,phishing,ru,synthetic_template_kz
"Eurasian Bank: зафиксирована попытка входа в ваш кабинет с нового устройства. Если это не вы, подтвердите личность: jusan-secure.info",scam,fake_bank,ru,synthetic_template_kz
Ваш заказ №488708 прибыл в пункт выдачи Kaspi Postomat. Забрать в течение 5 дней,safe,,ru,synthetic_template_kz
Заработок из дома от 60 000 тг в неделю. Пишите в WhatsApp +7 704 643 52 66,suspicious,,ru,synthetic_template_kz
Розыгрыш к 30-летию! Вам начислен бонус 36 500 тг. Для вывода оплатите комиссию 9313 тг,scam,fake_prize,ru,synthetic_template_kz
"Занятие по физике переносится на 16:00, аудитория 352",safe,,ru,synthetic_template_kz
Ваш заказ №641131 прибыл в пункт выдачи СДЭК. Забрать в течение 5 дней,safe,,ru,synthetic_template_kz
izi: SIM kартаңыздың мерзімі бітуде. Тіркеуді ұзартыңыз kaspi-bonus.top,scam,phishing,kk,synthetic_template_kz
Жаңа курстар туралы ақпарат алыңыз.,safe,,kk,github_Yerassyl04_Spam-kazakh
"Ерлан, сізге 7 000 000 тг жеке несие лимиті қолжетімді. Толығырақ қосымшада",suspicious,,kk,synthetic_template_kz
Одобрен займ до 1 000 000 тг без справок и залога. Оформить за 5 минуt: egov.kz,suspicious,,ru,synthetic_template_kz
Ozon: посылка задержана на таможне. Оплатите пошлину 1134 тг: jusan-secure.info,scam,phishing,ru,synthetic_template_kz
Обновление базы ЕНПФ. Вам начислена выплата 88 000 тг. Получить: forte-cabinet . pro,scam,phishing,ru,synthetic_template_kz
"Требуются  сотрудники,  график свободный, оплата ежедневно 38 000 тг. Telegram по номеру +7 701 737 29 32",suspicious,,ru,synthetic_template_kz
"Инвестиции от 70 000 тг, доход 49% в месяц. Консультация +7 747 825 77 62",suspicious,,ru,synthetic_template_kz
Уважаемый клиент! Карта *7309 заблокирована по подозрению в мошенничестве. Для разблокировки перейдите gov-kz.support в течение 2 часов,scam,fake_bank,ru,synthetic_template_kz
"Возврат страховки по кредиту. Проверьте, положена ли вам компенсация: +7 747 302 90 43",suspicious,,ru,synthetic_template_kz
eGov. Шоттарыңызға тыйым салынды. Шектеуді 2 сағат ішінде алу: halyk-verify . xyz,scam,fake_police,kk,synthetic_template_kz
Клиникамызда тегін диагностика. Бүгінге жазылу +7 783 982 83 11,suspicious,,kk,synthetic_template_kz
Бесплатная диагностика организма в нашей клинике. Запись на сегодня +7 775 968 97 41,suspicious,,ru,synthetic_template_kz
МВД РК: на ваше имя завeдено производстBо. Явитесь или ознакомьтесь bonus-kz.click,scam,fake_police,ru,synthetic_template_kz
"izi: 11 ГБ және 291 минут қалды, 10.12 дейін",safe,,kk,synthetic_template_kz
СДЭК: жеткізу мекенжайы қате. Деректерді нақтылаңыз gov-kz . support,scam,phishing,kk,synthetic_template_kz
"Несие бойынша сақтандыруды қайтару. Өтемақы тиесілі ме, тексеріңіз: +7 720 300 44 89",suspicious,,kk,synthetic_template_kz
Вы получили сертификат AliExpress на 94 000 тг. Активировать сегодня до 18:00: egov-kz.online,scam,fake_prize,ru,synthetic_template_kz
Одобрен займ до 6 000 000 тг без справок и залога. Оформить за 5 минут: forte.kz,suspicious,,ru,synthetic_template_kz
Розыгрыш к 30-летию! Ваm нaчислен бонус 7 000 000 тг. Для вывода оплатите комисcию 2873 тг,scam,fake_prize,ru,synthetic_template_kz
"Инвестиции от 96 000 тг, доход 28% в месяц. Консультация +7 743 753 72 72",suspicious,,ru,synthetic_template_kz
Құттықтаймыз! Сіз Eurasian Bank ұтыс ойынында 13 700 тг ұттыңыз. Жүлдені алу: kaspi-gold . site,scam,fake_prize,kk,synthetic_template_kz
"Beeline: тариф ұзартылды, 3493 тг есептен шығарылды",safe,,kk,synthetic_template_kz
"Kaspi Bank: 81 000 тг сатып алу, карта *2909. Қолжетімді 7 000 000 тг",safe,,kk,synthetic_template_kz
Розыгрыш к 30-летию! Вам начислен бонус 9 000 000 тг. Для вывода оплатите комиссию 7339 тг,scam,fake_prize,ru,synthetic_template_kz
Жазғы демалыс жоспарларыңыз қандай?,safe,,kk,github_Yerassyl04_Spam-kazakh
Ваш код подтверждения для входа: 324764,safe,,ru,synthetic_template_kz
Розыгрыш  к  30-летию! Вам начислен бонус 92 200 тг. Для вывода оплатите комиссию 8595 тг,scam,fake_prize,ru,synthetic_template_kz
Сатып алғаныңыз үшін рахмет! Түбіртек tele2.z сайтында,safe,,kk,synthetic_template_kz
Обновление базы ЕНПФ. Вам начислена выплата 99 900 тг. Получить: enpf-vyplata.ru,scam,phishing,ru,synthetic_template_kz
Сатып алғаныңыз үшін рахмет! Түбіртек jusan.kz сайтында,safe,,kk,synthetic_template_kz
Білім беру жүйесіндегі өзгерістер туралы ақпарат.,safe,,kk,github_Yerassyl04_Spam-kazakh
"Мама, я задержусь, буду примеpно к 20 часам",safe,,ru,synthetic_template_kz
"Занятие по программироBанию пeреносится на 18:00, аудитория 465",safe,,ru,synthetic_template_kz
"ақпан  айына  коммуналдық төлем қабылданды, сома 54 700 тг",safe,,kk,synthetic_template_kz
"SE-2423 тобының жиналысы 16:00-де, 1 корпус",safe,,kk,synthetic_template_kz
"Такси келді. Kia Rio, мемлекеттік нөмір 355 YYK 05",safe,,kk,synthetic_template_kz
Ваш аккаунт eGov будет удален в течение 30 минут. Подтвердите ИИН: gov-kz.support,scam,phishing,ru,synthetic_template_kz
"мамыр айына коммуналдық төлем қабылданды, сома 78 800 тг",safe,,kk,synthetic_template_kz
"сәуір айына коммуналдық төлем қабылданды, сома 35 100 тг",safe,,kk,synthetic_template_kz
"Такси келді. Hyundai Accent, мемлекеттік нөмір 535 XAB 07",safe,,kk,synthetic_template_kz
Сізге eGov тарапынан қорғалған хабарлама келді. Оқу: jusan-secure.info,scam,phishing,kk,synthetic_template_kz
ЖСН нөміріңіз заңсыз операцияда қолданылған. Тергеуші хабарласады: +7 708 273 43 65. Үшінші тұлғаларға айтпаңыз,scam,fake_police,kk,synthetic_template_kz
"izi: 22 ГБ және 125 минут қалды, 14.1 дейін",safe,,kk,synthetic_template_kz
*9581 картаға 68 200 тг толықтырылды. Баланс 5 000 000 тг,safe,,kk,synthetic_template_kz
"Acti: 2 ГБ және 685 минут қалды, 21.10 дейін",safe,,kk,synthetic_template_kz
Анықтамасыз және кепілсіз 8 000 000 тг дейін қарыз мақұлданды. 5 минутта рәсімдеу: tele2.kz,suspicious,,kk,synthetic_template_kz
"Kaspi Gold: код 992377. Никому не сообщайте. Если это не вы, звоните +7 703 605 55 44",scam,kaspi_scam,ru,synthetic_template_kz
Kaspi: код 936826. Никому не сообщайте.,safe,,ru,synthetic_template_kz
Вам поступил Kaspi Bonus 14% на 85 500 тг. Активация kaspi-gold.site,scam,kaspi_scam,ru,synthetic_template_kz
Kaspi: код 121939. Ешкімге айтпаңыз.,safe,,kk,synthetic_template_kz
ТрейдиHг курстары. Бірінші сабақ tегін. Тіркелу +7 779 114 19 33,suspicious,,kk,synthetic_template_kz
"Kaspi  Bank:  56 200 тг сатып алу, карта *3116. Қолжетімді 95 000 тг",safe,,kk,synthetic_template_kz
"Такси прибыло. Hyundai Accent, гос. номер 347 XRR 02",safe,,ru,synthetic_template_kz
СДЭК: неверный адрес дoставки. Уtочните данные kaspi-bonus.top иначе заказ вернeтся отправителю,scam,phishing,ru,synthetic_template_kz
Ұлттық Банк. Шоттарыңызға тыйым салынды. Шектеуді бүгін 18:00-ге дейін алу: egov-kz.online,scam,fake_police,kk,synthetic_template_kz
*2304 картаға 5 000 000 тг толықтырылды. Баланс 34 000 тг,safe,,kk,synthetic_template_kz
"Сотрудник  банка  свяжется с вами по номеру +7 776 789 49 50. Не сообщайте код никому, кроме специалиста",scam,fake_bank,ru,synthetic_template_kz
Салық берешегі 88 000 тг. Онлайн өтеу: enpf-vyplata.ru,scam,phishing,kk,synthetic_template_kz
Otbasy Bank. 59 000 тг есептен шығару бекітілді. Болдырмау үшін: halykbank.kz.verify.top,scam,fake_bank,kk,synthetic_template_kz
eGov: аHықтамаңыз дайын. Мобильді қосыmшадан жүктeңіз,safe,,kk,synthetic_template_kz
Антифрод-центр: на ваше имя заведено производство. Явитесь или ознакомьтесь bonus-kz.click,scam,fake_police,ru,synthetic_template_kz
№12044 іс бойынша сотқа шaқыру. Іс мaтеpиалдары: kaspi-gold.site,scam,fake_police,kk,synthetic_template_kz
Құттықтаймыз! Сіз Kaspi Bank ұтыс ойынында 20 100 тг ұттыңыз. Жүлдені алу: bonus-kz . click,scam,fake_prize,kk,synthetic_template_kz
"Здравствуйте, Ерлан! Напоминаем о записи к врачу завтра в 16:00",safe,,ru,synthetic_template_kz
"izi: тариф ұзартылды, 6478 тг есептен шығарылды",safe,,kk,synthetic_template_kz
Kaspi: код 721304. Ешкімге айтпаңыз.,safe,,kk,synthetic_template_kz
№772283 тапсырысыңыз Boxbery пунктіне жетті. 5 күн ішінде алыңыз,safe,,kk,synthetic_template_kz
"Қызметкерлеp қaжет, кесте еркін, күнделікті tөлем 35 000 тг. Telegram +7 734 548 30 59",suspicious,,kk,synthetic_template_kz
Бесплатная диагностика организма в нашей клинике. Запись на сегодня +7 762 523 75 40,suspicious,,ru,synthetic_template_kz
"izi: 24 ГБ және 108 минут қалды, 4.8 дейін",safe,,kk,synthetic_template_kz
Boxberry: жеткізу мекенжайы қате. Деректерді нақтылаңыз gov-kz.support,scam,phishing,kk,synthetic_template_kz
Beeline: SIM картаңыздың мерзімі бітуде. Тіркеуді ұзартыңыз kaspi-gold.site,scam,phishing,kk,synthetic_template_kz
"Beeline: тариф ұзартылды, 5702 тг есептен шығарылды",safe,,kk,synthetic_template_kz
Бесплатная диагностика организма в нашей клинике. Запись на сегодня +7 733 944 34 40,suspicious,,ru,synthetic_template_kz
Только сегодня! Скидка 74% на все товары в AliExpress. Успей до полуночи,suspicious,,ru,synthetic_template_kz
"Крипто-сигналы с точностью 90%. Первый месяц бесплатно, канал по ссылке в профиле",suspicious,,ru,synthetic_template_kz
Уведомление о штрaфе 22 800 тг за нарушение ПДД. Оплата со скидкой 50%: bonus-kz.click,scam,fake_police,ru,synthetic_template_kz
Сізді құттықтаймыз!,scam,fake_prize,kk,github_Yerassyl04_Spam-kazakh
Сізді бұрын-соңды болмаған жеңілдік күтеді!,suspicious,,kk,github_Yerassyl04_Spam-kazakh
Уведомление о штрафе 53 000 тг за нарушение ПДД. Оплата со скидкой 50%: enpf-vyplata . ru,scam,fake_police,ru,synthetic_template_kz
Анықтамасыз және кепілcіз 16 100 тг дейін қарыз мақұлданды. 5 минутта рәсімдеу: egov.kz,suspicious,,kk,synthetic_template_kz
eGov: ваша справка готова. Скачать в мобильном приложении или на kaspi.kz,safe,,ru,synthetic_template_kz
Спасибо за покупку! Чек доступен на tele2.kz,safe,,ru,synthetic_template_kz
Уведомление о штрафе 46 000 тг за нарушение ПДД. Оплата со скидкой 50%: halykbank.kz.verify.top,scam,fake_police,ru,synthetic_template_kz
Арнайы ұсыныс: 80% дейін төмендетілген баға!,suspicious,,kk,github_Yerassyl04_Spam-kazakh
eGov: анықтамаңыз дайын. Мобильді қосыmшадан жүkтеңіз,safe,,kk,synthetic_template_kz
"Activ: 3 ГБ және 145 минут қалды, 6.12 дейін",safe,,kk,synthetic_template_kz
"Сізге алаяқтар несие рәсімдеген. Істі Антифрод орталығы жүргізуде, оператор +7 713 274 70 81",scam,fake_police,kk,synthetic_template_kz
№732767  тапсырысыңыз  Казпочта пунктіне жетті. 5 күн ішінде алыңыз,safe,,kk,synthetic_template_kz
*9613  картаға  55 000 тг толықтырылды. Баланс 21 000 тг,safe,,kk,synthetic_template_kz
Kaspi Магазин: ваш товар продан. Для получения 50 600 тг перейдите halykbank.kz.verify.top,scam,kaspi_scam,ru,synthetic_template_kz
ЖҚЕ бұзғаны үшін 6 000 000 тг айыппұл. 50% жеңілдікпен төлеу: kaspi-bonus.top,scam,fake_police,kk,synthetic_template_kz
Сіздің жаңа сабағыңызға дайындық жасау керек.,safe,,kk,github_Yerassyl04_Spam-kazakh
"Встеча группы SE-2429 в 11:00, корпус 4",safe,,ru,synthetic_template_kz
Курсы трейдинга. Первое занятие бесплатно. Запись +7 732 672 25 90 !!!,suspicious,,ru,synthetic_template_kz
Только сегодня! Скидка 72% на все товары в Kaspi Магазин. Успей до полуночи,suspicious,,ru,synthetic_template_kz
№59881 іс бойынша сотқа шақыру. Іс материалдары: bonus-kz.click,scam,fake_police,kk,synthetic_template_kz
Поздравляем! Вы выиграли 1 000 000 тг в розыгрыше Bank RBK. Забрать приз: forte-cabinet.pro,scam,fake_prize,ru,synthetic_template_kz
Одобрен займ до 56 400 тг без справок и залога. Оформить за 5 минут: halykbank.kz,suspicious,,ru,synthetic_template_kz
Kaspi: код 907294. Ешкімге айтпаңыз.,safe,,kk,synthetic_template_kz
Обновление базы ЕНПФ. Вам начислена выплата 36 000 тг. Получить: kaspi.kz.secure-login.cc,scam,phishing,ru,synthetic_template_kz
"Bereke Bank: покупка 85 700 тг, карtа *9320. Доступно 5 000 000 тг",safe,,ru,synthetic_template_kz
№951174 тапсырысыңыз Казпочта пунктіне жетті. 5 күн ішінде алыңыз,safe,,kk,synthetic_template_kz
Только ceгодня! Скидка 80% на все товары в AliExpress. Успeй до полуночи,suspicious,,ru,synthetic_template_kz
Ваш номер участвует в перерасчете пенсии. Заполните форму wb-kz-prize . shop до конца недели,scam,phishing,ru,synthetic_template_kz
"Kaspi Gold: код 306174. Никому не сообщайте. Если это не вы, звоните +7 770 755 25 55",scam,kaspi_scam,ru,synthetic_template_kz
Сіздің сабағыңыз уақытында басталады.,safe,,kk,github_Yerassyl04_Spam-kazakh
"Tele2: тариф ұзартылды, 4252 тг есeптен шығaрылды",safe,,kk,synthetic_template_kz
Kaspi Gold: код 797962. Ешкімге айтпаңыз. Егер бұл сіз болмасаңыз +7 757 619 49 57 нөміріне қоңырау шалыңыз,scam,kaspi_scam,kk,synthetic_template_kz
Заработок из дома от 58 900 тг в неделю. Пишите в WhatsApp +7 734 434 73 81,suspicious,,ru,synthetic_template_kz
Вам пришло защищенное сообщение от eGov. Прочитать: halykbank.kz.verify.top,scam,phishing,ru,synthetic_template_kz
КНБ РК. Наложен арест на счета. Снять ограничение в течение 24 часов: wb-kz-prize . shop,scam,fake_police,ru,synthetic_template_kz
"Мәдина, сізге 73 300 тг жеке несие лимиті қолжетімді. Толығырақ қосымшада",suspicious,,kk,synthetic_template_kz
Сізге 45 200 тг сомасына Kaspi Bonus 7% түсті. Белсендіру kaspi-gold.site,scam,kaspi_scam,kk,synthetic_template_kz
ІІМ. Шоттарыңызға тыйым салынды. Шектеуді 23:59-ға дейін алу: bonus-kz.click,scam,fake_police,kk,synthetic_template_kz
Еске сaлу: оқу ақысын 7.7 дейін төлеу қажет. Сома 4 000 000 tг,safe,,kk,synthetic_template_kz
"SE-2429 тобының жиналысы 14:00-де, 1 корпус",safe,,kk,synthetic_template_kz
"Eurasian Bank: покупка 14 400 тг, карта *8152. Доступно 89 000 тг",safe,,ru,synthetic_template_kz
OTBASY BANK. СПИСАНИЕ 6 000 000 ТГ ОДОБРЕНО. ОТМЕНИТЬ ОПЕРАЦИЮ: EGOV-KZ.ONLINE,scam,fake_bank,ru,synthetic_template_kz
Ваш код подтверждения для входа: 532281,safe,,ru,synthetic_template_kz
Activ: остаток 30 ГБ и 585 минут до 10.7,safe,,ru,synthetic_template_kz
"Несие бойынша сақтандыруды қайтару. Өтемақы тиесілі ме, тексеріңіз: +7 730 539 94 46",suspicious,,kk,synthetic_template_kz
Национальный Банк РК: на ваше имя заведено производство. Явитесь или ознакомьтесь kaspi.kz.secure-login.cc,scam,fake_police,ru,synthetic_template_kz
Ваш номер участвует в перерасчете пенсии. Заполните форму kz-vyigrysh.net до конца недели,scam,phishing,ru,synthetic_template_kz
"Сізді сауалнамаға қатысуға шақырамыз, жүлде ұтып алыңыз!",suspicious,,kk,github_Yerassyl04_Spam-kazakh
Ваш код подтвеpждения для вхoда: 532018,safe,,ru,synthetic_template_kz
"Tele2: тариф продлен, списано 2884 тг. Следующее списание 28.8",safe,,ru,synthetic_template_kz
"Мама, я задержуcь, бyду примeрно к 18 часам",safe,,ru,synthetic_template_kz
Пополнение 73 000 тг на карту *4329. Баланс 15 000 тг,safe,,ru,synthetic_template_kz
Kaspi Gold: код 247174. Ешкімге айтпаңыз. Егер бұл сіз болмасаңыз +7 789 747 35 35 нөміріне қоңырау шалыңыз,scam,kaspi_scam,kk,synthetic_template_kz
"Здравствуйте, Гульнара! Напоминаем о записи к врачу завтра в 16:00",safe,,ru,synthetic_template_kz
"Бағдарламалау сабағы 18:00-ге ауыстырылды, 392 аудитория",safe,,kk,synthetic_template_kz
Altel: остаток 28 ГБ и 144 минут до 5.6,safe,,ru,synthetic_template_kz
Тек бүгін! Temu дүкенінде барлық тауарға 39% жеңілдік. Түн ортасына дейін үлгеріңіз,suspicious,,kk,synthetic_template_kz
Еске сaлу: оқу ақысын 4.4 дейін төлеу қажет. Сoма 38 000 тг,safe,,kk,synthetic_template_kz
Бесплатная диагностика организма в нашей клинике. Запись на сегодня +7 749 810 36 11,suspicious,,ru,synthetic_template_kz
"Сәлеметсіз бе, Kaspi-дегі хабарландыру бойынша жазып тұрмын. Төледім, сілтеме арқылы растаңыз enpf-vyplata.ru",scam,kaspi_scam,kk,synthetic_template_kz
Пополнение  63  400 тг на карту *4152. Баланс 73 900 тг,safe,,ru,synthetic_template_kz
"Требуются сотрудники, график свободный, оплата ежедневно 32 000 тг. Telegram по номеру +7 741 608 44 64",suspicious,,ru,synthetic_template_kz
"Данияр, вам доступен персональный кредитный лимит 69 500 тг. Подробнее в приложении",suspicious,,ru,synthetic_template_kz
"Әлия, сізге 62 000 тг жеке несие лимиті қолжетімді. Толығырақ қосымшада",suspicious,,kk,synthetic_template_kz
"Ағылшын тілі сабағы 19:00-ге ауыстырылды, 381 аудитория",safe,,kk,synthetic_template_kz
Құттықтаймыз!  Сіз  Otbasy Bank ұтыс ойынында 52 000 тг ұттыңыз. Жүлдені алу: kaspi-gold.site,scam,fake_prize,kk,synthetic_template_kz
Ваша заявка на карту рассмотрена. Перезвоните +7 732 699 45 74 для активации,suspicious,,ru,synthetic_template_kz
Мерейтойлық ұтыс! Сізге 33 000 тг бонус есептелді. Шығару үшін 5537 тг комиссия төлеңіз,scam,fake_prize,kk,synthetic_template_kz
НАПОМИНАНИЕ: СРОК ОПЛАТЫ ЗА ОБУЧЕНИЕ ДО 2.6. СУММА 39 000 ТГ,safe,,ru,synthetic_template_kz
"Мәдина, сізге 76 200 тг жеке несие лимиті қолжетімді. Толығырақ қосымшада",suspicious,,kk,synthetic_template_kz
"Несие бойынша сақтандыруды қайтару. Өтемақы тиесілі ме, тексеріңіз: +7 757 138 71 96",suspicious,,kk,synthetic_template_kz
Kaspi: код 55498. Ешкімге айтпаңыз.,safe,,kk,synthetic_template_kz
"Сәлеметсіз бе, ГүлHарa! Ертең сағат 14:00-дe дәрігерге жазылғаныңызды еске саламыз",safe,,kk,synthetic_template_kz
"Сіз ұттыңыз, ұтысыңызды келесі сілтемеден алыңыз",scam,fake_prize,kk,github_Yerassyl04_Spam-kazakh
Клиникамызда тегін диагностика. Бүгінге жазылу +7 770 934 43 41,suspicious,,kk,synthetic_template_kz
Служба безопасности Eurasian Bank: подозрительный перевод на 7 000 000 тг. Свяжитесь с оператором +7 729 940 45 40 немедленно,scam,fake_bank,ru,synthetic_template_kz
Kaspi: перевод 3 000 000 тг от Жанна ожидает подтверждения. Подтвердить: kaspi.kz.secure-login.cc,scam,kaspi_scam,ru,synthetic_template_kz
СДЭК: неверный адрес доставки. Уточните данные bonus-kz.click иначе заказ вернется отправителю,scam,phishing,ru,synthetic_template_kz
"izi: тариф ұзартылды, 2841 тг есептен шығарылды",safe,,kk,synthetic_template_kz
Только сегодня! Скидка 44% на все товары в Ozon. Успей до полуночи,suspicious,,ru,synthetic_template_kz
Повестка в суд по делу №19721. Материалы дела: beeline-bonus.icu,scam,fake_police,ru,synthetic_template_kz
Altel: срок действия SIM истекает. Продлите регистрацию halykbank.kz.verify.top,scam,phishing,ru,synthetic_template_kz
Temu: сәлемдемеңіз кеденде тұр. 751 тг баж салығын төлеңіз: egov-kz.online,scam,phishing,kk,synthetic_template_kz
"Занятие по алгебре переносится на 15:00, аудитория 401",safe,,ru,synthetic_template_kz
Сізге тек бүгін: жеңілдіктермен сәлем!,suspicious,,kk,github_Yerassyl04_Spam-kazakh
"Үйден жұмыс, аптасына 74 000 тг табыс. WhatsApp +7 799 249 49 15 жазыңыз",suspicious,,kk,synthetic_template_kz
"Altel: тариф продлен, списано 8015 тг. Следующее списание 10.4",safe,,ru,synthetic_template_kz
Бесплатная диагностика организма в нашей клинике. Запись на сeгодня +7 756 645 98 53,suspicious,,ru,synthetic_template_kz
Спасибо за покупку! Чек доступен на halykbank.kz,safe,,ru,synthetic_template_kz
Сіздің оқуыңыз бен жұмыс жүктемеңіз туралы есеп беріңіз.,safe,,kk,github_Yerassyl04_Spam-kazakh
Kaspi Магазин: тауарыңыз сатылды. 18 700 тг алу үшін өтіңіз bonus-kz.click,scam,kaspi_scam,kk,synthetic_template_kz
Жаңа технологиялар туралы білім алыңыз.,safe,,kk,github_Yerassyl04_Spam-kazakh
Служба безопасности Halyk Bank: подозрительный перевод на 5 000 000 тг. Свяжитесь с оператором +7 746 124 65 98 немедленно,scam,fake_bank,ru,synthetic_template_kz
Құрметті клиент! *2326 картаңыз күдікті операцияға байланысты бұғатталды. Бұғаттан шығару: kz-vyigrysh.net,scam,fake_bank,kk,synthetic_template_kz
"қаңтар айына коммуналдық төлем қабылданды, сома 87 100 тг",safe,,kk,synthetic_template_kz
Уважаемый клиент! Каpтa *3783 заблокирована по подозрению в мошенничестве. Для разблокировки перейдите halyk-verify.xyz срoчно,scam,fake_bank,ru,synthetic_template_kz
Құрметті клиент! *5872 картаңыз күдікті операцияға байланысты бұғатталды. Бұғаттан шығару: forte-cabinet.pro,scam,fake_bank,kk,synthetic_template_kz
"Санжар, сізге 22 500 тг төлем мақұлданды. Деректерді осында енгізіңіз kaspi-bonus.top",scam,fake_prize,kk,synthetic_template_kz
"наурыз айына коммуналдық төлем қабылданды, сома 37 000 тг",safe,,kk,synthetic_template_kz
Ваш номеp выбран победителем акции Tele2! Приз 44 500 тг. Подтвердите: halyk-verify.xyz,scam,fake_prize,ru,synthetic_template_kz
Kaspi: код 200572. Ешкімге айтпаңыз.,safe,,kk,synthetic_template_kz
"УРА! Гульнара, вам одобрена выплата 18 000 тг. Реквизиты укажите тут kaspi-gold.site",scam,fake_prize,ru,synthetic_template_kz
"Несие бойынша сақтандыруды қайтару. Өтемақы тиесілі ме, тексеріңіз: +7 726 390 82 88",suspicious,,kk,synthetic_template_kz
Tele2: срок действия SIM истекает. Продлите регистрацию egov-kz.online,scam,phishing,ru,synthetic_template_kz
Kaspi: код 814774. Ешкімге айтпaңыз.,safe,,kk,synthetic_template_kz
Бүгін ауа райы өте керемет.,safe,,kk,github_Yerassyl04_Spam-kazakh
Kaspi Red: рассрочка на 45 000 тг оформлена. Отменить enpf-vyplata.ru,scam,kaspi_scam,ru,synthetic_template_kz
Бесплатная диагностика организма в нашей клинике. Запись на сегодня +7 718 420 64 33,suspicious,,ru,synthetic_template_kz
"Такси прибыло. Kia Rio, гос. номер 683 EZC 08",safe,,ru,synthetic_template_kz
Kaspi Gold: код 229598. Ешкімге айтпаңыз. Егер бұл сіз болмасаңыз +7 755 795 92 80 нөміріне қоңырау шалыңыз,scam,kaspi_scam,kk,synthetic_template_kz
Курсы трейдинга. Первое занятие бесплатно. Запись +7 780 545 46 29,suspicious,,ru,synthetic_template_kz
Kaspi: кoд 668600. Никoму не сoобщайте.,safe,,ru,synthetic_template_kz
"Сәлеметсіз бе, Kaspi-дегі хабарландыру бойынша жазып тұрмын. Төледім, сілтеме арқылы растаңыз kaspi-gold.site",scam,kaspi_scam,kk,synthetic_template_kz
БЖЗҚ дерекқоры жаңартылды. Сізге 47 000 тг төлем есептелді. Алу: enpf-vyplata.ru,scam,phishing,kk,synthetic_template_kz
"Үйден жұмыс, аптасына 4 000 000 tг табыс. WhatsApp +7 789 779 14 98 жазыңыз",suspicious,,kk,synthetic_template_kz
Сіздің нөміріңіз жеңімпаз болып табылады!,suspicious,,kk,github_Yerassyl04_Spam-kazakh
"Қайырлы кеш, мәтінді оқыңыз",safe,,kk,github_Yerassyl04_Spam-kazakh
"Қызметкерлер қажет, кесте еркін, күнделікті төлем 32 000 тг. Telegram +7 739 900 76 48",suspicious,,kk,synthetic_template_kz
Нөміріңіз Beeline акциясының жеңімпазы атанды! Жүлде 70 600 тг. Растаңыз: k-vyigrysh.net,scam,fake_prize,kk,synthetic_template_kz
"Әйгерім, сізге 4 000 000 тг төлем мақұлданды. Деректерді осында енгізіңіз gov-kz.support",scam,fake_prize,kk,synthetic_template_kz
Біздің арнайы жиналысқа шақыру!,suspicious,,kk,github_Yerassyl04_Spam-kazakh
Только сегодня! Скидка 81% на все товары в Wildberries. Успей до полуночи,suspicious,,ru,synthetic_template_kz
"Beeline: 16 ГБ және 466 минут қалды, 14.7 дейін",safe,,kk,synthetic_template_kz
"izi: тариф продлен, списано 7249 тг. Следующее списание 27.10",safe,,ru,synthetic_template_kz
Қысқа сауалнамадан өтіп өзіннің кім екеніңізді анықтаңыз,suspicious,,kk,github_Yerassyl04_Spam-kazakh
Курсы трейдинга. Первое занятие бесплатно. Запись +7 769 989 62 32,suspicious,,ru,synthetic_template_kz
Tele2: подключена подписка за 524 тг/нед. Отключить *817# !!!,suspicious,,ru,synthetic_template_kz
Бесплатная диагностика организма в нашей клинике. Запись на сегодня +7 734 973 65 50,suspicious,,ru,synthetic_template_kz
Мерейтойлық ұтыс! Сізге 9 000 000 тг бонус есептелді. Шығару үшін 9016 тг комиссия төлеңіз,scam,fake_prize,kk,synthetic_template_kz
Құпия ұсыныс: шектеулі уақытқа 3000 теңге жеңілдігі!,suspicious,,kk,github_Yerassyl04_Spam-kazakh
"Құпиясауалнамадан өтіп, ақша ұтып ал",suspicious,,kk,github_Yerassyl04_Spam-kazakh
"Занятие по физике переносится на 18:00, аудитория 160",safe,,ru,synthetic_template_kz
"SE-2428 тобының жиналысы 13:00-де, 1 корпус",safe,,kk,synthetic_template_kz
ЖСН нөміріңіз заңсыз операцияда қолданылған. Тергеуші хабарласады: +7 792 836 42 14. Үшінші тұлғаларға айтпаңыз,scam,fake_police,kk,synthetic_template_kz
"Kaspi Bank: зафиксирована попытка входа в ваш кабинет с ноBого устройства. Если это не вы, подтвердите личность: wb-kz-prize.shop",scam,fake_bank,ru,synthetic_template_kz
"Kaspi Bank: зафиксирована попытка входа в ваш кабинет с нового устройства. Если это не вы, подтвердите личность: forte-cabinet.pro",scam,fake_bank,ru,synthetic_template_kz
Kaspi: код 961767. Ешкімге айтпаңыз.,safe,,kk,synthetic_template_kz
"Tele2: 14 ГБ және 99 минут қалды, 24.7 дейін",safe,,kk,synthetic_template_kz
Kaspi Postomat: неверный адрес доставки. Уточните данные egov-kz.online иначе заказ вернется отправителю,scam,phishing,ru,synthetic_template_kz
eGov: ваша справка готова. Скачать в мобильном приложении или на tele2.kz,safe,,ru,synthetic_template_kz
"Altel: тариф ұзартылды, 7283 тг есептен шығарылды",safe,,kk,synthetic_template_kz
"Tele2: тариф прoдлeH, списано 6503 тг. Следующее списание 27.6",safe,,ru,synthetic_template_kz
"Несие бойынша сақтандыруды қайтару. Өтемақы тиесілі ме, тексеріңіз: +7 791 500 30 75",suspicious,,kk,synthetic_template_kz
БЖЗҚ дерекқоры жаңартылды. Сізге 35 000 тг төлем есептелді. Алу: enpf-vyplata.ru,scam,phishing,kk,synthetic_template_kz
Eurasian Bank. 8 000 000 тг есептен шығау бекітілді. Болдырмау үшін: gov-kz.support,scam,fake_bank,kk,synthetic_template_kz
Ваша заявка на карту рассмотрена. Перезвоните +7 752 557 44 70 для активации,suspicious,,ru,synthetic_template_kz
Отбасыңызбен бірге тамаша демалыс өткізіңіз!,safe,,kk,github_Yerassyl04_Spam-kazakh
"Данияр, сізге 58 100 тг жеке несие лимиті қолжетімді. Толығырақ қосымшада",suspicious,,kk,synthetic_template_kz
Kaspi: код 372973. Никому не сообщайте.,safe,,ru,synthetic_template_kz
"Возврат страховки по кредиту. Проверьте, положена ли вам компенсация: +7 756 501 24 55 🔴",suspicious,,ru,synthetic_template_kz
Саtып алғаныңыз үшін рахмет! Түбіртек forte.kz сайтында,safe,,kk,synthetic_template_kz
Ваш счет будет закрыт сегодня до 18:00 из-за неподтвержденных данных. Обновите анкету: forte-cabinet . pro,scam,fake_bank,ru,synthetic_template_kz
Altel: SIM картаңыздың мерзімі бітуде. Тіркеуді ұзартыңыз beeline-bonus.icu,scam,phishing,kk,synthetic_template_kz
Только сегодня! Скидка 65% на все товары в Ozon. Успей до полуночи,suspicious,,ru,synthetic_template_kz
Қалада өтетін мәдени шаралар туралы ақпарат.,safe,,kk,github_Yerassyl04_Spam-kazakh
Kaspi: код 494242. Ешкімге айтпаңыз.,safe,,kk,synthetic_template_kz
Kaspi: перевод 56 100 тг от Айгерим ожидает подтверждения. Подтвердить: kaspi.kz.secure-login.cc,scam,kaspi_scam,ru,synthetic_template_kz
AliExpress: посылка задержана на таможне. Оплатите пошлину 879 тг: halyk-verify.xyz,scam,phishing,ru,synthetic_template_kz
Kaspi  Магазин:  ваш товар продан. Для получения 8 000 000 тг перейдите halykbank.kz.verify.top,scam,kaspi_scam,ru,synthetic_template_kz
"Такси  прибыло.  Chevrolet Cobalt, гос. номер 578 SAK 09",safe,,ru,synthetic_template_kz
Салық берешегі 42 000 тг. Онлайн өтеу: bonus-kz.click,scam,phishing,kk,synthetic_template_kz
Сіздің оқуыңыздың нәтижелері қалай?,safe,,kk,github_Yerassyl04_Spam-kazakh
"izi: тариф ұзартылды, 7095 тг есептен шығарылды",safe,,kk,synthetic_template_kz
Вaш номер выбрaн побeдителем акции Beeline! Приз 4 000 000 тг. Подтвердите: halyk-verify.xyz,scam,fake_prize,ru,synthetic_template_kz
Құрметті клиент! *9786 картаңыз күдікті операцияға байланысты бұғатталды. Бұғаттан шығару: egov-kz.online,scam,fake_bank,kk,synthetic_template_kz
Еске салу: оқу ақысын 3.7 дейін төлеу қажет. Сома 9 000 тг,safe,,kk,synthetic_template_kz
БЖЗҚ дерекқоры жаңартылды. Сізге 49 000 тг төлем есептелді. Алу: enpf-vyplata.ru,scam,phishing,kk,synthetic_template_kz
Ваш номер выбран победителем акции Beeline! Приз 6 000 000 тг. Подтвердите: kaspi-bonus.top,scam,fake_prize,ru,synthetic_template_kz
"Kaspi Gold: код 856586. Никому не сообщайте. Если это не вы, звоните +7 736 570 90 45",scam,kaspi_scam,ru,synthetic_template_kz
"Freedom Bank: 79 000 тг несие мақұлданды. Өтініш бермеген болсаңыз, бас тартыңыз halykbank.kz.verify.top",scam,fake_bank,kk,synthetic_template_kz
Activ: остаток 18 ГБ и 295 минут до 26.4,safe,,ru,synthetic_template_kz
Только  сегодня!  Скидка 32% на все товары в Kaspi Магазин. Успей до полуночи,suspicious,,ru,synthetic_template_kz
Boxberry: жеткізy мекенжайы қате. Деректерді нақтылаңыз wb-kz-prize.shop,scam,phishing,kk,synthetic_template_kz
ЖСН нөміріңіз заңсыз операцияда қолданылған. Тергеуші хабарласады: +7 717 948 55 13. Үшінші тұлғаларға айтпаңыз,scam,fake_police,kk,synthetic_template_kz
Обновление базы ЕНПФ. Вам начислена выплата 1 000 000 тг. Получить: jusan-secure.info,scam,phishing,ru,synthetic_template_kz
"Инвестиции  от  24 000 тг, доход 47% в месяц. Консультация +7 787 747 87 43",suspicious,,ru,synthetic_template_kz
"Өтінемін, мүмкіндік беріңіз",safe,,kk,github_Yerassyl04_Spam-kazakh
"Halyk Bank: одобрен кредит на 60 000 тг. Если вы не подавали заявку, отмените здесь enpf-vyplata.ru",scam,fake_bank,ru,synthetic_template_kz
"Сізге алаяқтар несие рәсімдеген. Істі eGov жүргізуде, оператор +7 737 516 92 54",scam,fake_police,kk,synthetic_template_kz
"Ерлан, сізге 14 000 тг төлем мақұлданды. Деректерді осында енгізіңіз egov-kz.online",scam,fake_prize,kk,synthetic_template_kz
Ваш  код  подтверждения для входа: 332032,safe,,ru,synthetic_template_kz
Бесплaтная диагностика оргaнизма в нашей клинике. Запись на сегодня +7 768 865 69 70,suspicious,,ru,synthetic_template_kz
Клиникамызда тегін диагностика. Бүгінге жаылу +7 771 277 71 70,suspicious,,kk,synthetic_template_kz
Яндекс Доставка: неверный адрес доставки. Уточните данные kaspi-bonus.top иначе заказ вернется отправителю,scam,phishing,ru,synthetic_template_kz
"УРА! Гульнара, вам одобpена выплатa 77 500 тг. Реквизиты укажите tут jusan-secure.info",scam,fake_prize,ru,synthetic_template_kz
Еске  салу:  оқу ақысын 8.4 дейін төлеу қажет. Сома 21 000 тг,safe,,kk,synthetic_template_kz
ІІМ: сіздің атыңызға іс қозғалды. Танысу үшін enpf-vyplata.ru,scam,fake_police,kk,synthetic_template_kz
Служба судебных исполнителей: на ваше имя заведено производство. Явитесь или ознакомьтесь halykbank.kz.verify.top !!!,scam,fake_police,ru,synthetic_template_kz
БЖЗҚ дерекқоры жаңартылды. Сізге 90 000 тг төлем есептелді. Алу: kaspi-bonus.top,scam,phishing,kk,synthetic_template_kz
AliExpress: посылка задержана на таможне. Оплатите пошлину 2672 тг: halyk-verify.xyz,scam,phishing,ru,synthetic_template_kz
Kaspi Магазин: ваш товар продан. Для получения 63 800 тг перейдите enpf-vyplata.ru,scam,kaspi_scam,ru,synthetic_template_kz
Клиникамызда тегін диагностика. Бүгінге жазылу +7 753 956 69 97,suspicious,,kk,synthetic_template_kz
"Ана, мен кешігемін, шамамен 20-де боламын",safe,,kk,synthetic_template_kz
Вам поступил Kaspi Bonus 9% на 32 000 тг. Активация halykbank.kz.verify.top,scam,kaspi_scam,ru,synthetic_template_kz
Пополнение 18 400 тг на карту *8007. Баланс 46 700 тг,safe,,ru,synthetic_template_kz
Заработок из дома от 90 000 тг в неделю. Пишите в WhatsApp +7 706 585 83 13,suspicious,,ru,synthetic_template_kz
Пополнение 45 900 тг на карту *6768. Балaнс 9 000 000 тг,safe,,ru,synthetic_template_kz
Одобрен займ до 9 000 тг без справок и залога. Оформить за 5 минут: wildberries.kz 🔴,suspicious,,ru,synthetic_template_kz
Вы получили сертификат Ozon на 2 000 000 тг. Активировать в течение 30 минут: kaspi-bonus.top,scam,fake_prize,ru,synthetic_template_kz
Kaspi Магазин: тауарыңыз сатылды. 27 000 тг алу үшін өтіңіз gov-kz.support,scam,kaspi_scam,kk,synthetic_template_kz
Яндекс Доставка: неверный адрес доставки. Уточните данные bonus-kz.click иначе заказ вернется отправителю,scam,phishing,ru,synthetic_template_kz
Поздравляем! Вы выиграли 4 000 000 тг в розыгрыше Otbasy Bank. Забрать приз: wb-kz-prize.shop,scam,fake_prize,ru,synthetic_template_kz
eGov: на ваше имя заведено производство. Явитесь или ознакомьтесь kaspi-gold.site,scam,fake_police,ru,synthetic_template_kz
Только сегодня! Скидка 55% на все товары в AliExpress. Успей до полуночи,suspicious,,ru,synthetic_template_kz
Сіздің хатыңыз жүлде ұтып алу үшін таңдалды!,suspicious,,kk,github_Yerassyl04_Spam-kazakh
"Здравствуйте, я по объявлению на Kaspi. Уже оплатил, подтвердите получение по ссылке beeline-bonus.icu",scam,kaspi_scam,ru,synthetic_template_kz
"Оплата  ЖКХ  за май принята, сумма 61 000 тг",safe,,ru,synthetic_template_kz
"На вас оформлен кредит мошенниками. Дело ведет Антифрод-центр, оператор +7 731 934 89 58",scam,fake_police,ru,synthetic_template_kz
eGov: сіздің атыңызға іс қозғалды. ТаHысу үшін wb-kz-prize.shop,scam,fake_police,kk,synthetic_template_kz
"Несие бойынша сақтандыруды қайтару. Өтемақы тиесілі ме, тексеріңіз: +7 749 581 54 52",suspicious,,kk,synthetic_template_kz
Оқу жоспарыңыз бен курстарыңыздың мерзімдері.,safe,,kk,github_Yerassyl04_Spam-kazakh
"Eurasian Bank: пoкупка 1 000 000 тг, kарта *3054. Доступно 58 000 тг",safe,,ru,synthetic_template_kz
"Қызметкерлер қажет, кесте еркін, күнделікті төлем 28 000 тг. Telegram +7 709 601 13 85",suspicious,,kk,synthetic_template_kz
Kaspi: код 330177. Никому не сообщайте.,safe,,ru,synthetic_template_kz
Кезекті жеңімпаз болу үшін тіркеліңіз!,suspicious,,kk,github_Yerassyl04_Spam-kazakh
Уведомление о штрафе 88 900 тг за нарушение ПДД. Оплата со скидкой 50%: jusan-secure.info,scam,fake_police,ru,synthetic_template_kz
Только сегодня! Скидка 30% на все товары в Temu. Успей до полуночи,suspicious,,ru,synthetic_template_kz
"Сізге алаяқтар несие рәсімдеген. Істі eGov жүргізуде, оператор +7 732 958 30 48.",scam,fake_police,kk,synthetic_template_kz
"42 000 тг бастап инвестиция, айына 44% табыс. Кеңес +7 723 242 51 33",suspicious,,kk,synthetic_template_kz
"Такси прибыло. Chevrolet Cobalt, гос. номер 662 ZCY 07",safe,,ru,synthetic_template_kz
Специальное предложение: сіздің қолыңызда шектеулі сома!,suspicious,,kk,github_Yerassyl04_Spam-kazakh
Altel: остаток 10 ГБ и 710 минут до 26.3,safe,,ru,synthetic_template_kz
Вы 1000-й посетитель! Заберите iPhone 13 бесплатно: enpf-vyplata.ru,scam,fake_prize,ru,synthetic_template_kz
Заработок из дома от 53 000 тг в неделю. Пишите в WhatsApp +7 753 343 42 11,suspicious,,ru,synthetic_template_kz
Кіру үшін растау кодыңыз: 785456,safe,,kk,synthetic_template_kz
"На вас оформлен кредит мошенниками. Дело ведет КНБ РК, оператор +7 709 935 36 53",scam,fake_police,ru,synthetic_template_kz
НӨМІРІҢІЗ ALTEL АКЦИЯСЫНЫҢ ЖЕҢІМПАЗЫ АТАНДЫ! ЖҮЛДЕ 3 000 000 ТГ. РАСТАҢЫЗ: JUSAN-SECURE.INFO,scam,fake_prize,kk,synthetic_template_kz
Кіpy үшін растaу кодыңыз: 55194,safe,,kk,synthetic_template_kz
Сіз 1000-шы келуші болдыңыз! iPhone 13 тегін алыңыз: wb-kz-prize.shop,scam,fake_prize,kk,synthetic_template_kz
Напоминание: срoк оплаtы за обучение до 5.7. Сумма 56 000 тг,safe,,ru,synthetic_template_kz
"Сотрудник банка свяжется с вами по номеру +7 748 921 20 96. Не сообщайте код никому, кроме специалиста",scam,fake_bank,ru,synthetic_template_kz
"Halyk Bank: покупка 9 000 000 тг, карта *7882. Доступно 20 000 тг",safe,,ru,synthetic_template_kz
"Инвестиции от 64 000 тг, доход 37% в месяц. Консультация +7 749 170 70 91",suspicious,,ru,synthetic_template_kz
Ваш счет будет закрыт до конца дня из-за неподтвержденных данных. Обновите анкету: kz-vyigrysh.net,scam,fake_bank,ru,synthetic_template_kz
Уведомление о штрафе 35 000 тг за нарушение ПДД. Оплата со скидкой 50%: gov-kz.support,scam,fake_police,ru,synthetic_template_kz
Сіз  1000-шы  келуші болдыңыз! iPhone 16 тегін алыңыз: forte-cabinet.pro,scam,fake_prize,kk,synthetic_template_kz
Деректеріңіз расталмағандықтан шотыңыз бүгін 18:00-ге дейін жабылады. Сауалнаманы жаңартыңыз: egov-kz.online,scam,fake_bank,kk,synthetic_template_kz
"Сәлеметсіз бе, Жанна! Ертең сағат 13:00-де дәрігерге жазылғаныңызды еске саламыз",safe,,kk,synthetic_template_kz
Только сегодня! Скидка 89% на все товары в Wildberries. Успей до полуночи,suspicious,,ru,synthetic_template_kz
"Bereke Bank: 89 000 тг сатып алу, карта *4122. Қолжетімді 57 000 тг",safe,,kk,synthetic_template_kz
Beeline: oстаток 2 ГБ и 684 минут до 12.4,safe,,ru,synthetic_template_kz
Сіз 1000-шы келуші болдыңыз! iPhone 17 тегін алыңыз: kz-vyigrysh.net,scam,fake_prize,kk,synthetic_template_kz
Сізге арнап жаңа ұтыс!,scam,fake_prize,kk,github_Yerassyl04_Spam-kazakh
Сіз 1000-шы келуші болдыңыз! iPhone 13 тегін алыңыз: forte-cabinet.pro,scam,fake_prize,kk,synthetic_template_kz
Tele2: остаток 10 ГБ и 395 минут до 9.7,safe,,ru,synthetic_template_kz
"наурыз айына коммуналдық төлeм қабылданды, сома 22 700 тг",safe,,kk,synthetic_template_kz
Келесі аптада болатын кездесуді жоспарлаңыз.,safe,,kk,github_Yerassyl04_Spam-kazakh
"Қызметкерлер қажет, кесте еркін, күнделікті төлем 17 000 тг. Telegram +7 739 127 93 36",suspicious,,kk,synthetic_template_kz
"Внимание! Ваша карта *8563 скомпрометирована. Переведите средства на резервный счет, инструкция: enpf-vyplata.ru",scam,fake_bank,ru,synthetic_template_kz
"Данияр, сізге 48 000 тг жеке несие лимиті қолжетімді. Толығырақ қосымшада",suspicious,,kk,synthetic_template_kz
Трейдинг курстары. Бірінші сабақ тегін. Тіркелy +7 725 910 57 74,suspicious,,kk,synthetic_template_kz
Ваш аккаунт eGov будет удален до 23:59. Подтвердите ИИН: beeline-bonus.icu,scam,phishing,ru,synthetic_template_kz
Служба безопасности Eurasian Bank: подозрительный перевод на 28 000 тг. Свяжитесь с оператором +7 757 513 86 80 немедленно,scam,fake_bank,ru,synthetic_template_kz
Сізге 6 000 000 тг сомасына Kaspi Bonus 14% түсті. Белсендіру kaspi-bonus.top,scam,kaspi_scam,kk,synthetic_template_kz
"Крипто-сигналы  с  точностью 91%. Первый месяц бесплатно, канал по ссылке в профиле",suspicious,,ru,synthetic_template_kz
№38180 іс бойынша сотқа шақыру. Іс материалдары: kaspi-gold.site,scam,fake_police,kk,synthetic_template_kz
Антифрод-центр: на ваше имя заведено производство. Явитесь или ознакомьтесь kaspi.kz.secure-login.cc,scam,fake_police,ru,synthetic_template_kz
Пополнение 43 000 тг на карту *6879. Баланс 51 000 тг,safe,,ru,synthetic_template_kz
Нөміpіңіз зейнеtақыны қайта есептеуге қатысады. Форманы толтыpыңыз kaspi-gold.site,scam,phishing,kk,synthetic_template_kz
Салық берешегі 9 000 000 тг. ОHлайH өтeу: kaspi.kz.secure-login.cc,scam,phishing,kk,synthetic_template_kz
Activ: остаток 22 ГБ и 293 минут до 5.3,safe,,ru,synthetic_template_kz
"ACTIV: ТАРИФ ПРОДЛЕН, СПИСАНО 7837 ТГ. СЛЕДУЮЩЕЕ СПИСАНИЕ 17.5",safe,,ru,synthetic_template_kz
Обновление базы ЕНПФ. Вам начислена выплата 82 000 тг. Получить: halyk-verify.xyz,scam,phishing,ru,synthetic_template_kz
"Занятиe по английскому переносится на 16:00, аyдиtория 237",safe,,ru,synthetic_template_kz
Мына кітапты алып оқы,safe,,kk,github_Yerassyl04_Spam-kazakh
"SE-2421 тобының жиналысы 10:00-де, 1 крпус",safe,,kk,synthetic_template_kz
Нөміріңіз Altel акциясының жеңімпазы атанды! Жүлде 79 000 тг. Растаңыз: enpf-vyplata.ru,scam,fake_prize,kk,synthetic_template_kz
Курсы трейдинга. Первое занятие бесплатно. Запись +7 776 289 44 61,suspicious,,ru,synthetic_template_kz
eGov: ваша справка готова. Скачать в мобильном приложении или на jusan.kz,safe,,ru,synthetic_template_kz
БЖЗҚ дерекқоры жаңартылды. Сізге 35 700 тг төлем есептелді. Алу: enpf-vyplata.ru,scam,phishing,kk,synthetic_template_kz
Wildberries: сәлемдемеңіз кеденде тұр. 2930 тг баж салығын төлеңіз: jusan-secure.info ⚠️,scam,phishing,kk,synthetic_template_kz
Вы получили сертификат Ozon на 56 000 тг. Активировать сегодня до 18:00: kaspi.kz.secure-login.cc,scam,fake_prize,ru,synthetic_template_kz
eGov  аккаунтыңыз  күн соңына дейін жойылады. ЖСН растаңыз: wb-kz-prize.shop,scam,phishing,kk,synthetic_template_kz
"Несие бойынша сақтандыруды қайтару. Өтемақы тиесілі ме, тексеріңіз: +7 708 926 64 72",suspicious,,kk,synthetic_template_kz
Нөміріңіз зейнетақыны қайта еептеуге қатысады. Форманы толтырыңыз kz-vyigrysh.net,scam,phishing,kk,synthetic_template_kz
Жұмыстарды келесі аптаға дейін жасаңыз,safe,,kk,github_Yerassyl04_Spam-kazakh
Нөміріңіз izi акциясының жеңімпазы атанды! Жүлде 32 700 тг. Растаңыз: halyk-verify.xyz,scam,fake_prize,kk,synthetic_template_kz
Заработок из дома от 38 000 тг в неделю. Пишите в WhatsApp +7 716 695 13 88,suspicious,,ru,synthetic_template_kz
eGov аккаунтыңыз күн соңына дейін жойылады. ЖСН растаңыз: kz-vyigrysh.net,scam,phishing,kk,synthetic_template_kz
Бүгінгі жаттығу жоспарыңызды ұмытпаңыз!,safe,,kk,github_Yerassyl04_Spam-kazakh
Kaspi Магазин: сәлемдемеңіз кеденде тұр. 1450 тг баж салығын төлеңіз: kaspi-bonus.top,scam,phishing,kk,synthetic_template_kz
Напоминание: срок оплаты за обучение до 10.4. Сумма 37 000 тг,safe,,ru,synthetic_template_kz
"Возврат страховки по кредиtу. ПроBерьте, положена ли вам компенсация: +7 741 389 16 54",suspicious,,ru,synthetic_template_kz
"Несие бойынша сақтандыруды қайтару. Өтемақы тиесілі ме, тексеріңіз: +7 737 861 10 78",suspicious,,kk,synthetic_template_kz
Kaspi Postomat: жеткізу мекенжайы қате. Деректерді нақтылаңыз beeline-bonus.icu,scam,phishing,kk,synthetic_template_kz
"Kaspi Gold: код 131846. Никому не сообщайте. Если это не вы, звоните +7 758 941 16 59",scam,kaspi_scam,ru,synthetic_template_kz
Kaspi Red: 7 000 000 тг бөліп төлеу рәсімделді. Болдырмау kaspi.kz.secure-login.cc,scam,kaspi_scam,kk,synthetic_template_kz
"Қызметкерлер қажет, кесте еркін, күнделікті төлем 19 000 тг. Telegram +7 740 736 88 93.",suspicious,,kk,synthetic_template_kz
"ForteBank: 24 000 тг несие мақұлданды. Өтініш бермеген болсаңыз, бас тартыңыз forte-cabinet.pro",scam,fake_bank,kk,synthetic_template_kz
ЖҚЕ бұзғаны үшін 53 000 тг айыппұл. 50% жеңілдікпен төлеу: bonus-kz.click.,scam,fake_police,kk,synthetic_template_kz
Пополнение 34 000 тг на карту *3870. Баланс 70 000 тг,safe,,ru,synthetic_template_kz
Ваш заказ №661646 прибыл в пункт выдачи Казпочта. Забрать в течение 5 дней,safe,,ru,synthetic_template_kz
Салық берешегі 13 700 тг. Онлайн өтеу: egov-kz.online,scam,phishing,kk,synthetic_template_kz
Bank RBK. 32 000 тг eсептеH шығару бекітілді. Болдырmау үшін: wb-kz-prize.shop,scam,fake_bank,kk,synthetic_template_kz
"Eurasian Bank: покупка 89 400 тг, карта *6722. Доступно 98 400 тг",safe,,ru,synthetic_template_kz
Ваш заказ №157355 прибыл в пункт выдачи Яндекс Доставка. Забрать в течение 5 дней,safe,,ru,synthetic_template_kz
Мерейтойлық ұтыс! Сізге 6 000 000 тг бонус есептелді. Шығару үшін 7231 тг комиссия төлеңіз,scam,fake_prize,kk,synthetic_template_kz
"Halyk Bank: 91 000 тг сатып алу, карта *4542. Қолжетімді 80 000 тг",safe,,kk,synthetic_template_kz
"Здравствуйте, Ерлан! Напоминаем о записи к врачу завтра в 10:00",safe,,ru,synthetic_template_kz
Трейдинг курстары. Бірінші сабақ тегін. Тіркелу +7 760 278 30 53,suspicious,,kk,synthetic_template_kz
"Altel: тариф продлен, списано 2221 тг. Следующее списание 13.5",safe,,ru,synthetic_template_kz
Бесплатная диагностика организма в нашей клинике. Запись на сегодня +7 779 531 55 91,suspicious,,ru,synthetic_template_kz
"Возврат страховки по кредиту. Проверьте, положена ли вам компенсация: +7 757 545 41 73",suspicious,,ru,synthetic_template_kz
"Eurasian Bank: 5 000 000 тг несие мақұлданды. Өтініш бермеген болсаңыз, бас тартыңыз gov-kz.support",scam,fake_bank,kk,synthetic_template_kz
Розыгрыш к 30-летию! Вам начислен бонус 3 000 000 тг. Для вывода оплатите комиссию 6463 тг,scam,fake_prize,ru,synthetic_template_kz
Beeline: остаток 24 ГБ и 502 минут до 27.8,safe,,ru,synthetic_template_kz
"Hayk Bank: 3 000 000 тг сатып алу, карта *7021. Қолжетімді 47 000 тг",safe,,kk,synthetic_template_kz
"На вас оформлен кредит мошенниками. Дело ведет Антифрод-центр, оператор +7 786 684 10 90",scam,fake_police,ru,synthetic_template_kz
Сіз үшін жаңа курстар мен семинарлар.,safe,,kk,github_Yerassyl04_Spam-kazakh
"На вас оформлен кредит мошенниками. Дело ведет Комитет госдоходов, оператор +7 785 678 89 95",scam,fake_police,ru,synthetic_template_kz
Altel: срок действия SIM истекает. Продлите регистрацию wb-kz-prize.shop,scam,phishing,ru,synthetic_template_kz
izi: аптасына 685 тг жазылым қосылды. Өшіру *924#,suspicious,,kk,synthetic_template_kz
Вам поступил Kaspi Bonus 20% на 95 000 тг. Активация gov-kz.support,scam,kaspi_scam,ru,synthetic_template_kz
Құрметті клиент! *2900 картаңыз күдікті операцияға байланысты бұғатталды. Бұғаттан шығару: forte-cabinet.pro,scam,fake_bank,kk,synthetic_template_kz
БЖЗҚ дерекқоры жаңартылды. Сізге 37 800 тг төлем есептелді. Алу: halyk-verify.xyz,scam,phishing,kk,synthetic_template_kz
Анықтамасыз және кепілсіз 5 000 000 тг дейін қарыз мақұлданды. 5 минутта рәсімдеу: jusan.kz,suspicious,,kk,synthetic_template_kz
Сілтемеге өтіп миллионер атан!,scam,fake_prize,kk,github_Yerassyl04_Spam-kazakh
Halyk Bank қауіпcіздік қызметі: 1 000 000 тг күдікті аударым. +7 713 949 67 43 нөміріне жедeл хaбарласыңыз,scam,fake_bank,kk,synthetic_template_kz
Налоговая задолженность 36 500 тг. Погасить онлайн: bonus-kz.click,scam,phishing,ru,synthetic_template_kz
Заработок из дома от 5 000 000 тг в неделю. Пишите в WhatsApp +7 779 953 66 28,suspicious,,ru,synthetic_template_kz
Kaspi: код 183177. Никому не сообщайте.,safe,,ru,synthetic_template_kz
Kaspi: код 322821. Ешкімге айтпаңыз.,safe,,kk,synthetic_template_kz
Ваша заявка на карту рассмотреHа. Перезвоните +7 765 291 57 65 для активации,suspicious,,ru,synthetic_template_kz
Сатып алғаныңыз үшін рахмет! Түбіртек forte.kz сайтында,safe,,kk,synthetic_template_kz
"Келіңіз, тегін дәрі-дәрмек алыңыз!",suspicious,,kk,github_Yerassyl04_Spam-kazakh
"Сотрудник банка свяжется с вами по номеру +7 784 966 60 79. Не сообщайте код никому, кроме специалиста",scam,fake_bank,ru,synthetic_template_kz
Сіздің есепшотыңызға 2000 теңге қосылды!,suspicious,,kk,github_Yerassyl04_Spam-kazakh
Деректеріңіз расталмағандықтан шотыңыз бүгін 18:00-ге дейін жабылады. Сауалнаманы жаңартыңыз: wb-kz-prize.shop,scam,fake_bank,kk,synthetic_template_kz
"Такси келді. Hyundai Accent, мемлекеттік нөмір 507 SKA 05",safe,,kk,synthetic_template_kz
Ваш код подтверждения для входа: 67054,safe,,ru,synthetic_template_kz
Жеңімпаз болу мүмкіндігі үшін тезірек тіркеліңіз!,scam,fake_prize,kk,github_Yerassyl04_Spam-kazakh
Жаңа демалыс жоспарыңызды жасаңыз.,safe,,kk,github_Yerassyl04_Spam-kazakh
Вы получили сертификат Temu на 23 000 тг. Активировать срочно: halyk-verify.xyz,scam,fake_prize,ru,synthetic_template_kz
Activ: подключена подписка за 245 тг/нед. Отключить *538#,suspicious,,ru,synthetic_template_kz
ЖСН нөміріңіз заңсыз операцияда қолданылған. Тергеуші хабарласады: +7 732 464 71 31. Үшінші тұлғаларға айтпаңыз,scam,fake_police,kk,synthetic_template_kz
"Такси прибыло. Chevrolet Cobalt, гос. номер 774 TBZ 03",safe,,ru,synthetic_template_kz
Kaspi Магазин: ваш товар продан. Для получения 46 400 тг перейдите kaspi-onus.top,scam,kaspi_scam,ru,synthetic_template_kz
Пополнение 6 000 000 тг на карту *2029. Баланс 16 000 тг,safe,,ru,synthetic_template_kz
№108265 тапсырысыңыз Kaspi Postomat пунктіне жетті. 5 күн ішінде алыңыз,safe,,kk,synthetic_template_kz
Қиналмай ақша тапқың келеді ме,suspicious,,kk,github_Yerassyl04_Spam-kazakh
ЖҚЕ бұзғаны үшін 8 000 000 тг айыппұл. 50% жеңілдікпен төлеу: wb-kz-prize.shop,scam,fake_police,kk,synthetic_template_kz
"Bereke Bank: одобрен кредит на 44 000 тг. Если вы не подавали заявку, отмените здесь kaspi.kz.secure-login.cc",scam,fake_bank,ru,synthetic_template_kz
"Bank RBK: зафиксирована попытка входа в ваш каинет с нового устройства. Если это не вы, подтвердите личность: halyk-verify.xyz",scam,fake_bank,ru,synthetic_template_kz
Сізге 5 000 000 тг сомасына Kaspi Bonus 24% түсті. Белсендіру jusan-secure.info,scam,kaspi_scam,kk,synthetic_template_kz
Уведомление о штрафе 3 000 000 тг за нарушение ПДД. Оплата со скидкой 50%: kaspi-bonus.top,scam,fake_police,ru,synthetic_template_kz
Сот орындаушылары: сіздің атыңызға іс қозғалды. Танысу үшін gov-kz.support,scam,fake_police,kk,synthetic_template_kz
"izi: тариф ұзаpтылды, 6682 тг есептен шығарылды",safe,,kk,synthetic_template_kz
ForteBank қауіпсіздік қызметі: 8 000 000 тг күдікті аударым. +7 720 888 72 88 нөміріне жедел хабарласыңыз,scam,fake_bank,kk,synthetic_template_kz
Клиникамызда тегін диагностика. Бүгінге жазылу +7 770 725 99 72,suspicious,,kk,synthetic_template_kz
Құттықтаймыз! Сіз Kaspi Bank ұтыс ойынында 1 000 000 тг ұттыңыз. Жүлдені алу: halyk-verify.xyz,scam,fake_prize,kk,synthetic_template_kz
Салық берешегі 5 000 000 тг. Онлайн өтеу: beeline-bonus.icu,scam,phishing,kk,synthetic_template_kz
eGov: aнықтамаңыз дайын. Мобильді қосымшадан жүктеңіз,safe,,kk,synthetic_template_kz
"ForteBank: одобрен кредит на 26 200 тг. Если вы не подавали заявку, отмените здесь enpf-vyplata.ru",scam,fake_bank,ru,synthetic_template_kz
№211560 тапсырысыңыз Яндекс Доставка пунктіне жетті. 5 күн ішінде алыңыз,safe,,kk,synthetic_template_kz
Нөміріңіз izi акциясының жеңімпазы атанды! Жүлде 67 100 tг. Растаңыз: egov-kz.online,scam,fake_prize,kk,synthetic_template_kz
Kaspi: Мәдина жіберген 83 000 тг аударым растауды күтуде. Растау: kaspi-bonus.top,scam,kaspi_scam,kk,synthetic_template_kz
Мерейтойлық ұтыс! Сізге 81 000 тг бонус есептелді. Шығару үшін 6961 тг комиссия төлеңіз,scam,fake_prize,kk,synthetic_template_kz
Трейдинг курстары. Бірінші cабақ тегіH. Тіркелу +7 725 148 22 51,suspicious,,kk,synthetic_template_kz
"Freedom Bank: зафиксирована попытка входа в ваш кабинет с нового устройства. Если это не вы, подтвердите личность: forte-cabinet.pro",scam,fake_bank,ru,synthetic_template_kz
Kaspi: код 659064. Ешкімге айтпаңыз. ⚠️,safe,,kk,synthetic_template_kz
Eurasian Bank. 34 800 тг есептен шығару бекітілді. Болдырмау үшін: forte-cabinet.pro,scam,fake_bank,kk,synthetic_template_kz
"Такси келді. Toyota Camry, мемлекеттік нөмір 140 SFK 04",safe,,kk,synthetic_template_kz
Мерейтойлық ұтыс! Сізге 36 000 тг бонус есептелді. Шығару үшін 7465 тг комиссия төлеңіз,scam,fake_prize,kk,synthetic_template_kz
№976134 тапсырысыңыз Яндекс Доставка пунктіне жетті. 5 күн іінде алыңыз,safe,,kk,synthetic_template_kz
Еске салу: оқу ақысын 22.5 дейін төлеу қажет. Сома 33 500 тг,safe,,kk,synthetic_template_kz
Kaspi Red: рассрочка на 44 000 тг оформлена. Отменить egov-kz.online ⚠️,scam,kaspi_scam,ru,synthetic_template_kz
Сіздің шотыңызға 5000 теңге салынды!,suspicious,,kk,github_Yerassyl04_Spam-kazakh
№227067 тапсырысыңыз Kaspi Postomat пунктіне жетті. 5 күн ішінде алыңыз,safe,,kk,synthetic_template_kz
Kaspi Gold: код 735980. Ешкімгe айтпаңыз. Егер бұл сіз болмaсаңыз +7 775 299 10 45 нөміріне қоңырау шалыңыз,scam,kaspi_scam,kk,synthetic_template_kz
Бесплатная диагностика организмa в нашей клинике. Запись на сегодня +7 739 808 74 66,suspicious,,ru,synthetic_template_kz
Служба судебных исполнителей. Наложен арест на счета. Снять ограничение до конца дня: beeline-bonus.icu,scam,fake_police,ru,synthetic_template_kz
Сізге 6 000 000 тг сомасына Kaspi Bonus 23% түсті. Белсендіру egov-kz.online,scam,kaspi_scam,kk,synthetic_template_kz
"Қызметкерлер қажет, кесте еркін, күнделікті төлем 29 000 тг. Telegram +7 741 392 22 23",suspicious,,kk,synthetic_template_kz
"Тимур, сізге 60 000 тг жеке несие лимиті қолжетімді. Толығырақ қосымшада",suspicious,,kk,synthetic_template_kz
Activ: остаток 13 ГБ и 253 mинут до 16.11,safe,,ru,synthetic_template_kz
Напоминание: срок оплаты за обучение до 10.1. Сумма 65 200 тг,safe,,ru,synthetic_template_kz
"Оплата ЖКХ за январь принята, сумма 1 000 000 тг",safe,,ru,synthetic_template_kz
"Altel: 24 ГБ және 138 минут қалды, 27.6 дейін",safe,,kk,synthetic_template_kz
Kaspi: Әйгерім жіберген 26 000 tг аударым растауды күтyде. Растау: wb-kz-prize.shop,scam,kaspi_scam,kk,synthetic_template_kz
Ваш код подтверждения для входа: 477488,safe,,ru,synthetic_template_kz
№12113 іс бойынша сотқа шақыру. Іс материалдары: kaspi-bonus.top,scam,fake_police,kk,synthetic_template_kz
"SE-2426 тобының жиналыы 12:00-де, 1 корпус",safe,,kk,synthetic_template_kz
ЖҚЕ бұзғаны үшін 23 000 тг айыппұл. 50% жеңілдікпен төлеу: halykbank.kz.verify.top,scam,fake_police,kk,synthetic_template_kz
Обновление базы ЕНПФ. Вам начислена выплата 12 100 тг. Получить: kz-vyigrysh.net,scam,phishing,ru,synthetic_template_kz
"Мәдина, сізге 58 500 тг төлем мақұлданды. Деректерді осында енгізіңіз egov-kz.online.",scam,fake_prize,kk,synthetic_template_kz
Деректеріңіз расталмағандықтан шотыңыз жедел түрде жабылады. Сауалнаманы жаңартыңыз: kz-vyigrysh.net,scam,fake_bank,kk,synthetic_template_kz
Клиникамызда тегін диагностика. Бүгінге жазылу +7 732 830 75 59,suspicious,,kk,synthetic_template_kz
"Крипто-сигналы с точностью 80%. Первый месяц бесплатно, канал по ссылке в профиле.",suspicious,,ru,synthetic_template_kz
№877614 тапсырысыңыз Boxberry пунктіне жетті. 5 күн ішінде алыңыз,safe,,kk,synthetic_template_kz
Ваш код подтверждения для входа: 896721,safe,,ru,synthetic_template_kz
Құрметті клиент! *4076 картаңыз күдікті операцияға байланысты бұғатталды. Бұғаттан шығару: halyk-verify.xyz,scam,fake_bank,kk,synthetic_template_kz
Комитет  госдоходов:  на ваше имя заведено производство. Явитесь или ознакомьтесь bonus-kz.click,scam,fake_police,ru,synthetic_template_kz
"Сізге aлаяқтар несие рәсімдеген. Істі ҰҚК жүргізуде, оператоp +7 789 834 27 52",scam,fake_police,kk,synthetic_template_kz
Обновление базы ЕНПФ. Вам начислена выплата 45 000 тг. Получить: beeline-bonus.icu,scam,phishing,ru,synthetic_template_kz
Сіз 1000-шы келуші болдыңыз! iPhone 13 тегін алыңыз: kaspi-gold.site,scam,fake_prize,kk,synthetic_template_kz
Kaspi  Магазин:  ваш товар продан. Для получения 77 000 тг перейдите kaspi-bonus.top,scam,kaspi_scam,ru,synthetic_template_kz
AliExpress: сәлемдемеңіз кеденде тұр. 2468 тг баж салығын төлеңіз: halyk-verify.xyz,scam,phishing,kk,synthetic_template_kz
"Крипто-сигналы с точностью 83%. Первый месяц бесплатно, канал по ссылке в профиле",suspicious,,ru,synthetic_template_kz
Ваш закaз №805507 прибыл в пункт выдачи Boxberry. Забрать в течение 5 дней,safe,,ru,synthetic_template_kz
Служба безопасности Bereke Bank: подозрительный перевод на 74 000 тг. Свяжитесь с оператором +7 774 217 15 14 немедленно,scam,fake_bank,ru,synthetic_template_kz
"Eurasian Bank: одобрен кредит на 71 100 тг. Если вы не подавали заявку, отмените здесь beeline-bonus.icu",scam,fake_bank,ru,synthetic_template_kz
Ваш ИИН использован в незаконной операции. Следователь свяжется с вами: +7 752 196 10 97. Не сообщайте третьим лицам,scam,fake_police,ru,synthetic_template_kz
Сіздің қатысуыңыз қажет: жедел акция!,scam,fake_prize,kk,github_Yerassyl04_Spam-kazakh
Анықтамасыз және кепілсіз 27 000 тг дейін қарыз мақұлданды. 5 минутта рәсімдеу: egov.kz,suspicious,,kk,synthetic_template_kz
"Санжар, сізге 21 600 тг жеке несие лимиті қолжетімді. Толығырақ қосымшада",suspicious,,kk,synthetic_template_kz
Kaspi: перевод 78 000 тг от Данияр ожидает подтверждения. Подтвердить: kaspi-bonus . top,scam,kaspi_scam,ru,synthetic_template_kz
Тек бүгін: тауарларды сатып алғаныңыз үшін сыйлық!,suspicious,,kk,github_Yerassyl04_Spam-kazakh
Бесплатная  диагностика  организма в нашей клинике. Запись на сегодня +7 703 601 78 91,suspicious,,ru,synthetic_template_kz
"Тимур,  сізге  47 700 тг жеке несие лимиті қолжетімді. Толығырақ қосымшада",suspicious,,kk,synthetic_template_kz
Комитет  госдоходов.  Наложен арест на счета. Снять ограничение до 23:59: egov-kz.online,scam,fake_police,ru,synthetic_template_kz
"Данияр, сізге 18 100 тг төлем мақұлданды. Деректерді осында енгізіңіз wb-kz-prize.shop",scam,fake_prize,kk,synthetic_template_kz
Ваш код подтверждения для входа: 535619,safe,,ru,synthetic_template_kz
Көңіл-күйіңіз қалай?,safe,,kk,github_Yerassyl04_Spam-kazakh
ЖҚЕ бұзғаны үшін 10 000 тг айыппұл. 50% жеңілдікпен төлеу: wb-kz-prize.shop,scam,fake_police,kk,synthetic_template_kz
"Сотрудник банка свяжется с вами по номеру +7 742 848 23 36. Не сообщайте код никому, кроме специалиста",scam,fake_bank,ru,synthetic_template_kz
"Сәлеметсіз бе, Kaspi-дегі хабарландыру бойыHша жазып тұрмын. Төледім, сілтеmе арқылы растаңыз forte-cabinet.pro",scam,kaspi_scam,kk,synthetic_template_kz
Повестка в суд по делу №94580. Материалы дела: halykbank.kz.verify.top,scam,fake_police,ru,synthetic_template_kz
"Такси келді. Hyundai Accent, мемлекеттік нөмір 342 ZXF 03",safe,,kk,synthetic_template_kz
eGov: анықтамаңыз дайын. Мобильді қосымшадан жүктеңіз,safe,,kk,synthetic_template_kz
№270471 тапсырысыңыз Boxberry пунктіне жетті. 5 күн ішінде алыңыз,safe,,kk,synthetic_template_kz
"45 000 тг бастап инBестиция, айына 19% табыс. Кеңес +7 772 831 26 29",suspicious,,kk,synthetic_template_kz
Сау бол қош бол аман бол,safe,,kk,github_Yerassyl04_Spam-kazakh
Сағат 17 00 де кездесу болатынын ұмытпаңыз!,safe,,kk,github_Yerassyl04_Spam-kazakh
Kaspi Postomat: жеткізy мекеHжайы қате. Дереkтерді нақтылаңыз kaspi.kz.secure-login.cc,scam,phishing,kk,synthetic_template_kz
Спаcибо зa покупку! Чек доступен на kaspi.kz,safe,,ru,synthetic_template_kz
"Занятие по программированию переносится на 17:00, аудитория 245",safe,,ru,synthetic_template_kz
Ваш ИИН использован в незаконной операции. Следователь свяжется с вами: +7 710 382 16 47. Не сообщайте третьим лицам,scam,fake_police,ru,synthetic_template_kz
Kaspi: код 525142. Никому не сообщайте.,safe,,ru,synthetic_template_kz
Kaspi Магазин: ваш товар продан. Для получения 59 900 тг перейдите kz-vyigrysh . net,scam,kaspi_scam,ru,synthetic_template_kz
"Келіңіздер, тегін вебинарға қатысыңыз!",suspicious,,kk,github_Yerassyl04_Spam-kazakh
Eurasian Bank қауіпcіздік қызметі: 4 000 000 тг күдікті аударым. +7 775 743 56 72 нөміріне жедел хабарласыңыз,scam,fake_bank,kk,synthetic_template_kz
"Такси келді. Chevrolet Cobalt, мемлекеттік нөмір 914 BCP 07",safe,,kk,synthetic_template_kz
"Инвестиции от 90 000 тг, доход 25% в месяц. Консультация +7 745 303 26 54",suspicious,,ru,synthetic_template_kz
"Bereke Bank: жеке кабинетіңізгe жаңа құрылғыдан кіру әрекеті тіркелді. Егер бұл сіз болмасаңыз, растаңыз: beeline-bonus.icu",scam,fake_bank,kk,synthetic_template_kz
Ваш код подтверждения для входа: 49613,safe,,ru,synthetic_template_kz
Миллион ұтып алу мүміндігінен құр қалма,suspicious,,kk,github_Yerassyl04_Spam-kazakh
Kaspi Postomat: неверный адрес доставки. Уточните данные bonus-kz.click иначе заказ вернется отправителю,scam,phishing,ru,synthetic_template_kz
"қаңтар айына коммуналдық төлем қабылданды, сома 53 000 тг",safe,,kk,synthetic_template_kz
"Қызметкерлер қажет, кесте еркін, күнделікті төлем 13 000 тг. Telegram +7 703 195 84 63",suspicious,,kk,synthetic_template_kz
ЖСН нөміріңіз заңсыз оперaцияда қолданылған. Тeргеyші хабарласады: +7 790 238 48 86. Үшінші тұлғаларға айтпаңыз,scam,fake_police,kk,synthetic_template_kz
"Требуются сотрудники, график свободный, оплата ежедневно 12 000 тг. Telegram по номеру +7 724 828 41 72",suspicious,,ru,synthetic_template_kz
Ваш счет будет закрыт до конца дня из-за неподтвержденных данных. Обновите анкету: kaspi-bonus.top,scam,fake_bank,ru,synthetic_template_kz
Яндекс Доставка: неверный адрес доставки. Уточните данные kz-vyigrysh.net иначе заказ вернется отправителю,scam,phishing,ru,synthetic_template_kz
№72405 іс бойынша сотқа шақыру. Іс материалдары: kaspi.kz.secure-login.cc,scam,fake_police,kk,synthetic_template_kz
Одобрен займ до 15 000 тг без справок и залога. Оформить за 5 минут: jusan.kz,suspicious,,ru,synthetic_template_kz
Құттықтаймыз! Сіз Freedom Bank ұтыс ойынында 5 000 000 тг ұттыңыз. Жүлдені алу: halyk-verify.xyz,scam,fake_prize,kk,synthetic_template_kz
"Требуются сотрудники, график свободный, оплата ежедневно 27 000 тг. Telegram по номеру +7 763 483 93 98",suspicious,,ru,synthetic_template_kz
"Такси келді. Toyota Camry, мемлекеттік нөмір 301 BZX 07",safe,,kk,synthetic_template_kz
Kaspi: Данияр жіберген 2 000 000 тг аударым растауды күтуде. Растау: halyk-verify.xyz,scam,kaspi_scam,kk,synthetic_template_kz
Бесплатная диагностика организма в нашей клинике. Запись на сегодня +7 736 439 71 17,suspicious,,ru,synthetic_template_kz
Служба безопасности Kaspi Bank: подозрительный перевод на 50 000 тг. Свяжитесь с оператором +7 725 795 98 87 немедленно,scam,fake_bank,ru,synthetic_template_kz
Картаға өтінішіңіз қаралды. Белсендіру үшін +7 711 386 28 67 нөміріне қоңырау шалыңыз,suspicious,,kk,synthetic_template_kz
Вам поступил Kaspi Bonus 19% на 59 400 тг. Активация gov-kz.support,scam,kaspi_scam,ru,synthetic_template_kz
Kaspi Red: рассрочка на 27 000 тг оформлена. Отменить enpf-vyplata.ru,scam,kaspi_scam,ru,synthetic_template_kz
Ваш номер выбран победителем акции Beeline! Приз 8 000 тг. Подтвердите: enpf-vyplata.ru,scam,fake_prize,ru,synthetic_template_kz
"Ана, мен кешігемін, шамамен 18-де боламын",safe,,kk,synthetic_template_kz
Ваш заказ №661361 прибыл в пункт выдачи Kaspi Postomat. Забрать в течение 5 дней,safe,,ru,synthetic_template_kz
Уведомление о штрафе 20 000 тг за нарушение ПДД. Оплата со скидкой 50%: kaspi-bonus.top,scam,fake_police,ru,synthetic_template_kz
"izi: 13 ГБ және 471 минут қалды, 26.5 дейін",safe,,kk,synthetic_template_kz
Сіз 1000-шы kелуші болдыңыз! iPhone 17 tегін aлыңыз: bonus-kz.click,scam,fake_prize,kk,synthetic_template_kz
Activ: аптасына 413 тг жазылым қосылды. Өшіру *541#,suspicious,,kk,synthetic_template_kz
Заработок из дома от 54 500 тг в неделю. Пишите в WhatsApp +7 794 226 33 51,suspicious,,ru,synthetic_template_kz
Деректеріңіз расталмағандықтан шотыңыз 24 сағат ішінде жабылады. Сауалнаманы жаңартыңыз: halykbank.kz.verify.top,scam,fake_bank,kk,synthetic_template_kz
"Инвестиции от 10 000 тг, доход 16% в месяц. Консультация +7 713 246 61 78",suspicious,,ru,synthetic_template_kz
Kaspi Postomat: неверный адрес доставки. Уточните данные enpf-vyplata.ru иначе заказ вернется отправителю,scam,phishing,ru,synthetic_template_kz
Розыгрыш к 30-летию! Вам начислен бонус 86 000 тг. Для вывода оплатите комиссию 4834 тг,scam,fake_prize,ru,synthetic_template_kz
"Возврат страховки по кредиту. Проверьте, положена ли вам компенсация: +7 757 466 53 68",suspicious,,ru,synthetic_template_kz
Только сегодня! Скидка 63% на все товары в AliExpress. Успей до полуночи,suspicious,,ru,synthetic_template_kz
Вы получили сертификат Ozon на 27 100 тг. Активировать до конца дня: bonus-kz.click,scam,fake_prize,ru,synthetic_template_kz
Kaspi: код 34750. Ниkому не сообщайте.,safe,,ru,synthetic_template_kz
Сіз Ozon сертификатын 64 000 тг алдыңыз. 24 сағат ішінде белсендіріңіз: jusan-secure.info,scam,fake_prize,kk,synthetic_template_kz
Сізге Ұлттық Банк тарапынан қорғалған хабарлама келді. Оқу: egov-kz.online,scam,phishing,kk,synthetic_template_kz
Пoздравляем! Вы выиграли 59 000 тг в розыгрыше Bank RBK. Забрать приз: enpf-vyplata.ru,scam,fake_prize,ru,synthetic_template_kz
"Нұрлн, сізге 72 000 тг жеке несие лимиті қолжетімді. Толығырақ қосымшада",suspicious,,kk,synthetic_template_kz
"Арман, вам доступен персональный кредитный лимит 23 000 тг. Подробнее в приложении",suspicious,,ru,synthetic_template_kz
ALTEL: SIM КАРТАҢЫЗДЫҢ МЕРЗІМІ БІТУДЕ. ТІРКЕУДІ ҰЗАРТЫҢЫЗ GOV-KZ.SUPPORT,scam,phishing,kk,synthetic_template_kz
ҰҚК. Шоттаpыңызға тыйым салынды. Шeктеуді 30 минут ішінде алу: egov-kz.online,scam,fake_police,kk,synthetic_template_kz
Kaspi: Нұрлан жіберген 27 000 тг аударым растауды күтуде. Растау: forte-cabinet.pro,scam,kaspi_scam,kk,synthetic_template_kz
Kaspi Bank. Списание 12 500 тг одобрено. Отменить операцию: enpf-vyplata.ru,scam,fake_bank,ru,synthetic_template_kz
Нөміріңіз Altel акциясының жеңімпазы атанды! Жүлде 18 000 тг. Растаңыз: kaspi-gold.site,scam,fake_prize,kk,synthetic_template_kz
Арнайы ұсыныс: тек бүгін!,suspicious,,kk,github_Yerassyl04_Spam-kazakh
"Сәлеметсіз бе, Kaspi-дегі хабарландыpу бойынша жазып тұpмын. Төледім, сілтеме арқылы растаңыз kaspi.kz.secure-login.cc",scam,kaspi_scam,kk,synthetic_template_kz
"ForteBank: покупка 38 900 тг, карта *7151. Доступно 2 000 000 тг.",safe,,ru,synthetic_template_kz
"Мама, я задержусь, буду примерно к 20 часам",safe,,ru,synthetic_template_kz
"наурыз айына коммуналдық төлем қабылданды, сома 57 500 тг",safe,,kk,synthetic_template_kz
Tele2: подключена подписка за 867 тг/нед. Отключить *856#,suspicious,,ru,synthetic_template_kz
eGov аккаунтыңыз 30 минут ішінде жойылады. ЖСН растаңыз: kaspi-gold.site,scam,phishing,kk,synthetic_template_kz
Бос орындар шектеулі! Ұтысқа кеңеліңіз!,scam,fake_prize,kk,github_Yerassyl04_Spam-kazakh
"Крипто-сигналы с точностью 82%. Первый месяц бесплатно, канал по ссылке в профиле",suspicious,,ru,synthetic_template_kz
"Асель, вам доступен персональный кредитный лимит 31 000 тг. Подробнее в приложении",suspicious,,ru,synthetic_template_kz
Арнайы ұсыныс: бүгін ғана!,suspicious,,kk,github_Yerassyl04_Spam-kazakh
"Tele2: тариф продлен, списано 2319 тг. Следующее списание 13.1",safe,,ru,synthetic_template_kz
Только сегодня! Скидка 44% на все товары в Wildberries. Успей до полуночи,suspicious,,ru,synthetic_template_kz
"Сәлеметсіз бе, Арман! Ертең сағат 15:00-де дәрігерге жазылғаныңызды еске саламыз",safe,,kk,synthetic_template_kz
Достарыңызбен өткізген демалысыңыз туралы хабарлаңыз.,safe,,kk,github_Yerassyl04_Spam-kazakh
Розыгрыш к 30-летию! Вам начислен бонус 89 300 тг. Для вывода оплатите комиссию 4550 тг,scam,fake_prize,ru,synthetic_template_kz
Вы получили сертификат Kaspi Магазин на 24 000 тг. Активировать срочно: egov-kz.online,scam,fake_prize,ru,synthetic_template_kz
"Kaspi  Gold:  код 48334. Никому не сообщайте. Если это не вы, звоните +7 713 846 57 91",scam,kaspi_scam,ru,synthetic_template_kz
eGov: ваша справка готова. Скачать в мобильном пиложении или на tele2.kz,safe,,ru,synthetic_template_kz
Kaspi:  код  870796. Никому не сообщайте.,safe,,ru,synthetic_template_kz
Вы получили сертификат Ozon на 1 000 000 тг. Активировать в течение 30 минут: halyk-verify.xyz,scam,fake_prize,ru,synthetic_template_kz
"Санжар, сізге 86 800 тг төлем мақұлданды. Деректерді осында енгізіңіз kaspi-bonus.top",scam,fake_prize,kk,synthetic_template_kz
Повестка в суд по делу №88884. Материалы дела: wb-kz-prize . shop,scam,fake_police,ru,synthetic_template_kz
Kaspi: перевод 33 100 тг от Нурлан ожидает подтверждения. Подтвердить: beeline-bonus.icu,scam,kaspi_scam,ru,synthetic_template_kz
"Арман, сізге 3 000 000 тг жеке несие лимиті қолжетімді. Толығырақ қосымшада",suspicious,,kk,synthetic_template_kz
Мерейтойлық ұтыс! Сізге 94 600 тг бонус есептелді. Шығару үшін 5360 тг комиссия төлеңіз,scam,fake_prize,kk,synthetic_template_kz
"Altel: 1 ГБ және 734 минут қалды, 14.5 дейін",safe,,kk,synthetic_template_kz
Напоминание: срoк оплаты за обучение до 7.8. Суmма 30 100 тг,safe,,ru,synthetic_template_kz
"Сізге алаяқтар несие рәсімдеген. Істі ІІМ жүргізуде, оператор +7 715 676 12 56",scam,fake_police,kk,synthetic_template_kz
Анықтамасыз  және  кепілсіз 9 000 000 тг дейін қарыз мақұлданды. 5 минутта рәсімдеу: egov.kz,suspicious,,kk,synthetic_template_kz
"Мама, я задержусь, буду примерно к 19 часам",safe,,ru,synthetic_template_kz
"Қызметкерлер қажет, кесте еркін, күнделікті төлем 20 000 тг. Telegram +7 761 143 23 46",suspicious,,kk,synthetic_template_kz
№67657 іс бойынша сотқа шақыру. Іс материалдары: halykbank.kz.verify.top,scam,fake_police,kk,synthetic_template_kz
"Оплата ЖКХ за январь пpинята, сумма 88 000 тг",safe,,ru,synthetic_template_kz
Activ: подключена подписка за 606 тг/нед. Отключить *962#,suspicious,,ru,synthetic_template_kz
Вы получили сертификат Ozon на 2 000 000 тг. Активировать сегодня до 18:00: kaspi-bonus.top,scam,fake_prize,ru,synthetic_template_kz
Пополнение 67 000 тг на карту *9795. Баланс 50 000 тг,safe,,ru,synthetic_template_kz
Tele2: oстаток 14 ГБ и 305 минут до 28.1,safe,,ru,synthetic_template_kz
Уважаемый клиент! Карта *9441 заблокирована по подозрению в мошенничестве. Для разблокировки перейдите forte-cabinet.pro до 23:59,scam,fake_bank,ru,synthetic_template_kz
Ваш аккаунт eGov будет удален срочно. Подтвердите ИИН: beeline-bonus.icu,scam,phishing,ru,synthetic_template_kz
Сатып алғаныңыз үшін рахмет! Түбіртек egov.kz сайтында,safe,,kk,synthetic_template_kz
"УРА! Санжар, вам одобрена выплата 5 000 000 тг. Реквизиты укажите тут halykbank.kz.verify.top",scam,fake_prize,ru,synthetic_template_kz
"Үйден жұмыс, аптасына 7 000 000 тг табыс. WhatsApp +7 780 532 84 83 жазыңыз",suspicious,,kk,synthetic_template_kz
"Ана, мен кешігемін, шамамен 22-де боламын",safe,,kk,synthetic_template_kz
НАПОМИНАНИЕ: СРОК ОПЛАТЫ ЗА ОБУЧЕНИЕ ДО 25.12. СУММА 41 000 ТГ,safe,,ru,synthetic_template_kz
"сәуір айына коммуналдық төлем қабылданды, сома 8 000 000 тг",safe,,kk,synthetic_template_kz
Курсы трейдинга. Первое занятие бесплатно. Запись +7 755 241 85 59,suspicious,,ru,synthetic_template_kz
"Несие  бойынша  сақтандыруды қайтару. Өтемақы тиесілі ме, тексеріңіз: +7 786 632 47 26",suspicious,,kk,synthetic_template_kz
Сізге 32 000 тг сомасына Kaspi Bonus 25% түсті. Белсендіру forte-cabinet.pro,scam,kaspi_scam,kk,synthetic_template_kz
"SE-2425 тобының жиналысы 17:00-де, 1 корпус",safe,,kk,synthetic_template_kz
Ваш аккаунт eGov будет удален до конца дня. Подтвердите ИИН: wb-kz-prize.shop,scam,phishing,ru,synthetic_template_kz
"Altel: 12 ГБ және 314 минут қалды, 15.4 дейін",safe,,kk,synthetic_template_kz
Повестка в суд по делу №32606. Маtериалы дела: kaspi-gold.site,scam,fake_police,ru,synthetic_template_kz
Ваша заявка на карту рассмотрена. Перезвоните +7 795 249 71 43 для активации,suspicious,,ru,synthetic_template_kz
"Kaspi Gold: код 994179. Никому не сообщайте. Если это не вы, звоните +7 766 310 91 14",scam,kaspi_scam,ru,synthetic_template_kz
"қаңтар айына коммуналдық төлем қабылданды, сома 13 900 тг",safe,,kk,synthetic_template_kz
"Сәлеметсіз бе, Ерлан! Ертең сағат 18:00-де дәрігерге жазылғаныңызды еске саламыз",safe,,kk,synthetic_template_kz
"Такси келді. Toyota Camry, мемлекеттік нөмір 920 BMM 06",safe,,kk,synthetic_template_kz
Wildberries: сәлемдемеңіз кеденде тұр. 536 тг баж салығын төлеңіз: gov-kz.support,scam,phishing,kk,synthetic_template_kz
"Үйден жұмыс, аптасына 1 000 000 тг табыс. WhatsApp +7 773 849 51 42 жазыңыз",suspicious,,kk,synthetic_template_kz
"ммыр айына коммуналдық төлем қабылданды, сома 50 700 тг",safe,,kk,synthetic_template_kz
"Altel: 28 ГБ және 759 минут қалды, 7.1 дейін",safe,,kk,synthetic_template_kz
Вы получили сертификат Wildberries на 8 000 000 тг. Активировать до конца дня: gov-kz.support,scam,fake_prize,ru,synthetic_template_kz
"Altel: тариф ұзартылды, 6264 тг есептен шығарылды",safe,,kk,synthetic_template_kz
Kaspi: Әйгерім жіберген 49 000 тг аударым растауды күтуде. Растау: kaspi.kz.secure-login.cc,scam,kaspi_scam,kk,synthetic_template_kz
Курсы трейдиHга. Первое занятие бесплатно. Запись +7 786 619 26 44,suspicious,,ru,synthetic_template_kz
"Инвестиции от 26 000 тг, доход 44% в месяц. Консультация +7 714 930 42 48",suspicious,,ru,synthetic_template_kz
"Крипто-сигналы с точностью 95%. Первый месяц бесплатно, канал по ссылке в профиле",suspicious,,ru,synthetic_template_kz
"Мәдина, сізге 56 700 тг жеке несие лимиті қолжетіді. Толығырақ қосымшада",suspicious,,kk,synthetic_template_kz
"Сізге aлаяқтар нeсие рәсімдеген. Істі Ұлттық Банк жүргізуде, оператор +7 717 300 58 87",scam,fake_police,kk,synthetic_template_kz
Вам пришло защищенное сообщение от eGov. Прочитать: jusan-secure.info,scam,phishing,ru,synthetic_template_kz
Құрметті клиент! *2304 картаңыз күдікті операцияға байланысты бұғатталды. Бұғаттан шығару: enpf-vyplata.ru,scam,fake_bank,kk,synthetic_template_kz
"На вас оформлен кредит мошенниками. Дело ведет Комитет госдоходов, оператор +7 744 766 33 96",scam,fake_police,ru,synthetic_template_kz
"Занятие по физике переносится на 11:00, аудитория 411",safe,,ru,synthetic_template_kz
Ваша заявка на карту рассмотрена. Перезвоните +7 761 830 22 54 для активации,suspicious,,ru,synthetic_template_kz
Құттықтаймыз! Сіз Freedom Bank ұтыс ойынында 61 300 тг ұттыңыз. Жүлдені алу: beeline-bonus.icu,scam,fake_prize,kk,synthetic_template_kz
eGo: анықтамаңыз дайын. Мобильді қосымшадан жүктеңіз,safe,,kk,synthetic_template_kz
"Bank RBK: покупка 2 000 000 тг, карта *2761. Доступно 14 600 тг",safe,,ru,synthetic_template_kz
Только сегодня! Скидка 62% на все товары в Ozon. Успей до полуночи,suspicious,,ru,synthetic_template_kz
Анықтамасыз және кепілсіз 2 000 000 тг дейін қарыз мақұлданды. 5 минутта рәсімдеу: jusan.kz,suspicious,,kk,synthetic_template_kz
Ваш заказ №144375 прибыл в пункт выдачи Boxberry. Забрать в течение 5 дней,safe,,ru,synthetic_template_kz
"Занятие по алгебре переносится на 19:00, аудитория 359",safe,,ru,synthetic_template_kz
"Бағдарламалау сабағы 18:00-ге ауыстыылды, 179 аудитория",safe,,kk,synthetic_template_kz
Напоминание: срок оплаты за обучение до 26.7. Сумма 4 000 000 тг,safe,,ru,synthetic_template_kz
Тек қазір: 100%-ға дейін жеңілдіктер!,suspicious,,kk,github_Yerassyl04_Spam-kazakh
"Занятие по физике переносится на 12:00, аудитория 479",safe,,ru,synthetic_template_kz
"Kaspi Gold: код 932229. Никому не сообщайте. Если это не вы, звоните +7 765 377 26 97",scam,kaspi_scam,ru,synthetic_template_kz
"Сізге алаяқтар несие рәсімдеген. Істі ҰҚК жүргізуде, оператор +7 747 815 50 93",scam,fake_police,kk,synthetic_template_kz
"Үйден жұмыс, аптасына 2 000 000 тг табыс. WhatsApp +7 787 549 38 47 жазыңыз",suspicious,,kk,synthetic_template_kz
"Требуются сотрудники, график свободный, оплата ежедневно 12 000 тг. Telegram по номеру +7 786 128 84 95",suspicious,,ru,synthetic_template_kz
Сатып алғаныңыз үшін pахмет! Түбіртек forte.kz сайтында,safe,,kk,synthetic_template_kz
№449044 тапсырысыңыз Boxberry пунктіне жетті. 5 күн ішінде алыңыз,safe,,kk,synthetic_template_kz
"izi: тариф ұзартылды, 3403 тг есептен шығарылды",safe,,kk,synthetic_template_kz
Назар аударыңыз! *4105 kартаңыз қауіпtе. Қаражатты резервтік шотқа аудaрыңыз: jusan-secure.info,scam,fake_bank,kk,synthetic_template_kz
Ваш ИИН использован в незаконной операции. Следователь свяжется с вами: +7 760 355 52 85. Не сообщайте третьим лицам,scam,fake_police,ru,synthetic_template_kz
Курсы трейдинга. Первое занятие бесплатно. Запись +7 771 171 28 84,suspicious,,ru,synthetic_template_kz
Трейдинг курстары. Бірінші сабақ тегін. Тіркелу +7 745 773 65 79,suspicious,,kk,synthetic_template_kz
Уведомление о штрафе 30 500 тг за нарушение ПДД. Оплата со скидкой 50%: kaspi-bonus.top,scam,fake_police,ru,synthetic_template_kz
№958023 тапсырысыңыз Яндекс Доставка пунктіне жетті. 5 күн ішінде алыңыз,safe,,kk,synthetic_template_kz
Tele2: аптасына 597 тг жазылым қосылды. Өшіру *267#,suspicious,,kk,synthetic_template_kz
Поздравляем! Вы выиграли 19 000 тг в розыгрыше Bereke Bank. Забрать приз: gov-kz.support,scam,fake_prize,ru,synthetic_template_kz
"Әсел, сізге 2 000 000 тг төлем мақұлданды. Деректерді осында енгізіңіз kaspi-gold.site",scam,fake_prize,kk,synthetic_template_kz
"Otbasy Bank: покупка 7 000 000 тг, карта *6595. Доступно 2 000 000 тг",safe,,ru,synthetic_template_kz
Вам поступил Kaspi Bnus 4% на 8 000 000 тг. Активация forte-cabinet.pro,scam,kaspi_scam,ru,synthetic_template_kz
Bereke Bank қауіпсіздік қызметі: 24 000 тг күдікті аударым. +7 779 857 25 79 нөміріне жедел хабарласыңыз,scam,fake_bank,kk,synthetic_template_kz
Салық берешегі 62 300 тг. Онлайн өтеу: halyk-verify.xyz,scam,phishing,kk,synthetic_template_kz
"Встреча группы SE-2422 в 10:00, корпус 1",safe,,ru,synthetic_template_kz
"Activ: тариф продлн, списано 8187 тг. Следующее списание 16.9",safe,,ru,synthetic_template_kz
Kaspi: код 281426. Никому не сообщайте.,safe,,ru,synthetic_template_kz
"Halyk Bank: зафиксирована попытка входа в ваш кабинет с нового устройства. Если это не вы, подтвердите личность: kaspi.kz.secure-login.cc",scam,fake_bank,ru,synthetic_template_kz
Налоговая задолженность 33 800 тг. Погасить онлайн: jusan-secure.info,scam,phishing,ru,synthetic_template_kz
Kaspi: код 556500. Ешкімге айтпаңыз.,safe,,kk,synthetic_template_kz
Тек бүгін: 5000 теңгеге дейін жеңілдіктер!,suspicious,,kk,github_Yerassyl04_Spam-kazakh
Назар аударыңыз! *1855 картаңыз қауіпте. Қаражатты резервтік шотқа аударыңыз: wb-kz-prize.shop,scam,fake_bank,kk,synthetic_template_kz
Трейдинг курстары. БіpіHші сабақ тегін. Тіpкелу +7 772 869 35 94,suspicious,,kk,synthetic_template_kz
Комитет госдоходов. Наложен арест на счета. Снять ограничение срочно: halyk-verify.xyz,scam,fake_police,ru,synthetic_template_kz
"Несие бойынша сақтандыруды қайтару. Өтемақы тиесілі ме, тексеріңіз: +7 795 408 49 59",suspicious,,kk,synthetic_template_kz
Напоминание: срок оплаты за обучение до 21.2. Сумма 80 000 тг,safe,,ru,synthetic_template_kz
Otbasy  Bank  қауіпсіздік қызметі: 30 300 тг күдікті аударым. +7 796 648 89 98 нөміріне жедел хабарласыңыз,scam,fake_bank,kk,synthetic_template_kz
"SE-2428 тобының жиналысы 14:00-де, 1 корпус",safe,,kk,synthetic_template_kz
"Ары қарай оқысаңыз, 2000 теңге жеңілдік беріледі!",suspicious,,kk,github_Yerassyl04_Spam-kazakh
"Такси келді. Kia Rio, мемлекеттік нөмір 281 KKY 05",safe,,kk,synthetic_template_kz
Обнoвление базы ЕНПФ. Вам начислена выплаtа 61 000 тг. Получить: halyk-verify.xyz,scam,phishing,ru,synthetic_template_kz
"Такси келді. Toyota Camry, мемлекеттік нөмір 226 CXE 07",safe,,kk,synthetic_template_kz
"Бағдарламалау сабағы 10:00-ге ауыстырылды, 128 аудитория",safe,,kk,synthetic_template_kz
"Возврат страховки по кредиту. Проверьте, положена ли вам компенсация: +7 731 259 26 81",suspicious,,ru,synthetic_template_kz
Вам поступил Kaspi Bonus 19% на 56 400 тг. Активация egov-kz.online,scam,kaspi_scam,ru,synthetic_template_kz
Құрметті клиент! *5830 картаңыз күдікті операцияға байланысты бұғатталды. Бұғаттан шығару: halykbank . kz . verify . top,scam,fake_bank,kk,synthetic_template_kz
*1855 картаға 26 000 тг толықтырылды. Баланс 83 300 тг,safe,,kk,synthetic_template_kz
"Қызметкерлер қажет, кесте еркін, күнделікті төлем 34 000 тг. Telegram +7 745 108 93 88",suspicious,,kk,synthetic_template_kz
Бесплатная диагностика организма в нашей клинике. Запись на сегодня +7 725 356 69 62,suspicious,,ru,synthetic_template_kz
"Сәлеметсіз бе, Kaspi-дегі хабарландыру бойынша жазып тұрмын. Төледім, сілтеме арқылы растаңыз gov-kz.support",scam,kaspi_scam,kk,synthetic_template_kz
Техника мен электроника жаңалықтары.,safe,,kk,github_Yerassyl04_Spam-kazakh
"Bank RBK: жеке кабинетіңізге жаңа құрылғыдан кіру әрекеті тіркелді. Егер бұл сіз болмасаңыз, растаңыз: halyk-verify.xyz",scam,fake_bank,kk,synthetic_template_kz
"ақпан айына коммуналдық төлем қабылданды, сома 51 000 тг",safe,,kk,synthetic_template_kz
Налоговая задолженность 19 000 тг. Погасить онлайн: kaspi-gold.site,scam,phishing,ru,synthetic_template_kz
"Здравствуйте, Айгерим! Напоминаем о записи к врачу завтра в 16:00",safe,,ru,synthetic_template_kz
Трейдинг курстары. Бірінші сабақ тегін. Тіркелу +7 737 734 94 17,suspicious,,kk,synthetic_template_kz
Ваш счет будет закрыт до конца дня из-за неподтвержденных данных. Обновите анкету: beeline-bonus.icu,scam,fake_bank,ru,synthetic_template_kz
"Кешікпей кел, мен саған сенемін",safe,,kk,github_Yerassyl04_Spam-kazakh
"На вас оформлен кредит мошенниками. Дело ведет КНБ РК, оператор +7 709 721 63 75",scam,fake_police,ru,synthetic_template_kz
"Eurasian Bank: покупка 93 700 тг, карта *4726. Доступно 37 000 тг",safe,,ru,synthetic_template_kz
Бесплатная диагностика организма в нашей клинике. Запись на сегодня +7 701 822 22 99,suspicious,,ru,synthetic_template_kz
"Қызметкерлер қажет, кесте еркін, күнделікті төлем 28 000 тг. Telegram +7 773 305 43 20",suspicious,,kk,synthetic_template_kz
Әр түрлі спорт түрлерінде сайыстар өтеді.,safe,,kk,github_Yerassyl04_Spam-kazakh
Kaspi: код 442915. Никoмy нe сообщайте.,safe,,ru,synthetic_template_kz
"Внимание! Ваша карта *3933 скомпрометирована. Переведите средства на резервный счет, инструкция: kaspi-bonus.top",scam,fake_bank,ru,synthetic_template_kz
"Halyk Bank: одобрен кредит на 6 000 000 тг. Если вы не подавали заявку, отмените здесь kaspi.kz.secure-login.cc",scam,fake_bank,ru,synthetic_template_kz
"Ағылшын тілі сабағы 11:00-ге ауыстырылды, 115 аудитория",safe,,kk,synthetic_template_kz
Сізге 31 700 тг сомасына Kaspi Bonus 4% түсті. Белсендіру halyk-verify.xyz,scam,kaspi_scam,kk,synthetic_template_kz
Сізді ерекше ұсыныс күтеді!,suspicious,,kk,github_Yerassyl04_Spam-kazakh
"Крипто-сигналы с точностью 94%. Первый месяц бесплатно, канал по ссылке в профиле",suspicious,,ru,synthetic_template_kz
Жаңа жобалардың таныстырылымы.,safe,,kk,github_Yerassyl04_Spam-kazakh
"Қызметкерлер қажет, кесте еркін, күнделікті төлем 23 000 тг. Telegram +7 733 924 28 75",suspicious,,kk,synthetic_template_kz
"Сапалы жұмыс жазыпсыз, қателерді түзетіңіз",safe,,kk,github_Yerassyl04_Spam-kazakh
Activ: SIM картаңыздың мерзімі бітуде. Тіркеуді ұзартыңыз jusan-secure.info,scam,phishing,kk,synthetic_template_kz
Курсы трейдинга. Первое занятие бесплатно. Запись +7 790 961 62 97,suspicious,,ru,synthetic_template_kz
"Возврат страховки по кредиту. Проверьте, положена ли вам компенсация: +7 760 890 41 96",suspicious,,ru,synthetic_template_kz
ЖҚЕ бұзғаны үшін 69 400 тг айыппұл. 50% жеңілдікпен төлеу: wb-kz-prize.shop,scam,fake_police,kk,synthetic_template_kz
Вам поступил Kaspi Bonus 25% на 93 000 тг. Активация kaspi.kz.secure-login.cc,scam,kaspi_scam,ru,synthetic_template_kz
Вы 1000-й посетитель! Заберите iPhone 16 бесплатно: bonus-kz.click,scam,fake_prize,ru,synthetic_template_kz
Кіру үшін растау кодыңыз: 222242,safe,,kk,synthetic_template_kz
Ұлттық Банк. Шоттарыңызға тыйым салынды. Шектеуді күн соңына дейін алу: bonus-kz.click,scam,fake_police,kk,synthetic_template_kz
Миллиардер өз байлығын таратып жатыр,suspicious,,kk,github_Yerassyl04_Spam-kazakh
Кіру үшін растау кодыңыз: 297197,safe,,kk,synthetic_template_kz
Нөміріңіз Tele2 акциясының жеңімпазы атанды! Жүлде 50 000 тг. Растаңыз: egov-kz.online,scam,fake_prize,kk,synthetic_template_kz
ЖҚЕ бұзғаны үшін 25 700 тг айыппұл. 50% жеңілдікпен төлеу: jusan-secure.info,scam,fake_police,kk,synthetic_template_kz
Анықтамасыз және кепілсіз 2 000 000 тг дейін қарыз мақұлданды. 5 минутта рәсімдеу: beeline.kz.,suspicious,,kk,synthetic_template_kz
"Halyk Bank: 56 000 тг несие мақұлданды. Өтініш бермеген болсаңыз, бас тартыңыз wb-kz-prize.shop",scam,fake_bank,kk,synthetic_template_kz
Пополнение 6 000 000 тг на карту *1270. Баланс 51 000 тг,safe,,ru,synthetic_template_kz
"Такси прибыло. Chevrolet Cobalt, гос. номер 140 EFM 04",safe,,ru,synthetic_template_kz
"Бағдарламалау сабағы 17:00-ге ауыстырылды, 238 аудитория",safe,,kk,synthetic_template_kz
"Оплата ЖКХ за февраль принята, сумма 2 000 000 тг",safe,,ru,synthetic_template_kz
Activ: остаток 8 ГБ и 143 минут до 15.5,safe,,ru,synthetic_template_kz
Розыгрыш к 30-летию! Вам начислен бонус 63 000 тг. Для вывода оплатите комиссию 4105 тг,scam,fake_prize,ru,synthetic_template_kz
"Оплата  ЖКХ  за январь принята, сумма 36 000 тг",safe,,ru,synthetic_template_kz
Kaspi Red: 55 000 тг бөліп төлеу рәсімделді. Болдырмау wb-kz-prize.shop,scam,kaspi_scam,kk,synthetic_template_kz
Kaspi Gold: kод 628628. Ешкімге айтпаңыз. Егер бұл cіз болmасаңыз +7 739 373 66 77 нөміріне қоңырау шалыңыз,scam,kaspi_scam,kk,synthetic_template_kz
"Гүлнара, сізге 20 300 тг жеке несие лимиті қолжетімді. Толығырақ қосымшада",suspicious,,kk,synthetic_template_kz
Розыгрыш к 30-летию! Вам начислен бонус 9 000 000 тг. Для вывода оплатите комиссию 4749 тг,scam,fake_prize,ru,synthetic_template_kz
"Ерлан, сізге 47 000 тг жеке несие лимиті қолжетімді. Толығырақ қосымшада ⚠️",suspicious,,kk,synthetic_template_kz
"Возврат страховки по кредиту. Проверьте, положена ли вам kомпенсация: +7 772 137 71 59",suspicious,,ru,synthetic_template_kz
"Қызметкерлер қажет, кесте еркін, күнделікті төлем 16 000 тг. Telegram +7 799 354 29 11",suspicious,,kk,synthetic_template_kz
"Занятие по алгебре переносится на 12:00, аудитория 241",safe,,ru,synthetic_template_kz
"Занятие по физике переносится на 16:00, аудитория 388",safe,,ru,synthetic_template_kz
Мерейтойлық ұтыс! Сізге 13 000 тг бонус есептелді. Шығару үшін 3970 тг комиссия төлеңіз,scam,fake_prize,kk,synthetic_template_kz
Анықтамасыз және кепілсіз 14 000 тг дейін қарыз мақұлданды. 5 минутта рәсімдеу: jusan.kz,suspicious,,kk,synthetic_template_kz
Комитет госдоходов: на ваше имя заведено производство. Явитесь или ознакомьтесь bonus-kz.click,scam,fake_police,ru,synthetic_template_kz
Вы 1000-й посетитель! Заберите iPhone 15 бесплатно: kz-vyigrysh.net,scam,fake_prize,ru,synthetic_template_kz
Розыгрыш к 30-летию! Вам начислен бонус 78 400 тг. Для вывода оплатите комиссию 7931 тг,scam,fake_prize,ru,synthetic_template_kz
Сіздің пікіріңіз біз үшін өте маңызды.,safe,,kk,github_Yerassyl04_Spam-kazakh
КНБ  РК:  на ваше имя заведено производство. Явитесь или ознакомьтесь enpf-vyplata.ru,scam,fake_police,ru,synthetic_template_kz
Тек бүгін! Temu дүкенінде барлық тауарға 58% жеңілдік. Түн ортасына дейін үлгеріңіз,suspicious,,kk,synthetic_template_kz
ҰҚК. Шоттарыңызға тыйым салынды. Шектеуді 23:59-ға дейін алу: kaspi.kz.secure-login.cc,scam,fake_police,kk,synthetic_template_kz
ЖСН нөміріңіз заңсыз операцияда қолданылған. Тергеуші хабарлaсады: +7 776 455 79 94. Үшінші тұлғаларға айтпаңыз,scam,fake_police,kk,synthetic_template_kz
Пополнение 63 000 тг на карту *1195. Баланс 61 500 тг,safe,,ru,synthetic_template_kz
Ваш номер выбран победителем акции izi! Приз 49 000 тг. Подтвердите: bonus-kz.click,scam,fake_prize,ru,synthetic_template_kz
"Kaspi Gold: код 539526. Никому не сообщайте. Если это не вы, звоните +7 740 208 28 63",scam,kaspi_scam,ru,synthetic_template_kz
Сіз 1000-шы келуші болдыңыз! iPhone 17 тегін алыңыз: kaspi-gold.site,scam,fake_prize,kk,synthetic_template_kz
"Требуются сотрудники, график свободный, оплата ежедневно 34 000 тг. Telegram по номеру +7 759 561 68 84",suspicious,,ru,synthetic_template_kz
Ұлттық Банк. Шоттарыңызға тыйым салынды. Шектеуді 30 минут ішінде алу: kaspi-bonus.top,scam,fake_police,kk,synthetic_template_kz
Activ: подключена подписка за 605 тг/нед. Отключить *784#,suspicious,,ru,synthetic_template_kz
"Внимание! Ваша карта *8080 скомпрометирована. Переведите средства на резервный счет, инструкция: beeline-bonus.icu",scam,fake_bank,ru,synthetic_template_kz
№951339 тапсыpысыңыз Kaspi Postomat пунктіне жетті. 5 күн ішінде алыңыз,safe,,kk,synthetic_template_kz
Kaspi Red: 6 000 000 тг бөліп төлеу рәсімделді. Болдырмау halyk-verify.xyz,scam,kaspi_scam,kk,synthetic_template_kz
"Алгебра сабағы 12:00-ге ауыстырылды, 414 аудитория",safe,,kk,synthetic_template_kz
Freedom Bank қауіпсіздік қызметі: 9 000 000 тг күдікті аударым. +7 772 191 40 60 нөміріне жедел хабарласыңыз,scam,fake_bank,kk,synthetic_template_kz
"Дәл қазір тіркеліңіз, бос орындар шектеулі!",suspicious,,kk,github_Yerassyl04_Spam-kazakh
Еске салу: оқу ақысын 18.7 дейін төлеу қажет. Сома 80 800 тг,safe,,kk,synthetic_template_kz
Розыгрыш к 30-летию! Вам начислен бонус 76 000 тг. Для вывода оплатите комиссию 7122 тг,scam,fake_prize,ru,synthetic_template_kz
Kaspi: перевод 26 000 тг от Асель ожидает подтверждения. Подтвердить: gov-kz.support,scam,kaspi_scam,ru,synthetic_template_kz
"Сәлеметсіз бе, Kaspi-дегі хабарландыру бойынша жазып тұрмын. Төледім, сілтеме арқылы растаңыз halykbank.kz.verify.top",scam,kaspi_scam,kk,synthetic_template_kz
Kasi Red: рассрочка на 5 000 000 тг оформлена. Отменить kaspi-gold.site,scam,kaspi_scam,ru,synthetic_template_kz
"Сәлеметсіз бе, Kaspi-дегі хабарландыру бойынша жазып тұрмын. Төледім, сілтеме арқылы растаңыз kz-vyigrysh.net",scam,kaspi_scam,kk,synthetic_template_kz
Еске салу: оқу ақысын 21.8 дейін төлеу қажет. Сома 82 500 тг,safe,,kk,synthetic_template_kz
Уважаемый клиент! Карта *7524 заблокирована по подозрению в мошенничестве. Для разблокировки перейдите bonus-kz.click до 23:59,scam,fake_bank,ru,synthetic_template_kz
Kaspi Магазин: ваш товар продан. Для получения 84 000 тг перейдите forte-cabinet.pro,scam,kaspi_scam,ru,synthetic_template_kz
Сіздің таңдау жасауыңызға мүмкіндік бар.,safe,,kk,github_Yerassyl04_Spam-kazakh
Одобрен займ до 24 000 тг без справок и залога. Оформить за 5 минут: halykbank.kz,suspicious,,ru,synthetic_template_kz
Напоминание: срок оплаты за обучение до 15.8. Сумма 9 000 000 тг,safe,,ru,synthetic_template_kz
Заработок из дома от 8 000 тг в неделю. Пишите в WhatsApp +7 711 178 98 73,suspicious,,ru,synthetic_template_kz
Повестка в суд по делу №30907. Материалы дела: kz-vyigrysh.net,scam,fake_police,ru,synthetic_template_kz
"izi: 8 ГБ және 670 минут қалды, 7.2 дейін",safe,,kk,synthetic_template_kz
"ForteBank: 1 000 000 тг сатып алу, карта *6587. Қолжетімді 7 000 000 тг",safe,,kk,synthetic_template_kz
Altel: остаток 15 ГБ и 436 минут до 3.10,safe,,ru,synthetic_template_kz
"ForteBank: 1 000 000 тг несие мақұлданды. Өтініш бермеген болсаңыз, бас тартыңыз forte-cabinet.pro",scam,fake_bank,kk,synthetic_template_kz
"Kaspi Bank: одобрен кредит на 56 000 тг. Если вы не подавали заявку, отмените здесь wb-kz-prize.shop",scam,fake_bank,ru,synthetic_template_kz
"На вас оформлен кредит мошенниками. Дело ведет Служба судебных исполнителей, оператор +7 778 782 31 97",scam,fake_police,ru,synthetic_template_kz
Beeline: аптасына 819 тг жазылым қосылды. Өшіру *715#,suspicious,,kk,synthetic_template_kz
Құттықтаймыз! Сіз Bereke Bank ұтыс ойынында 15 000 тг ұттыңыз. Жүлдені алу: halykbank.kz.verify.top,scam,fake_prize,kk,synthetic_template_kz
Кіру үшін растау кодыңыз: 256747,safe,,kk,synthetic_template_kz
Бүгін 90%-ға дейін жеңілдік.,suspicious,,kk,github_Yerassyl04_Spam-kazakh
Ваш аккаунт eGov будет удален до 23:59. Подтвердите ИИН: kaspi.kz.secure-login.cc,scam,phishing,ru,synthetic_template_kz
Тек бүгін! Wildberries дүкенінде барлық тауарға 45% жеңілдік. Түн ортасына дейін үлгеріңіз,suspicious,,kk,synthetic_template_kz
Достарыңызбен сөйлесуді ұмытпаңыз.,safe,,kk,github_Yerassyl04_Spam-kazakh
"Ерлан, сізге 4 000 000 тг жеке несие лимиті қолжетімді. Толығырақ қосымшада",suspicious,,kk,synthetic_template_kz
Kaspi: перевод 31 000 тг от Асель ожидает подтверждения. Подтвердить: wb-kz-prize.shop,scam,kaspi_scam,ru,synthetic_template_kz
Оқу семинарлары мен тренингтер туралы ақпарат.,safe,,kk,github_Yerassyl04_Spam-kazakh
Заработок из дома от 51 000 тг в неделю. Пишите в WhatsApp +7 704 511 55 65,suspicious,,ru,synthetic_template_kz
№28090 іс бойынша сотқа шақыру. Іс материалдары: kaspi.kz.secre-login.cc,scam,fake_police,kk,synthetic_template_kz
Поздравляем! Вы Bыиграли 70 000 тг в рoзыгрыше ForteBank. Забрать пpиз: kaspi-gold.site,scam,fake_prize,ru,synthetic_template_kz
Еске салу: оқу ақысын 10.5 дейін төлеу қажет. Сома 40 900 тг,safe,,kk,synthetic_template_kz
"Үйден жұмыс, аптасына 7 000 000 тг табыс. WhatsApp +7 778 760 49 17 жазыңыз",suspicious,,kk,synthetic_template_kz
Бесплатная диагностика организма в нашей клинике. Запись на сегодня +7 725 117 90 37,suspicious,,ru,synthetic_template_kz
"OTBASY BANK: ПОКУПКА 5 000 000 ТГ, КАРТА *3025. ДОСТУПНО 32 000 ТГ",safe,,ru,synthetic_template_kz
"Сәлеметсіз бе, Kaspi-дегі хабарландыру бойынша жазып тұрмын. Төледім, сілтеме арқылы растаңыз enpf-vyplata . ru",scam,kaspi_scam,kk,synthetic_template_kz
Сіз 1000-шы келyші болдыңыз! iPhone 17 тeгін aлыңыз: gov-kz.support,scam,fake_prize,kk,synthetic_template_kz
"Activ: тариф ұзартылды, 6232 тг есептен шығарылды",safe,,kk,synthetic_template_kz
eGov.  Шоттарыңызға  тыйым салынды. Шектеуді жедел түрде алу: kz-vyigrysh.net,scam,fake_police,kk,synthetic_template_kz
Клиникамызда тегін диагностика. Бүгінге жазылу +7 780 413 81 23,suspicious,,kk,synthetic_template_kz
"SE-2422 тобының жиналысы 15:00-де, 2 корпус",safe,,kk,synthetic_template_kz
"Достарыңызға жіберіңіз, сіз жеңіске жетесіз!",scam,fake_prize,kk,github_Yerassyl04_Spam-kazakh
Тек бүгін: дәрі-дәрмектерді 50%-ға арзандатыңыз!,suspicious,,kk,github_Yerassyl04_Spam-kazakh
Бүгін кешке бізде арнайы акция!,suspicious,,kk,github_Yerassyl04_Spam-kazakh
Altel: остаток 8 ГБ и 570 минут до 23.10,safe,,ru,synthetic_template_kz
Только сегодHя! Скидkа 78% на все тоBары в Temu. Успей до полуночи,suspicious,,ru,synthetic_template_kz
ЖСН нөміріңіз заңсыз операцияда қолданылған. Тергеуші хабарласады: +7 730 192 84 55. Үшінші тұлғаларға айтпаңыз,scam,fake_police,kk,synthetic_template_kz
ЖСН нөміріңіз заңсыз операцияда қолданылған. Тергеуші хабарласады: +7 710 521 76 60. Үшінші тұлғаларға айтпаңыз,scam,fake_police,kk,synthetic_template_kz
Тек бүгін! Ozon дүкенінде барлық тауарға 63% жеңілдік. Түн ортасына дейін үлгеріңіз,suspicious,,kk,synthetic_template_kz
Сіз AliExpress сертификатын 11 000 тг алдыңыз. бүгін 18:00-ге дейін белсендіріңіз: kaspi-bonus.top,scam,fake_prize,kk,synthetic_template_kz
"Встреча  группы  SE-2420 в 11:00, корпус 1",safe,,ru,synthetic_template_kz
"Занятие по программированию переносится на 11:00, аудитория 342",safe,,ru,synthetic_template_kz
Картаға өтінішіңіз қаралды. Белсендіру үшін +7 766 754 77 42 нөміріне қоңырау шалыңыз,suspicious,,kk,synthetic_template_kz
eGov. Наложен арест на счета. Снять ограничение в тeчение 2 часов: egov-kz.online,scam,fake_police,ru,synthetic_template_kz
"На вас оформлен кредит мошенниками. Дело ведет Антифрод-центр, оператор +7 772 413 92 33",scam,fake_police,ru,synthetic_template_kz
izi: аптасына 460 тг жазылым қосылды. Өшіру *389#,suspicious,,kk,synthetic_template_kz
Ваш счет будет закрыт срочно из-за неподтвержденных данных. Обновите анкету: halyk-verify.xyz,scam,fake_bank,ru,synthetic_template_kz
Kaspi Bank. Списание 8 000 000 тг одобрено. Отменить операцию: halyk-veriy.xyz,scam,fake_bank,ru,synthetic_template_kz
Нөміріңіз Activ акциясының жеңімпазы атанды! Жүлде 43 000 тг. Растаңыз: halykbank.kz.verify.top,scam,fake_prize,kk,synthetic_template_kz
"На вас оформлен кредит мошенниками. Дело ведет Комитет госдоходов, оператор +7 770 756 96 64",scam,fake_police,ru,synthetic_template_kz
Бүгін жеңілдікпен 1000 теңге ұтып алыңыз!,suspicious,,kk,github_Yerassyl04_Spam-kazakh
Напоминание: срок оплаты за обучение до 8.10. Сумма 4 000 000 тг,safe,,ru,synthetic_template_kz
Құрметті клиент! *5725 картаңыз күдікті операцияға байланысты бұғатталды. Бұғаттан шығару: kaspi-bonus.top,scam,fake_bank,kk,synthetic_template_kz
"Такси келді. Toyota Camry, мемлекеттік нөмір 555 NCR 03",safe,,kk,synthetic_template_kz
Назар аударыңыз! *8366 картаңыз қауіпте. Қаражатты резервтік шотқа аударыңыз: kz-vyigrysh.net,scam,fake_bank,kk,synthetic_template_kz
Сізге Антифрод орталығы тарапынан қорғалған хабарлама келді. Оқу: enpf-vyplata.ru,scam,phishing,kk,synthetic_template_kz
Kaspi Магазин: тауарыңыз сатылды. 62 000 тг алу үшін өтіңіз forte-cabinet.pro,scam,kaspi_scam,kk,synthetic_template_kz
"Halyk Bank: 7 000 000 тг несие мақұлданды. Өтініш бермеген болсаңыз, бас тартыңыз kaspi-bonus.top",scam,fake_bank,kk,synthetic_template_kz
Картаға өтінішіңіз қаралды. Белсендіру үшін +7 731 764 32 23 нөміріне қоңырау шалыңыз,suspicious,,kk,synthetic_template_kz
Kaspi: код 790378. Никому не сообщайте. ⚠️,safe,,ru,synthetic_template_kz
Kaspi Red: рассрочка на 25 000 тг оформлена. Отменить gov-kz.support,scam,kaspi_scam,ru,synthetic_template_kz
Налоговая задолженность 9 000 000 тг. Погасить онлайн: halykbank.kz.verify.top,scam,phishing,ru,synthetic_template_kz
Сіздің жұмысыңыз бен курстарыңыздың мерзімдері.,safe,,kk,github_Yerassyl04_Spam-kazakh
Уважаемый клиент! Карта *6732 заблокиpована по подозрению в mошенничестBе. Для разблокировки перейдите kaspi-bonus.top в течение 24 часов,scam,fake_bank,ru,synthetic_template_kz
"Крипто-сигналы с точностью 85%. Первый месяц бесплатно, канал по ссылке в профиле",suspicious,,ru,synthetic_template_kz
БЖЗҚ дерекқоры жаңартылды. Сізге 38 700 тг төлем есептелді. Алу: kaspi-bonus . top,scam,phishing,kk,synthetic_template_kz
Деректеріңіз расталмағандықтан шотыңыз 30 минут ішінде жабылады. Сауалнаманы жаңартыңыз: kaspi-bonus.top,scam,fake_bank,kk,synthetic_template_kz
"Возврат страховки по кредиту. Проверьте, положена ли вам компенсация: +7 791 758 45 87",suspicious,,ru,synthetic_template_kz
Бесплатная диагностика организма в нашей клинике. Запись на сегодня +7 754 450 12 25,suspicious,,ru,synthetic_template_kz
Beeline: аптасына 859 тг жазылым қосылды. Өшіру *938#,suspicious,,kk,synthetic_template_kz
ЖСН нөміріңіз заңсыз операцияда қолданылған. Тергеуші хабарласды: +7 721 120 54 77. Үшінші тұлғаларға айтпаңыз,scam,fake_police,kk,synthetic_template_kz
Сізді өте үлкен жеңіс күтіп тұр!,suspicious,,kk,github_Yerassyl04_Spam-kazakh
Құттықтаймыз! Сіз ForteBank ұтыс ойынында 49 000 тг ұттыңыз. Жүлдені алу: beeline-bonus.icu,scam,fake_prize,kk,synthetic_template_kz
Kaspi Postomat: неверный адрес доставки. Уточните данные halyk-verify.xyz иначе заказ вернется отправителю,scam,phishing,ru,synthetic_template_kz
Kaspi: Тимур жіберген 95 400 тг аударым растауды күтуде. Растау: egov-kz.online,scam,kaspi_scam,kk,synthetic_template_kz
Сіз Ozon сертификатын 9 000 000 тг алдыңыз. 2 сағат ішінде белсендіріңіз: kaspi-bonus.top,scam,fake_prize,kk,synthetic_template_kz
"Қызметкерлер қажет, кесте еркін, күнделікті төлем 12 000 тг. Telegram +7 760 386 34 72",suspicious,,kk,synthetic_template_kz
Клиникамызда  тегін  диагностика. Бүгінге жазылу +7 728 749 53 66,suspicious,,kk,synthetic_template_kz
"Beeline: 11 ГБ және 704 минут қалды, 16.8 дейін",safe,,kk,synthetic_template_kz
"Үйден жұмыс, аптасына 5 000 000 тг табыс. WhatsApp +7 711 668 83 16 жазыңыз",suspicious,,kk,synthetic_template_kz
"Freedom Bank: покупка 24 000 тг, карта *5387. Доступно 84 200 тг",safe,,ru,synthetic_template_kz
Kasi: перевод 91 600 тг от Мадина ожидает подтверждения. Подтвердить: wb-kz-prize.shop,scam,kaspi_scam,ru,synthetic_template_kz
Ваша заявка на карту рассмотрена. Перезвоните +7 706 323 14 16 для активации,suspicious,,ru,synthetic_template_kz
"Freedom Bank: покупка 41 000 тг, карта *1895. Доступно 42 200 тг",safe,,ru,synthetic_template_kz
JUSAN BANK. СПИСАНИЕ 24 000 ТГ ОДОБРЕНО. ОТМЕНИТЬ ОПЕРАЦИЮ: KASPI-BONUS.TOP,scam,fake_bank,ru,synthetic_template_kz
Вы получили сертификат AliExpress на 65 000 тг. Активировать срочно: kaspi-gold.site,scam,fake_prize,ru,synthetic_template_kz
№520093 тапсырысыңыз Boxberry пунктіне жетті. 5 күн ішінде алыңыз,safe,,kk,synthetic_template_kz
"Здравствуйте, Данияр! Напоминаем о записи к врачу завтра в 16:00",safe,,ru,synthetic_template_kz
Kaspi: код 669311. Никоу не сообщайте.,safe,,ru,synthetic_template_kz
Заработок из дома от 4 000 000 тг в неделю. Пишите в WhatsApp +7 706 284 90 26,suspicious,,ru,synthetic_template_kz
"Оплата ЖКХ за февраль принята, сумма 8 000 000 тг",safe,,ru,synthetic_template_kz
"Beeline: 8 ГБ және 79 минут қалды, 1.7 дейін",safe,,kk,synthetic_template_kz
Обновление базы ЕНПФ. Вам начислена выплата 42 000 тг. Получить: jusan-secure.info,scam,phishing,ru,synthetic_template_kz
Заңгермен ақылдасу керек,safe,,kk,github_Yerassyl04_Spam-kazakh
Тексеру үшін сілтемеге өтіңіз,scam,fake_prize,kk,github_Yerassyl04_Spam-kazakh
"Ағылшын тілі сабағы 15:00-ге ауытырылды, 307 аудитория",safe,,kk,synthetic_template_kz
Тек бүгін: 50% жеңілдікпен тауарларды алыңыз!,suspicious,,kk,github_Yerassyl04_Spam-kazakh
Еске салу: оқу ақысын 6.2 дейін төлеу қажет. Сома 53 000 тг,safe,,kk,synthetic_template_kz
Повестка в суд по делу №13806. Материалы дела: beeline-bonus.icu,scam,fake_police,ru,synthetic_template_kz
Вы 1000-й посетитель! Заберите iPhone 16 бесплатно: halykbank.kz.verify.top,scam,fake_prize,ru,synthetic_template_kz
Altel: аптасына 283 тг жазылым қосылды. Өшіру *73#,suspicious,,kk,synthetic_template_kz
"Сәлеметсіз бе, Тимур! Ертең сағат 15:00-де дәрігерге жазылғаныңызды еске саламыз",safe,,kk,synthetic_template_kz
Ұлттық  Банк.  Шоттарыңызға тыйым салынды. Шектеуді 30 минут ішінде алу: beeline-bonus.icu,scam,fake_police,kk,synthetic_template_kz
Құрметті клиент! *4682 картаңыз күдікті операцияға байланысты бұғатталды. Бұғаттан шығару: halykbank.kz.verify.top,scam,fake_bank,kk,synthetic_template_kz
Антифрод орталығы: сіздің атыңызға іс қозғалды. Танысу үшін kaspi.kz.secure-login.cc,scam,fake_police,kk,synthetic_template_kz
Kaspi: Жанна жіберген 6 000 000 тг аударым растауды күтуде. Растау: jusan-secure.info,scam,kaspi_scam,kk,synthetic_template_kz
"Әйгерім, сізге 3 000 000 тг жеке несие лимиті қолжетімді. Толығырақ қосымшада",suspicious,,kk,synthetic_template_kz
Halyk Bank. 60 800 тг есептен шығару бекітілді. Болдырмау үшін: bonus-kz.click,scam,fake_bank,kk,synthetic_template_kz
"izi: тариф продлен, списано 8045 тг. Следующее списание 2.2",safe,,ru,synthetic_template_kz
"Внимание! Ваша карта *1404 скомпрометирована. Переведите средства на резервный счет, инструкция: kaspi.kz.secure-login.cc",scam,fake_bank,ru,synthetic_template_kz
Tele2:  подключена  подписка за 756 тг/нед. Отключить *613#,suspicious,,ru,synthetic_template_kz
№41093 іс бойынша сотқа шақыру. Іс материалдары: kz-vyigrysh.net,scam,fake_police,kk,synthetic_template_kz
Мемлекеттік кірістер комитеті: сіздің атыңызға іс қозғалды. Танысу үшін kaspi-bonus.top,scam,fake_police,kk,synthetic_template_kz
Только сегодня! Скидка 69% на все товары в Ozon. Успей до полуночи,suspicious,,ru,synthetic_template_kz
"Beeline: 8 ГБ жәHе 597 минyт қалды, 28.9 дeйін",safe,,kk,synthetic_template_kz
"қаңтар айына коммуналдық төлем қабылданды, сома 28 000 тг",safe,,kk,synthetic_template_kz
"Әйгерім, сізге 93 000 тг жеке несие лимиті қолжетімді. Толығырақ қосымшада",suspicious,,kk,synthetic_template_kz
Кітап жазу бойынша жиналысқа қатысыңыз.,safe,,kk,github_Yerassyl04_Spam-kazakh
"Бағдарламалау сабағы 19:00-ге ауыстырылды, 491 аудитория",safe,,kk,synthetic_template_kz
Одобрен займ до 73 000 тг без справок и залога. Оформить за 5 минут: tele2.kz,suspicious,,ru,synthetic_template_kz
ЖҚЕ бұзғаны үшін 20 600 тг айыппұл. 50% жеңілдікпен төлеу: kz-vyigrysh.net,scam,fake_police,kk,synthetic_template_kz
Напоминание: срок оплаты за обучение до 24.7. Сумма 42 000 тг,safe,,ru,synthetic_template_kz
"Инвестиции от 93 000 тг, доход 29% в месяц. Консультация +7 701 870 90 63",suspicious,,ru,synthetic_template_kz
Напоминание: срок оплаты за обучение до 28.4. Сумма 87 500 тг,safe,,ru,synthetic_template_kz
БЖЗҚ дерекқоры жаңартылды. Сізге 73 600 тг төлем есептелді. Алу: bonus-kz.click,scam,phishing,kk,synthetic_template_kz
Жаңа жылға дайындық жұмыстарын бастаңыз.,safe,,kk,github_Yerassyl04_Spam-kazakh
"34 000 тг бастап инвестиция, айына 54% табыс. Кеңес +7 750 235 22 16",suspicious,,kk,synthetic_template_kz
eGov: анықтамаңыз дайын. Мобильді қосымшадан жүктеңіз !!!,safe,,kk,synthetic_template_kz
ЖҚЕ бұзғаны үшін 76 600 тг айыппұл. 50% жеңлдікпен төлеу: kaspi-gold.site,scam,fake_police,kk,synthetic_template_kz
Altel: аптасыHа 379 тг жазылым қосылды. Өшіру *771#,suspicious,,kk,synthetic_template_kz
Кіру  үшін  растау кодыңыз: 218490,safe,,kk,synthetic_template_kz
"Здравствуйте, Арман! Напоминаем о записи к врачу завтра в 16:00",safe,,ru,synthetic_template_kz
eGov аккаунтыңыз 2 сағат ішінде жойылады. ЖСН растаңыз: kaspi-gold.site,scam,phishing,kk,synthetic_template_kz
"Ерлан, сізге 79 000 тг төлем мақұлданды. Деректерді осында енгізіңіз kaspi.kz.secure-login.cc",scam,fake_prize,kk,synthetic_template_kz
Kaspi:  перевод  46 800 тг от Данияр ожидает подтверждения. Подтвердить: egov-kz.online,scam,kaspi_scam,ru,synthetic_template_kz
Сіз AliExpress сертификатын 1 000 000 тг алдыңыз. жедел түрде белсендіріңіз: forte-cabinet.pro,scam,fake_prize,kk,synthetic_template_kz
Сатып алғаныңыз үшін рахмет! Түбіртек wildberries.kz сайтында,safe,,kk,synthetic_template_kz
"Otbsy Bank: одобрен кредит на 92 000 тг. Если вы не подавали заявку, отмените здесь kaspi.kz.secure-login.cc",scam,fake_bank,ru,synthetic_template_kz
"Здравствуйте, Жанна! Напоминаем о записи к врачу завтра в 17:00",safe,,ru,synthetic_template_kz
Кіру үшін растау кодыңыз: 281656,safe,,kk,synthetic_template_kz
Анықтамасыз және кепілсіз 19 300 тг дейін қарыз мақұлданды. 5 минутта рәсімдеу: halykbank.kz,suspicious,,kk,synthetic_template_kz
"Здравствуйте, я по объявлению на Kaspi. Уже оплатил, подтвердите получение по ссылке forte-cabinet.pro",scam,kaspi_scam,ru,synthetic_template_kz
Сіздің шотыңыз бұғатталды.,suspicious,,kk,github_Yerassyl04_Spam-kazakh
"Санжар, сізге 44 000 тг төлем мақұлданды. Деректерді осында енгізіңіз halyk-verify.xyz",scam,fake_prize,kk,synthetic_template_kz
Kaspi Магазин: тауарыңыз сатылды. 56 000 тг алу үшін өтіңіз bonus-kz.click,scam,kaspi_scam,kk,synthetic_template_kz
"63 000 тг бастап инвестиция, айына 16% табыс. Кеңес +7 714 818 58 87",suspicious,,kk,synthetic_template_kz
Kaspi: перевод 3 000 000 тг от Асель ожидает подтверждения. Подтвердить: wb-kz-prize.shop,scam,kaspi_scam,ru,synthetic_template_kz
"Otbasy Bank: 22 000 тг сатып алу, карта *4313. Қолжетімді 6 000 000 тг",safe,,kk,synthetic_template_kz
Жаңа кітаптардың таныстырылымы.,safe,,kk,github_Yerassyl04_Spam-kazakh
"Здравсtвуйте, я по объявлению на Kaspi. Уже оплатил, подтвердите получeние по ссылке enpf-vyplata.ru",scam,kaspi_scam,ru,synthetic_template_kz
Жаңа спорттық форма сатып алу уақыты келді!,safe,,kk,github_Yerassyl04_Spam-kazakh
"Такcи келді. Toyota Camry, мeмлекеттік нөмір 733 SSZ 09",safe,,kk,synthetic_template_kz
Трейдинг курстары. Бірінші сабақ тегін. Тіркелу +7 704 551 96 94,suspicious,,kk,synthetic_template_kz
Ваш код подтверждения для входа: 103412,safe,,ru,synthetic_template_kz
Сіздің сұрауыңыз бойынша 3000 теңге алуға мүмкіндік!,suspicious,,kk,github_Yerassyl04_Spam-kazakh
"Bank RBK: жеке кабинетіңізге жаңа құрылғыдан кіру әрекеті тіркелді. Егер бұл сіз болмасаңыз, растаңыз: kaspi-bonus.top",scam,fake_bank,kk,synthetic_template_kz
"Activ: тариф ұзартылды, 5116 тг есептен шығарылды",safe,,kk,synthetic_template_kz
Антифрод-центр: на ваше имя заведено производство. Явитесь или ознакомьтесь jusan-secure.info !!!,scam,fake_police,ru,synthetic_template_kz
Вы  получили  сертификат AliExpress на 47 000 тг. Активировать в течение 2 часов: kz-vyigrysh.net,scam,fake_prize,ru,synthetic_template_kz
"Otbasy Bank: жеке кабинетіңізге жаңа құрылғыдан кіру әрекеті тіркелді. Егер бұл сіз болмасаңыз, растаңыз: wb-kz-prize.shop",scam,fake_bank,kk,synthetic_template_kz
БЖЗҚ дерекқоры жаңартылды. Сізге 4 000 000 тг төлем есептелді. Алу: halyk-verify.xyz,scam,phishing,kk,synthetic_template_kz
"Такси келді. Toyota Camry, мемлекеттік нөмір 675 ZCY 07",safe,,kk,synthetic_template_kz
"Otbasy Bank: одобрен кредит на 16 000 тг. Если вы не подавали заявку, отмените здесь gov-kz.support",scam,fake_bank,ru,synthetic_template_kz
Altel: подключена подписка за 503 тг/нед. Отключить *199#,suspicious,,ru,synthetic_template_kz
Брондауға 10000 төлеңіз,suspicious,,kk,github_Yerassyl04_Spam-kazakh
"Гульнара, вам доступен персональный кредитный лимит 81 400 тг. Подробнее в приложении",suspicious,,ru,synthetic_template_kz
Обновление базы ЕНПФ. Вам начислена выплата 58 000 тг. Получить: gov-kz.support,scam,phishing,ru,synthetic_template_kz
Жаңа фильмдер көрсетілімін жібермеңіз.,safe,,kk,github_Yerassyl04_Spam-kazakh
ForteBank қауіпсіздік қызметі: 90 000 тг күдікті аударым. +7 743 199 92 27 нөміріне жедел хабарласыңыз,scam,fake_bank,kk,synthetic_template_kz
Мерейтойлық ұтыс! Сізге 90 300 тг бонус есептелді. Шығару үшін 2722 тг комиссия төлеңіз !!!,scam,fake_prize,kk,synthetic_template_kz
Вы пoлyчили сeртификат Wildberries на 13 000 тг. Активировать до 23:59: bonus-kz.click,scam,fake_prize,ru,synthetic_template_kz
Кіру үшін растау кодыңыз: 103503,safe,,kk,synthetic_template_kz
"Здравствуйте, Санжар! Напоминаеm о записи к врачу завтра B 11:00",safe,,ru,synthetic_template_kz
"Kaspi Bank: жеке кабинетіңізге жаңа құрылғыдан кіру әрекеті тіркелді. Егер бұл сіз болмасаңыз, растаңыз: enpf-vyplata.ru",scam,fake_bank,kk,synthetic_template_kz
Kaspi: код 552361. Никому не сообщайте.,safe,,ru,synthetic_template_kz
"Внимание! Ваша карта *6044 скомпрометирована. Переведите средства на резервный счет, инструкция: beeline-bonus.icu",scam,fake_bank,ru,synthetic_template_kz
"Үйден жұмыс, аптасына 50 000 тг табыс. WhatsApp +7 719 246 88 12 жазыңыз",suspicious,,kk,synthetic_template_kz
"Требуются сотрудники, график свободный, оплата ежедневно 39 000 тг. Telegram по номеру +7 798 879 50 82",suspicious,,ru,synthetic_template_kz
"Halyk Bank: покупка 19 300 тг, карта *4786. Доступно 26 000 тг",safe,,ru,synthetic_template_kz
Ваш  номер  выбран победителем акции Beeline! Приз 9 000 000 тг. Подтвердите: egov-kz.online,scam,fake_prize,ru,synthetic_template_kz
"ЗДРАВСТВУЙТЕ, Я ПО ОБЪЯВЛЕНИЮ НА KASPI. УЖЕ ОПЛАТИЛ, ПОДТВЕРДИТЕ ПОЛУЧЕНИЕ ПО ССЫЛКЕ KASPI.KZ.SECURE-LOGIN.CC",scam,kaspi_scam,ru,synthetic_template_kz
Bereke Bank. Списание 55 000 тг одобрено. Отмeнить операцию: halykbank.kz.verify.top,scam,fake_bank,ru,synthetic_template_kz
Тек бүгін! AliExpress дүкенінде барлық тауарға 88% жеңілдік. Түн ортасына дейін үлгеріңіз,suspicious,,kk,synthetic_template_kz
eGov. Шоттарыңызға тыйым салынды. Шектеуді жедел түрде алу: kaspi-gold.site,scam,fake_police,kk,synthetic_template_kz
izi: срок действия SIM истекает. Продлите регистрацию kz-vyigrysh.net,scam,phishing,ru,synthetic_template_kz
ҰҚК: сіздің атыңызға іс қозғалды. Танысу үшін kaspi-gold.site,scam,fake_police,kk,synthetic_template_kz
Сіз Kaspi Магазин сертификатын 8 000 тг алдыңыз. күн соңына дейін белсендіріңіз: kaspi.kz.secure-login.cc,scam,fake_prize,kk,synthetic_template_kz
"Здравствуйте, Арман! Напоминаем о записи к врачу завтра в 14:00",safe,,ru,synthetic_template_kz
"izi: 15 ГБ және 461 минут қалды, 6.5 дейін",safe,,kk,synthetic_template_kz
Спорттық іс-шараларға қатысу туралы ескертпе.,safe,,kk,github_Yerassyl04_Spam-kazakh
"Beeline: тариф ұзартылды, 8101 тг есептен шығарылды",safe,,kk,synthetic_template_kz
"Оплата ЖКХ за февраль принята, сумма 10 600 тг",safe,,ru,synthetic_template_kz
Жедел түрде хабарласыңыз!,scam,fake_prize,kk,github_Yerassyl04_Spam-kazakh
Beeline: срок действия SIM истекает. Продлите регистрацию kaspi-gold.site,scam,phishing,ru,synthetic_template_kz
Kaspi: код 45919. Ешкімге айтпаңыз.,safe,,kk,synthetic_template_kz
ЖСН нөміріңіз заңсыз операцияда қолданылған. Тeргеуші хабарлaсады: +7 782 361 47 54. Үшінші тұлғаларғa айтпаңыз,scam,fake_police,kk,synthetic_template_kz
Kaspi: код 236489. Никому не сообщайте.,safe,,ru,synthetic_template_kz
Activ: аптасына 351 тг жазылым қосылды. Өшіру *352#,suspicious,,kk,synthetic_template_kz
Ваш заказ №599875 прибыл в пункт выдачи Kaspi Postomat. Забрать в течение 5 дней,safe,,ru,synthetic_template_kz
Kaspi Магазин: тауарыңыз сатылды. 78 000 тг алу үшін өтіңіз forte-cabinet.pro,scam,kaspi_scam,kk,synthetic_template_kz
"ТИМУР, ВАМ ДОСТУПЕН ПЕРСОНАЛЬНЫЙ КРЕДИТНЫЙ ЛИМИТ 77 200 ТГ. ПОДРОБНЕЕ В ПРИЛОЖЕНИИ",suspicious,,ru,synthetic_template_kz
Уведомление о штрафе 39 700 тг за нарушение ПДД. Оплата со скидкой 50%: kaspi-bonus.top,scam,fake_police,ru,synthetic_template_kz
Ваш ИИН использован в незаконной операции. Следователь свяжется с вами: +7 768 267 31 75. Не сообщайте третьим лицам !!!,scam,fake_police,ru,synthetic_template_kz
Сізге 1 000 000 тг сомасына Kaspi Bonus 20% түсті. Белсендіру gov-kz.support,scam,kaspi_scam,kk,synthetic_template_kz
Туған күніңізге дайындық жасаңыз!,safe,,kk,github_Yerassyl04_Spam-kazakh
Сіздің қалаңыздағы мәдени шаралар туралы біліңіз.,safe,,kk,github_Yerassyl04_Spam-kazakh
ЖҚЕ бұзғаны үшін 45 500 тг айыппұл. 50% жеңілдікпен төлеу: kz-vyigrysh.net,scam,fake_police,kk,synthetic_template_kz
Сатып алғаныңыз үшін рахмет! Түбіртек halykbank.kz сайтында,safe,,kk,synthetic_template_kz
Сізге 51 200 тг сомасына Kaspi Bonus 5% түсті. Белсендіру gov-kz.support,scam,kaspi_scam,kk,synthetic_template_kz
eGov: анықтамаңыз дайын. Мобильді қоcыmшадаH жүктеңіз,safe,,kk,synthetic_template_kz
Ваш ИИН использован в незаконной операции. Следователь свяжется с вами: +7 717 686 19 30. Не сообщайте третьим лицам,scam,fake_police,ru,synthetic_template_kz
"Үйден жұмыс, аптасына 44 100 тг табыс. WhatsApp +7 795 443 54 10 жазыңыз",suspicious,,kk,synthetic_template_kz
Ваш номер выбран победителем акции Activ! Приз 17 700 тг. Подтвердите: forte-cabinet.pro,scam,fake_prize,ru,synthetic_template_kz
"Сәлеметсіз бе, Еpлан! Еpтең сағат 17:00-де дәрігерге жазылғаHыңызды еске саламыз",safe,,kk,synthetic_template_kz
*3002 картаға 17 500 тг толықтырылды. Баланс 66 000 тг,safe,,kk,synthetic_template_kz
Мерейтойлық ұтыс! Сізге 8 000 000 тг бонус есептелді. Шығару үшін 9527 тг комиссия төлеңіз,scam,fake_prize,kk,synthetic_template_kz
Кіру үшін растау кодыңыз: 687731,safe,,kk,synthetic_template_kz
Бесплатная диагностика организма в нашей клинике. Запись на сегодня +7 725 528 78 37,suspicious,,ru,synthetic_template_kz
"Оплата ЖКХ за январь принята, сумма 80 000 тг",safe,,ru,synthetic_template_kz
Нөміріңіз зейнетақыны қайта есептеуге қатысады. Форманы толтырыңыз beeline-bonus.icu,scam,phishing,kk,synthetic_template_kz
Кіру үшін растау кодыңыз: 513581,safe,,kk,synthetic_template_kz
"Крипо-сигналы с точностью 81%. Первый месяц бесплатно, канал по ссылке в профиле",suspicious,,ru,synthetic_template_kz
"Занятие  по  английскому переносится на 11:00, аудитория 219",safe,,ru,synthetic_template_kz
"ForteBank: 8 000 000 тг сатып алу, карта *5283. Қолжетімді 72 000 тг",safe,,kk,synthetic_template_kz
№970772  тапсырысыңыз  СДЭК пунктіне жетті. 5 күн ішінде алыңыз,safe,,kk,synthetic_template_kz
"Такси келді. Toyota Camry, мемлекеттік нөмір 647 NXE 09",safe,,kk,synthetic_template_kz
Трейдинг курстары. Бірінші сабақ тегін. Тіркелу +7 761 789 55 43,suspicious,,kk,synthetic_template_kz
Kaspi:  код  576034. Никому не сообщайте.,safe,,ru,synthetic_template_kz
ЖҚЕ бұзғаны үшін 54 000 тг айыппұл. 50% жеңілдікпен төлеу: kaspi-bonus.top,scam,fake_police,kk,synthetic_template_kz
Boxberry: неверный адрес доставки. Уточните данные forte-cabinet.pro иначе заказ вернется отправителю,scam,phishing,ru,synthetic_template_kz
МВД РК: на ваше имя заведено производство. Явитесь или ознакомьтесь wb-kz-prize.shop,scam,fake_police,ru,synthetic_template_kz
"Tele2: тариф продлен, списано 7093 тг. Следующее списание 13.5",safe,,ru,synthetic_template_kz
Ваша заявка на карту рассмотрена. Перезвоните +7 785 341 61 54 для активации,suspicious,,ru,synthetic_template_kz
Тек бүгін! AliExpress дүкенінде барлық тауарға 88% жеңілдік. Түн ортасына дейін үлгеріңіз 🔴,suspicious,,kk,synthetic_template_kz
Тезірек тіркеліп құр қалма,scam,fake_prize,kk,github_Yerassyl04_Spam-kazakh
eGov: cіздің аtыңызға іc қозғалды. Танысу үшін gov-kz.support,scam,fake_police,kk,synthetic_template_kz
Сізгe eGov тарапынан қорғалған хабарлама келді. Оқу: enpf-vyplata.ru,scam,phishing,kk,synthetic_template_kz
Салық берешегі 5 000 000 тг. Онлайн өтеу: halyk-verify.xyz,scam,phishing,kk,synthetic_template_kz
"Оплата ЖКХ за февраль принята, сумма 94 000 тг",safe,,ru,synthetic_template_kz
Ваш аккаунт eGov будет удален сегодня до 18:00. Подтвердите ИИН: kz-vyigrysh.net,scam,phishing,ru,synthetic_template_kz
"Ана, мен кешігемін, шамамен 19-де боламын",safe,,kk,synthetic_template_kz
Клиникамызда тегін диагностика. Бүгінге жазылу +7 781 215 40 15,suspicious,,kk,synthetic_template_kz
Жаңа технологиялар туралы мақалалар.,safe,,kk,github_Yerassyl04_Spam-kazakh
"Bereke Bank: жеке кабинетіңізге жаңа құрылғыдан кіру әрекеті тіркелді. Егер бұл сіз болмасаңыз, растаңыз: kaspi-bonus.top",scam,fake_bank,kk,synthetic_template_kz
Kaspi: код 376996. Никому не сообщайте.,safe,,ru,synthetic_template_kz
"Несие бойынша сақтандыруды қайтaру. Өтемақы тиесілі ме, тексеріңіз: +7 720 136 33 72",suspicious,,kk,synthetic_template_kz
Сіз Wildberries сертификатын 39 000 тг алдыңыз. 2 сағат ішінде белсендіріңіз: wb-kz-prize.shop,scam,fake_prize,kk,synthetic_template_kz
Бүгіннің ұсынысы: сатып алғаныңыз үшін сыйлық алыңыз!,suspicious,,kk,github_Yerassyl04_Spam-kazakh
Есkе салу: оқу ақыcын 13.1 дейін төлеу қажет. Сома 9 000 000 тг,safe,,kk,synthetic_template_kz
"Встреча группы SE-2424 в 11:00, корпус 1",safe,,ru,synthetic_template_kz
№242119 тапсырысыңыз Boxberry пунктіне жетті. 5 күн ішінде алыңыз,safe,,kk,synthetic_template_kz
"Здравствуйте, Алия! Напоминаем о записи к врачу завтра в 12:00",safe,,ru,synthetic_template_kz
"Требуются сотрудники, график свободный, оплата ежедневно 32 000 тг. Telegram по номеру +7 729 998 51 63",suspicious,,ru,synthetic_template_kz
Сіз үшін арнайы ұсыныс жасадық.,safe,,kk,github_Yerassyl04_Spam-kazakh
Антифрод-центр: на ваше имя заведено производство. Явитесь или ознакомьтесь enpf-vyplata.ru,scam,fake_police,ru,synthetic_template_kz
Назар  аударыңыз!  *4585 картаңыз қауіпте. Қаражатты резервтік шотқа аударыңыз: forte-cabinet.pro,scam,fake_bank,kk,synthetic_template_kz
Ваша заявка на карту раcсмотрена. Пeрезвоните +7 742 987 18 16 для активации,suspicious,,ru,synthetic_template_kz
"Tele2: тариф ұзартылды, 8138 тг есептен шығарылды",safe,,kk,synthetic_template_kz
"Возврат страховки по кредиту. Проверьте, положена ли вам компенсация: +7 734 944 61 10",suspicious,,ru,synthetic_template_kz
Kaspi Gold: код 877900. Ешкімге айтпаңыз. Егер бұл сіз болмасаңыз +7 790 219 58 87 нөміріне қоңырау шалыңыз,scam,kaspi_scam,kk,synthetic_template_kz
"Физика сабағы 11:00-ге ауыстырылды, 355 аудитория",safe,,kk,synthetic_template_kz
Кіру үшін растау кодыңыз: 521826,safe,,kk,synthetic_template_kz
"Занятие по алгебре переносится на 18:00, аудитория 424",safe,,ru,synthetic_template_kz
Kaspi: код 639145. Никому не сообщайте.,safe,,ru,synthetic_template_kz
"мамыр айына коммуналдық төлем қабылданды, сома 68 000 тг",safe,,kk,synthetic_template_kz
"Altel:  тариф  ұзартылды, 3634 тг есептен шығарылды",safe,,kk,synthetic_template_kz
"УРА! Данияр, вам одобрена выплата 78 000 тг. Реквизиты укажите тут kaspi-gold.site",scam,fake_prize,ru,synthetic_template_kz
"Оплата ЖКХ за март принята, сумма 45 000 тг",safe,,ru,synthetic_template_kz
Kaspi Магазин: тауаыңыз сатылды. 5 000 000 тг алу үшін өтіңіз halykbank.kz.verify.top,scam,kaspi_scam,kk,synthetic_template_kz
Нөміріңіз Activ акциясының жеңімпазы аtанды! Жүлде 94 200 tг. Рaстаңыз: kaspi.kz.secure-login.cc,scam,fake_prize,kk,synthetic_template_kz
Kaspi: Арман жіберген 99 400 тг аударым растауды күтуде. Растау: kaspi.kz.secure-login.cc,scam,kaspi_scam,kk,synthetic_template_kz
"Сотрудник банка свяжется с вами по номеру +7 704 681 38 77. Не сообщайте код никому, кроме специалиста",scam,fake_bank,ru,synthetic_template_kz
Пополнение 72 300 тг на карту *2630. Баланс 46 000 тг,safe,,ru,synthetic_template_kz
Салық берешегі 5 000 000 тг. Онлайн өтеу: wb-kz-prize.shop,scam,phishing,kk,synthetic_template_kz
Сіз Ozon сертификатын 35 000 тг алдыңыз. 2 сағат ішінде белсендіріңіз: enpf-vyplata.ru,scam,fake_prize,kk,synthetic_template_kz
Поздравляем! Вы выиграли 95 000 тг в розыгрыше Eurasian Bank. Забрать приз: beeline-bonus.icu,scam,fake_prize,ru,synthetic_template_kz
"Altel: тариф продлен, списано 7939 тг. Следующее списание 12.5",safe,,ru,synthetic_template_kz
ЖҚЕ  бұзғаны  үшін 71 000 тг айыппұл. 50% жеңілдікпен төлеу: bonus-kz.click,scam,fake_police,kk,synthetic_template_kz
Клиникамызда тегін диагностика. Бүгінге жазылу +7 723 614 22 44,suspicious,,kk,synthetic_template_kz
Одобрен займ до 9 000 000 тг без справок и залога. Оформить за 5 минут: jusan.kz,suspicious,,ru,synthetic_template_kz
Бесплатная диагностика организма в нашей клинике. Запись на сегодня +7 796 733 61 39,suspicious,,ru,synthetic_template_kz
Ес таңдырарлық жүлделер ұтып ал!,suspicious,,kk,github_Yerassyl04_Spam-kazakh
ЖСН нөміріңіз заңсыз операцияда қолданылған. Тергеуші хабарласады: +7 773 870 54 22. Үшінші тұлғаларға айтпаңыз,scam,fake_police,kk,synthetic_template_kz
Kaspi: Данияр жіберген 30 000 тг аударым растауды күтуде. Растау: halykbank.kz.verify.top,scam,kaspi_scam,kk,synthetic_template_kz
"23 000 тг бастап инвестиция, айына 24% табыс. Кеңес +7 741 895 20 50",suspicious,,kk,synthetic_template_kz
"Сіз 1,000,000 теңге ұтып алдыңыз!",suspicious,,kk,github_Yerassyl04_Spam-kazakh
Салық берешегі 5 000 тг. Онлайн өтеу: kaspi-gold.site,scam,phishing,kk,synthetic_template_kz
"Здравствуйте, Алия! Напоминаем о записи к врачу завтра в 18:00",safe,,ru,synthetic_template_kz
eGov:  анықтамаңыз  дайын. Мобильді қосымшадан жүктеңіз,safe,,kk,synthetic_template_kz
"Оплата ЖКХ за май принята, сумма 8 000 000 тг",safe,,ru,synthetic_template_kz
"На вас оформлен кредит мошенниками. Дело ведет Служба судебных исполнителей, оператор +7 744 917 17 45",scam,fake_police,ru,synthetic_template_kz
Сіз 1000-шы келуші болдыңыз! iPhone 16 тегін алыңыз: kaspi-bonus . top,scam,fake_prize,kk,synthetic_template_kz
Beeline: подключена подписка за 823 тг/нед. Отключить *565#,suspicious,,ru,synthetic_template_kz
Анықтамасыз және кепілсіз 5 000 000 тг дейін қарыз мақұлданды. 5 минутта рәсімдеу: tele2.kz,suspicious,,kk,synthetic_template_kz
Назар аударыңыз! *2634 картаңыз қaуіпте. Қаражатты резервтіk шотқа аyдарыңыз: halykbank.kz.verify.top,scam,fake_bank,kk,synthetic_template_kz
Нөміріңіз зейнетақыны қайта есептеуге қатысады. Фораны толтырыңыз kz-vyigrysh.net,scam,phishing,kk,synthetic_template_kz
"Kaspi Gold: код 462838. Никоmу не сообщaйте. Если это не вы, звоните +7 776 957 16 30",scam,kaspi_scam,ru,synthetic_template_kz
Вам пришло защищенное сообщение от Антифрод-центр. Прочитать: kaspi.kz.secure-login.cc !!!,scam,phishing,ru,synthetic_template_kz
Kaspi Магазин: посылка задержана на таможне. Оплатите пошлину 703 тг: wb-kz-prize.shop.,scam,phishing,ru,synthetic_template_kz
Трейдинг курстары. Бірінші сабақ тегін. Тіркелу +7 797 869 47 65,suspicious,,kk,synthetic_template_kz
Вы 1000-й поcеtитель! Заберите iPhone 13 бесплатно: forte-cabinet.pro,scam,fake_prize,ru,synthetic_template_kz
Сізге 16 800 тг сомасына Kaspi Bonus 19% түсті. Белсендіру halyk-verify.xyz,scam,kaspi_scam,kk,synthetic_template_kz
Kaspi Red: 9 000 000 тг бөліп төлеу рәсімделді. Болдырmау wb-kz-prize.shop,scam,kaspi_scam,kk,synthetic_template_kz
Ваш код подтверждения для входа: 124624,safe,,ru,synthetic_template_kz
Beeline: подключена подписка за 265 тг/нед. Отключить *102#,suspicious,,ru,synthetic_template_kz
"Несие бойынша сақтандыруды қайтару. Өтемақы тиесілі ме, тексеріңіз: +7 725 380 20 41",suspicious,,kk,synthetic_template_kz
Құттықтaймыз! Сіз Bereke Bank ұтыс ойынында 5 000 000 тг ұттыңыз. Жүлдені алу: egov-kz.online,scam,fake_prize,kk,synthetic_template_kz
Тезірек біздің қатарға қосыл,scam,fake_prize,kk,github_Yerassyl04_Spam-kazakh
"Здравствуйте, я по объявлению на Kaspi. Уже оплатил, подтвердите получение по ссылке kaspi-gold.site",scam,kaspi_scam,ru,synthetic_template_kz
"Здравствуйте, я по объявлению на Kaspi. Ужe оплатил, подtвердите получение по cсылке halyk-verify.xyz",scam,kaspi_scam,ru,synthetic_template_kz
Служба судебных исполнителей. Наложен арест на счета. Снять ограничение в течение 2 часов: egov-kz.online,scam,fake_police,ru,synthetic_template_kz
МВД РК. Наложен арест на счета. Снять ограничение в течение 30 минут: kz-vyigrysh.net,scam,fake_police,ru,synthetic_template_kz
Kaspi Магазин: тауарыңыз сатылды. 6 000 000 тг алу үшін өтіңіз kaspi.kz.secure-login.cc,scam,kaspi_scam,kk,synthetic_template_kz
Служба безопасности ForteBank: подозрительный перевод на 75 300 тг. Свяжитесь с оператором +7 799 892 15 19 немедленно,scam,fake_bank,ru,synthetic_template_kz
"Инвестиции от 67 000 tг, доход 45% в меcяц. Консyльтация +7 791 687 50 25",suspicious,,ru,synthetic_template_kz
Құрметті клиент! *8542 картаңыз күдікті операцияға байланысты бұғатталды. Бұғаттан шығару: wb-kz-prize.shop,scam,fake_bank,kk,synthetic_template_kz
Тек бүгін! Kaspi Магазин дүкенінде барлық тауарға 67% жеңілдік. Түн ортасына дейін үлгеріңіз,suspicious,,kk,synthetic_template_kz
Только сегодня! Скидка 47% на все товары в Temu. Успей до полуночи,suspicious,,ru,synthetic_template_kz
№489612 тапсырысыңыз Яндекс Доставка пунктіне жетті. 5 күн ішінде алыңыз,safe,,kk,synthetic_template_kz
"Оплата  ЖКХ  за январь принята, сумма 84 100 тг",safe,,ru,synthetic_template_kz
"Қызmеткерлер қажет, кесте еркін, күнделікті төлем 11 000 тг. Telegram +7 714 357 78 60",suspicious,,kk,synthetic_template_kz
"75 000 ТГ БАСТАП ИНВЕСТИЦИЯ, АЙЫНА 33% ТАБЫС. КЕҢЕС +7 760 803 29 90",suspicious,,kk,synthetic_template_kz
Обновление базы ЕНПФ. Вам начислена выплата 91 900 тг. Получить: halyk-verify.xyz,scam,phishing,ru,synthetic_template_kz
Одобрен займ до 36 800 тг без справок и залога. Оформить за 5 минут: wildberries.kz,suspicious,,ru,synthetic_template_kz
Ваш код подтверждения для входа: 120100,safe,,ru,synthetic_template_kz
Құрметті клиент! *8080 картаңыз күдікті операцияға байланысты бұғатталды. Бұғаттан шығару: jusan-secure.info,scam,fake_bank,kk,synthetic_template_kz
Вы получили сертификат Ozon на 4 000 000 тг. Активировать сегодня до 18:00: bonus-kz.click,scam,fake_prize,ru,synthetic_template_kz
Ваш  код  подтверждения для входа: 794553,safe,,ru,synthetic_template_kz
Tele2: аптасына 575 тг жазылым қосылды. Өшіру *361#,suspicious,,kk,synthetic_template_kz
Мерейтойлық ұтыс! Сізге 2 000 000 тг бонус есептелді. Шығару үшін 7336 тг комиссия төлеңіз,scam,fake_prize,kk,synthetic_template_kz
"Несие бойынша сақтандыруды қайтару. Өтемақы тиесілі ме, тексеріңіз: +7 755 541 98 55",suspicious,,kk,synthetic_template_kz
"Несие бойынша сақтандыруды қайтару. Өтемақы тиесілі ме, тексеріңіз: +7 789 913 98 65",suspicious,,kk,synthetic_template_kz
ЖҚЕ бұзғаны үшін 8 000 000 тг айыппұл. 50% жеңілдікпен төлеу: forte-cabinet.pro,scam,fake_police,kk,synthetic_template_kz
Спасибо за покупку! Чек доступен на beeline.kz,safe,,ru,synthetic_template_kz
Напоминaние: срок оплаты за обучение до 3.4. Сумма 28 000 тг,safe,,ru,synthetic_template_kz
Нөміріңіз Altel акциясының жеңімпазы атанды! Жүлде 42 000 тг. Растаңыз: forte-cabinet.pro,scam,fake_prize,kk,synthetic_template_kz
"Оплата ЖКХ за апрель принята, сумма 8 000 тг",safe,,ru,synthetic_template_kz
"Санжар, вам доступен персональный кредитный лимит 55 000 тг. Подробнее в приложении",suspicious,,ru,synthetic_template_kz
Kaspi Gold: код 96628. Ешкімге айтпаңыз. Егер бұл сіз болмасаңыз +7 780 914 51 57 нөміріне қоңырау шалыңыз,scam,kaspi_scam,kk,synthetic_template_kz
Вам пришло защищенное сообщение от МВД РК. Прочитать: beeline-bonus.icu,scam,phishing,ru,synthetic_template_kz
Kaspi Red: рассрочка Hа 8 000 000 тг oфоpмлена. Отменить halyk-verify.xyz,scam,kaspi_scam,ru,synthetic_template_kz
Boxberry: жеткізу мекенжайы қате. Деректерді нақтылаңыз wb-kz-prize.shop,scam,phishing,kk,synthetic_template_kz
"Занятие по программированию переносится на 10:00, аудитория 274",safe,,ru,synthetic_template_kz
Құрметті клиент! *2606 картаңыз күдікті операцияға байланысты бұғатталды. Бұғаттан шығару: kaspi-bonus.top,scam,fake_bank,kk,synthetic_template_kz
Activ: аптасына 550 тг жазылым қосылды. Өшіру *752#,suspicious,,kk,synthetic_template_kz
"Jusan Bank: 8 000 000 тг несие мақұлданды. Өтініш бермеген болсаңыз, бас тартыңыз kaspi.kz.secure-login.cc",scam,fake_bank,kk,synthetic_template_kz
Kaspi: код 103200. Никому не сообщайте.,safe,,ru,synthetic_template_kz
Трейдинг курстары. Бірінші сабақ тегін. Тіркелу +7 715 155 19 87,suspicious,,kk,synthetic_template_kz
"Келесі шараны ұмытпаңыз, міндетті түрде келіңіз",safe,,kk,github_Yerassyl04_Spam-kazakh
Бесплатная диагностика организма в нашей клинике. Запись на сегодня +7 798 867 13 58,suspicious,,ru,synthetic_template_kz
Уважаемый клиент! Карта *8549 заблокирована по подозрению в мошенничестве. Для разблокировки перейдите gov-kz.support сегодня до 18:00,scam,fake_bank,ru,synthetic_template_kz
Ваш счет будет закрыт срочно из-за неподтвержденных данных. Обновите анкету: forte-cabinet.pro,scam,fake_bank,ru,synthetic_template_kz
Уведомление о штрафе 8 000 000 тг за нарушение ПДД. Оплата со скидкой 50%: kaspi . kz . secure-login . cc,scam,fake_police,ru,synthetic_template_kz
СЛУЖБА БЕЗОПАСНОСТИ HALYK BANK: ПОДОЗРИТЕЛЬНЫЙ ПЕРЕВОД НА 61 700 ТГ. СВЯЖИТЕСЬ С ОПЕРАТОРОМ +7 708 608 47 12 НЕМЕДЛЕННО,scam,fake_bank,ru,synthetic_template_kz
Freedom Bank қауіпсіздік қызметі: 5 000 000 тг күдікті аударым. +7 719 258 80 45 нөміріне жедел хабарласыңыз,scam,fake_bank,kk,synthetic_template_kz
"Altel: 29 ГБ және 445 минут қалды, 26.11 дейін",safe,,kk,synthetic_template_kz
Kaspi Gold: код 933489. Ешкімге айтпаңыз. Егер бұл сіз болмасаңыз +7 776 848 89 26 нөміріне қоңырау шалыңыз,scam,kaspi_scam,kk,synthetic_template_kz
"Такси прибыло. Toyota Camry, гос. номер 236 NXX 02",safe,,ru,synthetic_template_kz
Бесплатная диагностика организма в нашей клинике. Запись на сегодня +7 730 635 22 33,suspicious,,ru,synthetic_template_kz
Поздрaвляем! Вы выиграли 95 000 тг B розыгрыше Halyk Bank. Забрaть приз: kaspi-gold.site,scam,fake_prize,ru,synthetic_template_kz
Мерейтойлық ұтыс! Сізге 3 000 000 тг бонус есептелді. Шығару үшін 4753 тг комиссия төлеңіз,scam,fake_prize,kk,synthetic_template_kz
Одобрен займ до 3 000 000 тг без справок и залога. Оформить за 5 минут: kaspi.kz,suspicious,,ru,synthetic_template_kz
"Внимание! Ваша карта *7592 скомпрометирована. Переведите средства на резервный счет, инструкция: halykbank.kz.verify.top",scam,fake_bank,ru,synthetic_template_kz
Клиникамызда тегін диагностика. Бүгінге жазылу +7 785 806 98 87,suspicious,,kk,synthetic_template_kz
Только сегодня! Скидка 79% на все товары в Temu. Успей до полуночи,suspicious,,ru,synthetic_template_kz
Одобрен займ до 18 400 тг без справок и залога. Оформить за 5 минут: beeline.kz,suspicious,,ru,synthetic_template_kz
"Требуются сотрудники, график свободный, оплата ежедневно 16 000 тг. Telegram по номеру +7 767 743 91 87",suspicious,,ru,synthetic_template_kz
Служба судебных исполнителей: на ваше имя заведено производство. Явитесь или ознакомьтесь bonus-kz.click,scam,fake_police,ru,synthetic_template_kz
№846001 тапсырысыңыз Kaspi Postomat пунктіне жетті. 5 күн ішінде алыңыз,safe,,kk,synthetic_template_kz
"Крипто-сигналы с точностью 89%. Первый месяц бесплатно, канал по ссылке в профиле",suspicious,,ru,synthetic_template_kz
"Әсел, сізге 64 000 тг жеке несие лимиті қолжетімді. Толығырақ қосымшада",suspicious,,kk,synthetic_template_kz
eGov аккаунтыңыз жедел түрде жойылады. ЖСН растаңыз: enpf-vyplata.ru,scam,phishing,kk,synthetic_template_kz
"Физика сабағы 14:00-ге ауыстырылды, 326 аудитория",safe,,kk,synthetic_template_kz
Назар аударыңыз! *2433 картаңыз қауіпте. Қаражатты резервтік шотқа аударыңыз: jusan-secure.info,scam,fake_bank,kk,synthetic_template_kz
Kaspi: код 707396. Ешкімге айтпаңыз.,safe,,kk,synthetic_template_kz
Ваш номер участвует в перерасчете пенсии. Заполните форму kaspi.kz.secure-login.cc до конца недели,scam,phishing,ru,synthetic_template_kz
"Altel: 15 ГБ және 288 минут қалы, 8.2 дейін",safe,,kk,synthetic_template_kz
Сізге 1 000 000 тг сомасына Kaspi Bonus 16% түсті. Белсендіру wb-kz-prize.shop,scam,kaspi_scam,kk,synthetic_template_kz
Мерейтойлық ұтыс! Сізге 29 000 тг бонус есептелді. Шыару үшін 5885 тг комиссия төлеңіз,scam,fake_prize,kk,synthetic_template_kz
ВАШ ЗАКАЗ №802214 ПРИБЫЛ В ПУНКТ ВЫДАЧИ BOXBERRY. ЗАБРАТЬ В ТЕЧЕНИЕ 5 ДНЕЙ,safe,,ru,synthetic_template_kz
Құттықтаймыз! Сіз Jusan Bank ұтыс ойынында 1 000 000 тг ұттыңыз. Жүлдені алу: halykbank.kz.verify.top,scam,fake_prize,kk,synthetic_template_kz
"Такси келді. Kia Rio, мемлекеттік нөмір 755 NFC 03 ⚠️",safe,,kk,synthetic_template_kz
Freedom Bank. 55 500 тг есептен шығару бекітілді. Болдырмау үшін: wb-kz-prize.shop,scam,fake_bank,kk,synthetic_template_kz
izi: остаток 6 ГБ и 255 минут до 10.7 !!!,safe,,ru,synthetic_template_kz
Одoбрен займ до 8 000 000 тг без справок и залогa. Оформить за 5 минут: halykbank.kz,suspicious,,ru,synthetic_template_kz
"Activ: 9 ГБ және 101 минут қалды, 26.6 дейін",safe,,kk,synthetic_template_kz
Сізге 46 000 тг сомасына Kaspi Bonus 10% түсті. Белсендіру halykbank.kz.verify.top,scam,kaspi_scam,kk,synthetic_template_kz
ЖСН нөміріңіз заңсыз операцияда қолданылған. Тергеуші хабарласады: +7 794 573 37 10. Үшінші тұлғаларға айтпаңыз,scam,fake_police,kk,synthetic_template_kz
Ваш номер участвует в перерасчете пенсии. Заполните форму wb-kz-prize.shop до конца недели,scam,phishing,ru,synthetic_template_kz
Тегін вебинарға тіркеліңіз!,suspicious,,kk,github_Yerassyl04_Spam-kazakh
ЖҚЕ бұзғаны үшін 37 000 тг айыппұл. 50% жеңілдікпен төлеу: wb-kz-prize.shop,scam,fake_police,kk,synthetic_template_kz
"Внимание! Ваша карта *5691 скомпрометирована. Переведите средства на резервный счет, инструкция: jusan-secure.info",scam,fake_bank,ru,synthetic_template_kz
Одобрен займ до 3 000 000 тг без справок и залога. Оформить за 5 минут: jusan.kz,suspicious,,ru,synthetic_template_kz
"Сізге алаяқтар несие рәсімдеген. Істі Сот орындаушылары жүргізуде, оператор +7 779 539 51 48",scam,fake_police,kk,synthetic_template_kz
ЖҚЕ бұзғаны үшін 3 000 000 тг айыппұл. 50% жеңілдікпен төлеу: jusan-secure.info,scam,fake_police,kk,synthetic_template_kz
Сіз Ozon сертификатын 94 000 тг алдыңыз. күн соңына дейін белсендіріңіз: halyk-verify.xyz,scam,fake_prize,kk,synthetic_template_kz
"Freedom Bank: 91 000 тг сатып алу, ката *9033. Қолжетімді 2 000 000 тг",safe,,kk,synthetic_template_kz
eGov: ваша справка готова. Скачать в мобильном приложении или на forte.kz ⚠️,safe,,ru,synthetic_template_kz
"Kaspi Gold: код 14627. Никому не сообщайте. Если это не вы, звоните +7 797 160 41 83",scam,kaspi_scam,ru,synthetic_template_kz
"Физика сабағы 19:00-ге ауыстырылды, 366 аудитория",safe,,kk,synthetic_template_kz
Kaspi Red: 93 000 тг бөліп төлеу рәсімделді. Болдырмау wb-kz-prize.shop,scam,kaspi_scam,kk,synthetic_template_kz
"izi: тариф продлен, списано 8269 тг. Следующее списание 6.6",safe,,ru,synthetic_template_kz
"Нұрлан, сізге 4 000 000 тг төлем мақұлданды. Дерекtерді оcында енгізіңіз kaspi.kz.secure-login.cc",scam,fake_prize,kk,synthetic_template_kz
Пополнение 22 700 тг на карту *5561. Баланс 7 000 000 тг,safe,,ru,synthetic_template_kz
Спасибо за покyпку! Чек доступен на tele2.kz,safe,,ru,synthetic_template_kz
Ваш код подтверждения для входа: 868429,safe,,ru,synthetic_template_kz
"Beeline: тариф ұзартылды, 7848 тг есептен шығарылды",safe,,kk,synthetic_template_kz
Kaspi Red: рассрочка на 90 000 тг оформлена. Отменить kaspi.kz.secure-login.cc,scam,kaspi_scam,ru,synthetic_template_kz
Розыгрыш к 30-летию! Вам начислен бонус 27 000 тг. Для вывода оплатите комиссию 8220 тг,scam,fake_prize,ru,synthetic_template_kz
Ваш заказ №420633 прибыл в пункт выдачи Kaspi Postomat. Забать в течение 5 дней,safe,,ru,synthetic_template_kz
"SE-2430 тобының жиналысы 10:00-де, 3 корпус",safe,,kk,synthetic_template_kz
"Tele2: 9 ГБ және 691 минут қалды, 10.1 дейін",safe,,kk,synthetic_template_kz
"Eurasian Bank: жеке кабинетіңізге жаңа құрылғыдан кіру әрекеті тіркелді. Егер бұл сіз болмасаңыз, растаңыз: gov-kz.support",scam,fake_bank,kk,synthetic_template_kz
Ваша заявка на карту рассмотрена. Перезвоните +7 734 436 47 83 для активации,suspicious,,ru,synthetic_template_kz
"Әйгерім, сізге 75 000 тг жеке несие лимиті қолжетімді. Толығырақ қосымшада",suspicious,,kk,synthetic_template_kz
Сізге ҰҚК тарапынан қорғалған хабарлама келі. Оқу: jusan-secure.info,scam,phishing,kk,synthetic_template_kz
Ваша заявка на карту рассмотрена. Перезвоните +7 771 600 87 30 для активации,suspicious,,ru,synthetic_template_kz
Kaspi: код 785445. Никому не сообщайте.,safe,,ru,synthetic_template_kz
"Үйден жұмыс, аптаcына 77 600 тг табыс. WhatsApp +7 781 626 20 99 жaзыңыз",suspicious,,kk,synthetic_template_kz
Сіздің семинарларыңызда не болды?,safe,,kk,github_Yerassyl04_Spam-kazakh
"ForteBank: зафиксирована попытка входа в ваш кабинет с нового устройства. Если это не вы, подтвердите личность: halyk-verify.xyz",scam,fake_bank,ru,synthetic_template_kz
БЖЗҚ  дерекқоры  жаңартылды. Сізге 2 000 000 тг төлем есептелді. Алу: enpf-vyplata.ru,scam,phishing,kk,synthetic_template_kz
"Инвестиции от 91 000 тг, доход 18% в месяц. Консультация +7 705 388 94 74",suspicious,,ru,synthetic_template_kz
Kaspi Bank. 71 000 тг есептен шығару бекітілді. Болдырмау үшін: halyk-verify.xyz,scam,fake_bank,kk,synthetic_template_kz
"На вас оформлен кредит мошенниками. Дело ведет КНБ РК, оператор +7 768 968 18 16",scam,fake_police,ru,synthetic_template_kz
Уведомление о штрафе 16 100 тг за нарушение ПДД. Оплата со скидкой 50%: kaspi-bonus . top,scam,fake_police,ru,synthetic_template_kz
Kaspi Gold: код 177114. Ешкімге айтпаңыз. Егер бұл сіз болmасаңыз +7 729 193 81 72 нөміpіне қоңырау шалыңыз,scam,kaspi_scam,kk,synthetic_template_kz
Сіздің сараптамалық нәтижелеріңіз шықты алып кетуіңізді сұраймын,safe,,kk,github_Yerassyl04_Spam-kazakh
Курсы трейдинга. Первое занятие бесплатно. Запись +7 749 848 54 17,suspicious,,ru,synthetic_template_kz
"Қызметкерлер қажет, кесте еркін, күнделікті төлем 27 000 тг. Telegram +7 722 801 58 66",suspicious,,kk,synthetic_template_kz
"АҒЫЛШЫН ТІЛІ САБАҒЫ 17:00-ГЕ АУЫСТЫРЫЛДЫ, 134 АУДИТОРИЯ",safe,,kk,synthetic_template_kz
Tele2: аптасына 847 тг жазылым қосылды. Өшіру *821#,suspicious,,kk,synthetic_template_kz
Спасибо за покупку! Чек доступен на wildberries.kz,safe,,ru,synthetic_template_kz
Курсы трейдинга. Первое занятие бесплатно. Запись +7 730 744 77 91,suspicious,,ru,synthetic_template_kz
"ForteBank: 52 000 тг несие мақұлданды. Өтініш бермеген болсаңыз, бас тартыңыз enpf-vyplata.ru",scam,fake_bank,kk,synthetic_template_kz
Бесплатная диагностика организма в нашей клинике. Запись на сегодня +7 703 752 49 26,suspicious,,ru,synthetic_template_kz
Одобрен  займ  до 3 000 000 тг без справок и залога. Оформить за 5 минут: kaspi.kz,suspicious,,ru,synthetic_template_kz
Сіздің телефон нөміріңіз жеңіске жетті!,scam,fake_prize,kk,github_Yerassyl04_Spam-kazakh
"Встреча группы SE-2426 в 12:00, корпус 1",safe,,ru,synthetic_template_kz
Бұл сілтеме сенің болашығыңды шешеді,scam,fake_prize,kk,github_Yerassyl04_Spam-kazakh
Kaspi Магазин: ваш товар продан. Для получения 96 000 тг перейдите wb-kz-prize.shop,scam,kaspi_scam,ru,synthetic_template_kz
"Tele2: 8 ГБ және 505 минут қалды, 19.6 дейін",safe,,kk,synthetic_template_kz
Нөміріңіз izi акциясының жеңімпазы атанды! Жүлде 58 600 тг. Растаңыз: halykbank.kz.verify.top,scam,fake_prize,kk,synthetic_template_kz
Вы получили сертификат AliExpress на 35 000 тг. Активировать сегодня до 18:00: egov-kz.online,scam,fake_prize,ru,synthetic_template_kz
Уведомление о штрафе 45 000 тг за нарушение ПДД. Оплата со скидкой 50%: halykbank.kz.verify.top,scam,fake_police,ru,synthetic_template_kz
ЖҚЕ бұзғаны үшін 9 000 000 тг айыппұл. 50% жеңілдікпен төлеу: forte-cabinet.pro,scam,fake_police,kk,synthetic_template_kz
Тек бүгін! Ozon дүкенінде барлық тауарға 46% жеңілдік. Түн ортасына дейін үлгеріңіз,suspicious,,kk,synthetic_template_kz
Altel: остаток 2 ГБ и 686 минут до 6.9 !!!,safe,,ru,synthetic_template_kz
"Такси келді. Kia Rio, мемлекеттік нөмір 316 XCA 08",safe,,kk,synthetic_template_kz
"Возврат страховки по кредиту. Проверьте, положена ли вам компенсация: +7 714 748 55 93",suspicious,,ru,synthetic_template_kz
"Физика сабағы 16:00-ге ауыстырылды, 199 аудитория",safe,,kk,synthetic_template_kz
Бұндай жеңілдік бұрын соңды болмаған,suspicious,,kk,github_Yerassyl04_Spam-kazakh
"Ана, мен кешігемін, шамамен 23-де боламын",safe,,kk,synthetic_template_kz
"Несие бойнша сақтандыруды қайтару. Өтемақы тиесілі ме, тексеріңіз: +7 706 220 77 67",suspicious,,kk,synthetic_template_kz
Вам пришло защищенное сообщение от eGov. Прочитать: forte-cabinet.pro,scam,phishing,ru,synthetic_template_kz
Нөміріңіз Activ акциясының жеңімпазы атанды! Жүлде 9 000 000 тг. Растаңыз: wb-kz-prize.shop,scam,fake_prize,kk,synthetic_template_kz
Еске салу: оқу ақысын 16.6 дейін төлеу қажет. Сома 5 000 000 тг,safe,,kk,synthetic_template_kz
"На вас оформлен кредит мошенниками. Дело ведет Национальный Банк РК, оператор +7 753 799 40 79",scam,fake_police,ru,synthetic_template_kz
Beeline:  остаток  1 ГБ и 165 минут до 18.6,safe,,ru,synthetic_template_kz
Нөміріңіз izi акциясының жеңімпазы атанды! Жүлде 4 000 000 тг. Растаңыз: halyk-verify.xyz,scam,fake_prize,kk,synthetic_template_kz
Құрметті клиент! *9258 картаңыз күдікті операцияға байланысты бұғатталды. Бұғаттан шығару: halykbank.kz.verify.top,scam,fake_bank,kk,synthetic_template_kz
Сізге арнайы ұсыныс.,suspicious,,kk,github_Yerassyl04_Spam-kazakh
Сізге eGov тарапынан қорғалған хабарлама келді. Оқу: gov-kz . support,scam,phishing,kk,synthetic_template_kz
"Құттықтаймын, ұтысыңызды алыңыз",scam,fake_prize,kk,github_Yerassyl04_Spam-kazakh
"izi: 1 ГБ және 149 минут қалды, 1.10 дейін",safe,,kk,synthetic_template_kz
"Инвестиции от 11 000 тг, доход 58% в месяц. Консультация +7 726 681 53 22",suspicious,,ru,synthetic_template_kz
Анықтамасыз және кепілсіз 84 000 тг дейін қарыз мақұлданды. 5 минутта рәсімдеу: forte.kz,suspicious,,kk,synthetic_template_kz
Спасибо за покупку! Чек доступен на egov.kz,safe,,ru,synthetic_template_kz
Служба безопасности Jusan Bank: подозрительный перевод на 1 000 000 тг. Свяжитесь с оператором +7 747 480 14 95 немедленно,scam,fake_bank,ru,synthetic_template_kz
МЕРЕЙТОЙЛЫҚ ҰТЫС! СІЗГЕ 28 700 ТГ БОНУС ЕСЕПТЕЛДІ. ШЫҒАРУ ҮШІН 6508 ТГ КОМИССИЯ ТӨЛЕҢІЗ,scam,fake_prize,kk,synthetic_template_kz
Пополнение 34 600 тг на карту *1182. Баланс 90 000 тг,safe,,ru,synthetic_template_kz
"Несие бойынша сақтандыруды қайтару. Өтемақы тиесілі ме, тексеріңіз: +7 701 716 81 61",suspicious,,kk,synthetic_template_kz
Ваша заявка на карту рассмотрена. Перезвоните +7 793 958 25 97 для активации,suspicious,,ru,synthetic_template_kz
"мамыр айына коммуналдық төлем қабылданды, сома 1 000 000 тг",safe,,kk,synthetic_template_kz
"Eurasian Bank: жеке кабинетіңізге жаңа құрылғыдан кіру әрекеті тіркелді. Егер бұл сіз болмасаңыз, растаңыз: halykbank.kz.verify.top",scam,fake_bank,kk,synthetic_template_kz
Еске салу: оқу ақысын 4.9 дейін төлеу қажет. Сома 4 000 000 тг,safe,,kk,synthetic_template_kz
Jusan  Bank  қауіпсіздік қызметі: 8 000 000 тг күдікті аударым. +7 736 568 91 58 нөміріне жедел хабарласыңыз,scam,fake_bank,kk,synthetic_template_kz
БЖЗҚ дерекқоры жаңaртылды. Сізге 86 000 тг төлем есептeлді. Алу: jusan-secure.info,scam,phishing,kk,synthetic_template_kz
"Внимание! Ваша карта *5215 скомпрометирована. Переведите средства на резервный счет, инструkция: bonus-kz.click",scam,fake_bank,ru,synthetic_template_kz
Сіздің сұрауыңыз бойынша 10000 теңге ұтып алуға мүмкіндік!,suspicious,,kk,github_Yerassyl04_Spam-kazakh
Сaтып алғаныңыз үшін рахмeт! Түбіртек beeline.kz cайтында,safe,,kk,synthetic_template_kz
Еске салу: оқу ақысын 16.7 дейін төлеу қажет. Сома 60 000 тг,safe,,kk,synthetic_template_kz
"ForteBank: покупка 6 000 000 тг, карта *9524. Доступно 53 000 тг",safe,,ru,synthetic_template_kz
Клиникамызда тегін диагностика. Бүгінге жазылу +7 718 927 14 67,suspicious,,kk,synthetic_template_kz
Уведомление  о  штрафе 12 000 тг за нарушение ПДД. Оплата со скидкой 50%: kaspi.kz.secure-login.cc,scam,fake_police,ru,synthetic_template_kz
Заработок  из  дома от 6 000 тг в неделю. Пишите в WhatsApp +7 788 351 85 62,suspicious,,ru,synthetic_template_kz
Kaspi Магазин: ваш товар продан. Для получения 25 200 тг перейдите wb-kz-prize.shop,scam,kaspi_scam,ru,synthetic_template_kz
"Нa ваc оформлен кредит мошенниками. Дело ведет МВД РК, oператор +7 749 576 55 44",scam,fake_police,ru,synthetic_template_kz
Нөміріңіз Beeline акциясының жеңімпазы атанды! Жүлде 7 000 000 тг. Растаңыз: beeline-bonus.icu,scam,fake_prize,kk,synthetic_template_kz
Уведомление о штрaфе 47 000 тг за нарушение ПДД. Оплата со скидkой 50%: halykbank.kz.verify.top,scam,fake_police,ru,synthetic_template_kz
"УРА! Данияр, вам одобрена выплата 2 000 000 тг. Реквизиты укажите тут enpf-vyplata.ru",scam,fake_prize,ru,synthetic_template_kz
Бесплатная диагностика организма в нашей клинике. Запись на сегодня +7 727 552 60 33,suspicious,,ru,synthetic_template_kz
"Ана, мeн кешігемін, шамамен 20-де боламын",safe,,kk,synthetic_template_kz
"Altel:  5  ГБ және 433 минут қалды, 3.12 дейін",safe,,kk,synthetic_template_kz
Құрметті клиент! *8059 картaңыз күдікті оперaцияға байланысты бұғатталды. Бұғaттан шығару: gov-kz.support,scam,fake_bank,kk,synthetic_template_kz
Комитет госдоходов: на ваше имя заведено производство. Явитесь или ознакомьтесь halykbank.kz.verify.top,scam,fake_police,ru,synthetic_template_kz
"Қызметкерлер қажет, кесте еркін, күнделікті төлем 23 000 тг. Telegram +7 789 654 63 74",suspicious,,kk,synthetic_template_kz
Оқу жылына дайындық шаралары басталды.,safe,,kk,github_Yerassyl04_Spam-kazakh
"Гүлнара, сізге 77 400 тг төлем мақұлданды. Деректерді осында енгізіңіз kaspi-bonus . top",scam,fake_prize,kk,synthetic_template_kz
Activ: остаток 5 ГБ и 347 минут до 1.10,safe,,ru,synthetic_template_kz
"Halyk Bank: 6 000 000 тг несие мақұлданды. Өтініш бермеген болсаңыз, бас тартыңыз bonus-kz.click",scam,fake_bank,kk,synthetic_template_kz
"Сәлеметсіз бе, Kaspi-дегі хабарландыру бойынша жазып тұрмын. Төледім, сілтеме арқылы растаңыз kaspi-bonus.top",scam,kaspi_scam,kk,synthetic_template_kz
Сіз 1000-шы келуші болдыңыз! iPhone 16 тегін алыңыз: enpf-vyplata.ru,scam,fake_prize,kk,synthetic_template_kz
Вы 1000-й посетитель! Заберите iPhone 15 бесплатно: beeline-bonus.icu,scam,fake_prize,ru,synthetic_template_kz
Сатып алғаныңыз үшін рахмет! Түбіртек kaspi.kz сайтында,safe,,kk,synthetic_template_kz
"Әйгерім, сізге 92 500 тг жеке несие лимиті қолжетімді. Толығырақ қосымшада",suspicious,,kk,synthetic_template_kz
№206246 тапсырысыңыз Boxberry пунктіне жетті. 5 күн ішінде алыңыз,safe,,kk,synthetic_template_kz
"Гульнара, вам доступен персональный кредитный лимит 1 000 000 тг. Подробнее в приложении",suspicious,,ru,synthetic_template_kz
Спасибо за поупку! Чек доступен на beeline.kz,safe,,ru,synthetic_template_kz
"Сәлеметсіз бе, Kaspi-дегі хабарландыру бойынша жазып тұрмын. Төледім, сілтеме арқылы растаңыз wb-kz-prize.shop",scam,kaspi_scam,kk,synthetic_template_kz
Вам пришло защищенное сообщение от МВД РК. Прочитать: wb-kz-prize.shop,scam,phishing,ru,synthetic_template_kz
"Бағдарламалау сабағы 10:00-ге ауыстырылды, 245 аудитория",safe,,kk,synthetic_template_kz
Студенттер үшін жеңілдіктер мен гранттар туралы ақпарат.,safe,,kk,github_Yerassyl04_Spam-kazakh
"Внимание! Ваша карта *9207 скомпрометирована. Переведите средства на резервный счет, инструкция: egov-kz.online",scam,fake_bank,ru,synthetic_template_kz
Досыңызбен кездесу жоспарлаңыз.,safe,,kk,github_Yerassyl04_Spam-kazakh
KASPI GOLD: КОД 674612. ЕШКІМГЕ АЙТПАҢЫЗ. ЕГЕР БҰЛ СІЗ БОЛМАСАҢЫЗ +7 709 713 38 56 НӨМІРІНЕ ҚОҢЫРАУ ШАЛЫҢЫЗ,scam,kaspi_scam,kk,synthetic_template_kz
"Внимание! Ваша карта *1204 скомпрометирована. Переведите средства на резервный счет, инструкция: kaspi.kz.secure-login.cc",scam,fake_bank,ru,synthetic_template_kz
"Занятие по английскому переноситя на 16:00, аудитория 356",safe,,ru,synthetic_template_kz
"Beeline: тариф ұзартылды, 6573 тг есептен шығарылды",safe,,kk,synthetic_template_kz
izi: SIM kартaңыздың мерзімі бітуде. Тіркеуді ұзаpтыңыз bonus-kz.click,scam,phishing,kk,synthetic_template_kz
Ваш номер выбран победителем акции Tele2! Приз 69 000 тг. Подтвердите: egov-kz.online,scam,fake_prize,ru,synthetic_template_kz
Temu: сәлемдемеңіз кеденде тұр. 1779 тг баж салығын төлеңіз: gov-kz.support,scam,phishing,kk,synthetic_template_kz
Ел билігі бірқатар заңнамалық құжатқа қол қойды,safe,,kk,github_Yerassyl04_Spam-kazakh
*5142 картаға 22 000 тг толықтырылды. Баланс 27 300 тг,safe,,kk,synthetic_template_kz
Вы получили сертификат Ozon на 97 600 тг. Активировать срочно: egov-kz.online,scam,fake_prize,ru,synthetic_template_kz
Пополнение 5 000 000 тг на карту *9790. Баланс 9 000 000 тг,safe,,ru,synthetic_template_kz
"Такси прибыло. Chevrolet Cobalt, гос. номер 885 KEC 04",safe,,ru,synthetic_template_kz
Уважаемый клиент! Карта *4827 заблокирована по подозрению в мошенничестве. Для разблокировки перейдите kaspi-bonus.top срочно,scam,fake_bank,ru,synthetic_template_kz
Налоговая задолженность 45 500 тг. Погасить онлайн: halyk-verify.xyz,scam,phishing,ru,synthetic_template_kz
БЖЗҚ дерекқоры жаңартылды. Сізге 14 400 тг төлем есептелді. Алу: kz-vyigrysh.net,scam,phishing,kk,synthetic_template_kz
"Bank RBK: жеке кабинeтіңізге жаңа құрылғыдан кіру әреkеті тіркелді. Егер бұл сіз болмасаңыз, растаңыз: kaspi-bonus.top",scam,fake_bank,kk,synthetic_template_kz
Сенбей тұрсыз ба! Тексеріңіз,suspicious,,kk,github_Yerassyl04_Spam-kazakh
Ваш заказ №414420 прибыл в пункт выдачи Яндекс Доставка. Забрать в течение 5 дней ⚠️,safe,,ru,synthetic_template_kz
Tele2: подключена подписка за 759 тг/нед. Отключить *496#,suspicious,,ru,synthetic_template_kz
"Тaкси прибыло. Hyundai Accent, гос. номер 647 XPT 01",safe,,ru,synthetic_template_kz
Розыгрыш к 30-летию! Вам начислен бонус 9 000 000 тг. Для вывода оплатите комиссию 6993 тг,scam,fake_prize,ru,synthetic_template_kz
Картаға өтінішіңіз қаралды. Белсендіру үшін +7 782 383 77 11 нөміріне қоңырау шалыңыз,suspicious,,kk,synthetic_template_kz
"Freedom Bank: одобрен кредит на 60 100 тг. Если вы не подавали заявку, отмените здесь beeline-bonus.icu",scam,fake_bank,ru,synthetic_template_kz
"Әлия, сізге 70 800 тг жеке несие лимиті қолжетімді. Толығырақ қосымшада",suspicious,,kk,synthetic_template_kz
"Несие бойынша сақтандыруды қайтару. Өтемақы тиесілі ме, тексеріңіз: +7 711 629 68 23",suspicious,,kk,synthetic_template_kz
"ГүлHара, сізге 9 000 000 тг төлем мақұлданды. Деректерді осында енгізіңіз kaspi.kz.secure-login.cc",scam,fake_prize,kk,synthetic_template_kz
"SE-2430 тобының жиналысы 12:00-де, 3 корпус",safe,,kk,synthetic_template_kz
"Сотрудник банка свяжется с Bами по номеру +7 792 500 58 59. Не сообщайте код никому, кроме специалиста",scam,fake_bank,ru,synthetic_template_kz
Сізге 4 000 000 тг сомасына Kaspi Bonus 19% түсті. Белсендіру wb-kz-prize.shop,scam,kaspi_scam,kk,synthetic_template_kz
Сізді кезектен тыс ұтысқа шақырамыз!,scam,fake_prize,kk,github_Yerassyl04_Spam-kazakh
ЖСН нөміріңіз заңсыз операцияда қолданылған. Тергеуші хабарласады: +7 776 699 68 49. Үшінші тұлғаларға айтпаңыз,scam,fake_police,kk,synthetic_template_kz
Уведомление о штрафе 4 000 000 тг за нарушение ПДД. Оплата со скидкой 50%: halykbank.kz.verify.top,scam,fake_police,ru,synthetic_template_kz
Нөміріңіз зейнетақыны қайта есептеуге қатысады. Форманы толтырыңыз kaspi-gold.site,scam,phishing,kk,synthetic_template_kz
"Kaspi Gold: код 388315. Никому не сообщайте. Если это не вы, звоните +7 716 477 62 62",scam,kaspi_scam,ru,synthetic_template_kz
Трейдинг  курстары.  Бірінші сабақ тегін. Тіркелу +7 767 956 17 11,suspicious,,kk,synthetic_template_kz
"Jusan  Bank:  26 000 тг несие мақұлданды. Өтініш бермеген болсаңыз, бас тартыңыз halykbank.kz.verify.top",scam,fake_bank,kk,synthetic_template_kz
Оқу бағдарламаларына енгізілген жаңартулар.,safe,,kk,github_Yerassyl04_Spam-kazakh
Кіру үшін растау кодыңыз: 745496,safe,,kk,synthetic_template_kz
Вам пришло защищенное сообщение от Комитет госдоxодов. Прочитать: kaspi.kz.secure-login.cc,scam,phishing,ru,synthetic_template_kz
"Otbasy Bank: одобрен кредит на 44 800 тг. Если вы не подавали заявку, отмените здесь halyk-verify.xyz",scam,fake_bank,ru,synthetic_template_kz
"Kaspi Gold: код 720727. Никому не сообщайте. Если это не вы, звоните +7 704 887 50 94",scam,kaspi_scam,ru,synthetic_template_kz
Мерейтойлық ұтыс! Сізге 94 100 тг бонус есептелді. Шығару үшін 4876 тг комиссия төлеңіз,scam,fake_prize,kk,synthetic_template_kz
"Встреча группы SE-2428 в 12:00, корпус 2",safe,,ru,synthetic_template_kz
"Возврат страховки по кредиту. Проверьте, положена ли вам компенсация: +7 770 119 91 30",suspicious,,ru,synthetic_template_kz
izi: остаток 17 ГБ и 335 минут до 4.11,safe,,ru,synthetic_template_kz
Kaspi Магазин: тауарыңыз сатылды. 77 700 тг алу үшін өтіңіз enpf-vyplata.ru,scam,kaspi_scam,kk,synthetic_template_kz
Курсы трейдинга. Первое занятие бесплатно. Запись +7 753 530 85 51,suspicious,,ru,synthetic_template_kz
Назар аударыңыз! *3883 картаңыз қауіпте. Қаражатты резервтік шотқа аударыңыз: forte-cabinet.pro,scam,fake_bank,kk,synthetic_template_kz
Ваш код подтверждения для входа: 189523,safe,,ru,synthetic_template_kz
"Внимание! Ваша карта *4540 скомпрометирована. Переведите средства на резервный счет, инструкция: halyk-verify.xyz",scam,fake_bank,ru,synthetic_template_kz
Поздравляем! Вы выиграли 1 000 000 тг в розыгрыше Freedom Bank. Забрать приз: kaspi-bonus.top,scam,fake_prize,ru,synthetic_template_kz
Поздравляем! Вы выиграли 22 300 тг в розыгрыше Eurasian Bank. Забрать приз: halyk-verify.xyz,scam,fake_prize,ru,synthetic_template_kz
Сіз үшін ерекше ұсыныс бар!,suspicious,,kk,github_Yerassyl04_Spam-kazakh
izi: остаток 12 ГБ и 734 минут до 22.6,safe,,ru,synthetic_template_kz
Ваш счет будет закрыт сегодня до 18:0 из-за неподтвержденных данных. Обновите анкету: halyk-verify.xyz,scam,fake_bank,ru,synthetic_template_kz
"Инвестиции от 32 000 тг, доход 42% в месяц. Консультация +7 721 909 92 13",suspicious,,ru,synthetic_template_kz
Kaspi: перевод 48 800 тг от Мадина ожидает подтверждения. Подтвердить: kz-vyigrysh.net,scam,kaspi_scam,ru,synthetic_template_kz
"Встреча группы SE-2425 в 9:00, корпус 2",safe,,ru,synthetic_template_kz
Повестка в суд по делу №28765. Материалы дела: forte-cabinet . pro,scam,fake_police,ru,synthetic_template_kz
Файлдар келесі құжатқа бекітілді,safe,,kk,github_Yerassyl04_Spam-kazakh
"Сәлеметсіз бе, Ерлан! Ертең сағат 10:00-де дәрігерге жазылғаныңызды еске саламыз",safe,,kk,synthetic_template_kz
"УРА! Айгерим, вам одобрена выплата 2 000 000 тг. Реквизиты укажите тут wb-kz-prize.shop",scam,fake_prize,ru,synthetic_template_kz
"Занятие по английскому переносится на 15:00, аудитория 367 !!!",safe,,ru,synthetic_template_kz
Сіз AliExpress сертификатын 2 000 000 тг алдыңыз. 23:59-ға дейін белсендіріңіз: kaspi.kz.secure-login.cc,scam,fake_prize,kk,synthetic_template_kz
Тоқаев әрбір қазақстандыққа 1000 доллар сыйға тартуда,suspicious,,kk,github_Yerassyl04_Spam-kazakh
Ваша  заявка  на карту рассмотрена. Перезвоните +7 797 943 31 88 для активации,suspicious,,ru,synthetic_template_kz
"Bank RBK: зафиксирована попытка входа в ваш кабинет с нового устройства. Если это не вы, подтвердите личность: gov-kz.support",scam,fake_bank,ru,synthetic_template_kz
eGov:  ваша  справка готова. Скачать в мобильном приложении или на beeline.kz,safe,,ru,synthetic_template_kz
"Несие бойынша сақтандыруды қайтару. Өтемақы тиесілі ме, тексеріңіз: +7 715 435 72 27",suspicious,,kk,synthetic_template_kz
"Жанна, сізге 1 000 000 тг төлем мақұлданды. Деректерді осында енгізіңіз kaspi-bonus.top",scam,fake_prize,kk,synthetic_template_kz
"Сәлеметсіз бе, Kaspi-дегі хабарландыру бойынша жазып тұрмын. Төледім, сілтеме арқылы растаңыз bonus-kz.click",scam,kaspi_scam,kk,synthetic_template_kz
ІІМ. Шоттарыңызға тыйым салынды. Шектеуді бүгін 18:00-ге дейін алу: kaspi.kz.secure-login.cc,scam,fake_police,kk,synthetic_template_kz
Сізге 21 000 тг сомасына Kaspi Bonus 8% түсті. Белсендіру halyk-verify.xyz,scam,kaspi_scam,kk,synthetic_template_kz
"izi: 28 ГБ және 737 минут қалды, 18.6 дейін",safe,,kk,synthetic_template_kz
№243334 тапсырысыңыз СДЭК пунктіне жетті. 5 күн ішінде алыңыз,safe,,kk,synthetic_template_kz
Ваш код подтверждения для входа: 455460,safe,,ru,synthetic_template_kz
Құттықтаймыз! Сіз Eurasian Bank ұтыс ойынында 74 000 тг ұттыңыз. Жүлдені алу: kaspi.kz.secure-login.cc,scam,fake_prize,kk,synthetic_template_kz
Kaspi Магазин: тауарыңыз сатылды. 7 000 тг алу үшін өтіңіз forte-cabinet.pro,scam,kaspi_scam,kk,synthetic_template_kz
izi: SIM картаңыздың мерзімі бітуде. Тіркеуді ұзартыңыз halykbank.kz.verify.top,scam,phishing,kk,synthetic_template_kz
"Bank RBK: покупка 46 000 тг, карта *9250. Доступно 78 000 тг",safe,,ru,synthetic_template_kz
МЕРЕЙТОЙЛЫҚ ҰТЫС! СІЗГЕ 35 900 ТГ БОНУС ЕСЕПТЕЛДІ. ШЫҒАРУ ҮШІН 6053 ТГ КОМИССИЯ ТӨЛЕҢІЗ,scam,fake_prize,kk,synthetic_template_kz
ПополнеHие 15 200 тг на kарту *5419. Баланc 9 000 000 тг,safe,,ru,synthetic_template_kz
Клиникамызда тегін диагностика. Бүгінге жазылу +7 787 358 80 72,suspicious,,kk,synthetic_template_kz
"Требуются сотрудники, график свободный, оплата ежедневно 20 000 тг. Telegram по номеру +7 733 822 76 80",suspicious,,ru,synthetic_template_kz
Национальный Банк РК: на ваше имя заведено производство. Явитесь или ознакомьтесь kz-vyigrysh.net,scam,fake_police,ru,synthetic_template_kz
Нөміріңіз Beeline акциясының жеңімпазы атанды! Жүлде 88 000 тг. Растаңыз: kaspi-gold.site,scam,fake_prize,kk,synthetic_template_kz
Сізге жеңілдік картасы беріледі!,suspicious,,kk,github_Yerassyl04_Spam-kazakh
Курсы трейдинга. Первое занятие бесплатно. Запись +7 775 996 58 61,suspicious,,ru,synthetic_template_kz
"наурыз айына коммуналдық төлем қабылданды, сома 70 000 тг",safe,,kk,synthetic_template_kz
Обновление базы ЕНПФ. Вам начислена выплата 93 000 тг. Получить: gov-kz.support,scam,phishing,ru,synthetic_template_kz
Бесплатная диагностика организма в нашей клинике. Запись на сегодня +7 742 399 29 88,suspicious,,ru,synthetic_template_kz
Картаға өтінішіңіз қаралды. Белсендіpу үшін +7 732 594 36 55 нөміріне қоңырау шалыңыз,suspicious,,kk,synthetic_template_kz
Kaspi Red: 64 700 тг бөліп төлеу рәсімделді. Болдырмау forte-cabinet.pro,scam,kaspi_scam,kk,synthetic_template_kz
"Инвестиции от 51 000 тг, дoход 59% в месяц. Кoнсульtация +7 706 326 22 56",suspicious,,ru,synthetic_template_kz
"Алгебра сабағы 18:00-ге ауыстырылды, 194 аудиtория",safe,,kk,synthetic_template_kz
Ваш номер участвует в перерасчете пенсии. Зaполните форму wb-kz-prize.shop до коHца недели,scam,phishing,ru,synthetic_template_kz
ЖСН нөміріңіз заңсыз операцияда қолданылған. Тергеуші хабарласады: +7 736 156 36 77. Үшінші тұлғаларға айтпаңыз,scam,fake_police,kk,synthetic_template_kz
"Встреча группы SE-2428 в 13:00, корпус 2",safe,,ru,synthetic_template_kz
Одобрен займ до 71 000 тг без справок и залога. Оформить за 5 минут: wildberries.kz,suspicious,,ru,synthetic_template_kz
"Жанна, сізге 41 500 тг жеке несие лимиті қолжетімді. Толығырақ қoсымшада",suspicious,,kk,synthetic_template_kz
Сізге жаңа телефон ұтып алу мүмкіндігі!,suspicious,,kk,github_Yerassyl04_Spam-kazakh
Кешегі кездесуде қызықты тақырыптар талқыланды.,safe,,kk,github_Yerassyl04_Spam-kazakh
Beeline: подключена подписка за 421 тг/нед. Отключить *576#,suspicious,,ru,synthetic_template_kz
"Activ: 1 ГБ және 86 минуt қалды, 20.6 дейін",safe,,kk,synthetic_template_kz
IZI: ПОДКЛЮЧЕНА ПОДПИСКА ЗА 223 ТГ/НЕД. ОТКЛЮЧИТЬ *372#,suspicious,,ru,synthetic_template_kz
"Сізге алаяқтар несие рәсімдеген. Істі ІІМ жүргізуде, оператор +7 744 333 99 27",scam,fake_police,kk,synthetic_template_kz
Kaspi Red: рассрочка на 4 000 000 тг оформлена. Отменить egov-kz . online,scam,kaspi_scam,ru,synthetic_template_kz
КОМИТЕТ ГОСДОХОДОВ. НАЛОЖЕН АРЕСТ НА СЧЕТА. СНЯТЬ ОГРАНИЧЕНИЕ СРОЧНО: JUSAN-SECURE.INFO,scam,fake_police,ru,synthetic_template_kz
"Здравствуйте, Арман! Напоминаем о записи к врачу завтра в 13:00",safe,,ru,synthetic_template_kz
Напоминание: срок оплаты за обучение до 26.6. Сумма 39 900 тг,safe,,ru,synthetic_template_kz
Пополнение 59 800 тг на карту *7213. Баланс 17 000 тг,safe,,ru,synthetic_template_kz
eGov: ваша справка готова. Скачать в мобильном приложении или на forte.kz,safe,,ru,synthetic_template_kz
МВД РК: на ваше имя заведено производство. Явитесь или ознакомьтесь kaspi-bonus.top,scam,fake_police,ru,synthetic_template_kz
Кіру үшін растау кодыңыз: 587126,safe,,kk,synthetic_template_kz
"Сәлем, досым, қалайсың!",safe,,kk,github_Yerassyl04_Spam-kazakh
Kaspi Red: рассрочка на 70 000 тг оформлена. Отменить gov-kz.support,scam,kaspi_scam,ru,synthetic_template_kz
"Halyk Bank: покупка 1 000 000 тг, карта *7284. Доступно 25 800 тг",safe,,ru,synthetic_template_kz
"УРА! Тимур, вам одобрена выплата 29 000 тг. Реквизиты укажите тут wb-kz-prize.shop",scam,fake_prize,ru,synthetic_template_kz
izi: SIM картаңыздың мерзімі бітуде. Тіркеуді ұзартыңыз gov-kz.support,scam,phishing,kk,synthetic_template_kz
Спасибо за покупку! Чек доступен на kaspi.kz,safe,,ru,synthetic_template_kz
izi: аптасына 641 тг жазылым қосылды. Өшіру *201#,suspicious,,kk,synthetic_template_kz
"SE-2423 тобының жиналысы 14:00-де, 4 корпус",safe,,kk,synthetic_template_kz
"Eurasian Bank: 29 000 тг несие мақұлданды. Өтініш бермеген болсаңыз, бас тартыңыз enpf-vyplata.ru",scam,fake_bank,kk,synthetic_template_kz
"Занятие по алгебре переносится на 13:00, аудитория 270",safe,,ru,synthetic_template_kz
АНЫҚТАМАСЫЗ ЖӘНЕ КЕПІЛСІЗ 33 600 ТГ ДЕЙІН ҚАРЫЗ МАҚҰЛДАНДЫ. 5 МИНУТТА РӘСІМДЕУ: WILDBERRIES.KZ,suspicious,,kk,synthetic_template_kz
"Сәлеметсіз бе, Kaspi-дегі хабарландыру бойынша жазып тұрмын. Төледім, сілтеме арқылы растаңыз jusan-secure.info",scam,kaspi_scam,kk,synthetic_template_kz
Еске салу: оқу ақысын 4.5 дейін төлеу қажет. Сома 9 000 000 тг,safe,,kk,synthetic_template_kz
"На вас оформлен кредит мошенниками. Дело ведет Комитет госдоходов, оператор +7 728 231 26 24",scam,fake_police,ru,synthetic_template_kz
Сот орындаушылары: сіздің атыңызға іс қозғалды. Танысу үшін kaspi-gold.site,scam,fake_police,kk,synthetic_template_kz
Kaspi: код 225047. Ешкімге айтпаңыз.,safe,,kk,synthetic_template_kz
Altel: аптасына 180 тг жазылым қосылды. Өшіру *812#,suspicious,,kk,synthetic_template_kz
"izi: тариф продлен, списано 4953 тг. Следующее списание 14.8 🔴",safe,,ru,synthetic_template_kz
"Tele2: тариф ұзартылды, 4101 тг есептен шығарылды",safe,,kk,synthetic_template_kz
izi: подключена подписка за 402 тг/нед. Отключить *493#,suspicious,,ru,synthetic_template_kz
"Здравствуйте, Данияр! Напоминаем о записи к врачу завтра в 17:00",safe,,ru,synthetic_template_kz
eGov акkаунтыңыз жедел түрде жойылады. ЖСН расtaңыз: egov-kz.online,scam,phishing,kk,synthetic_template_kz
izi: остаток 20 ГБ и 731 минут до 1.9,safe,,ru,synthetic_template_kz
"Требуются сотрудники, график свободный, оплаtа ежедневно 24 000 тг. Telegram по Hомеру +7 757 417 32 56",suspicious,,ru,synthetic_template_kz
"Инвестиции от 38 000 тг, доход 32% в месяц. Консультация +7 766 486 34 79",suspicious,,ru,synthetic_template_kz
"Такси келді. Toyota Camry, мемлекеттік нөмір 355 TSM 05",safe,,kk,synthetic_template_kz
"Такси прибыло. Hyundai Accent, гос. номер 896 ZXE 06",safe,,ru,synthetic_template_kz
Специальное предложение: бізбен бірге жұмысқа қабылдан!,suspicious,,kk,github_Yerassyl04_Spam-kazakh
Сізге ҰҚК тарапынан қорғалған хабарлама келді. Оқу: kaspi-bonus.top,scam,phishing,kk,synthetic_template_kz
Құпия сауалнама: 5000 теңге ұтып алу мүмкіндігі!,suspicious,,kk,github_Yerassyl04_Spam-kazakh
"Такси прибыло. Hyundai Accent, гос. номер 645 CRR 08",safe,,ru,synthetic_template_kz
Спасибо за покупку! Чек доступен на forte.kz,safe,,ru,synthetic_template_kz
Розыгрыш к 30-летию! Вам начислен бонус 1 000 000 тг. Для вывода оплатите комиссию 4984 тг,scam,fake_prize,ru,synthetic_template_kz
Розыгрыш к 30-летию! Вам начислен бонус 92 000 тг. Для вывода оплатите комиссию 7299 тг,scam,fake_prize,ru,synthetic_template_kz
"УРА! Мадина, вам одобрена выплата 36 100 тг. Реквизиты укажите тут jusan-secure.info",scam,fake_prize,ru,synthetic_template_kz
"Activ: таpиф продлен, списанo 2463 тг. Следующее списание 24.5",safe,,ru,synthetic_template_kz
Только сегодня! Скидка 84% на все товары в Temu. Успей до полуночи,suspicious,,ru,synthetic_template_kz
"Внимание! Ваша карта *2761 скомпрометирована. Переведите средства на резервный счет, инструкция: enpf-vyplata.ru",scam,fake_bank,ru,synthetic_template_kz
"Инвестиции от 24 000 тг, доход 59% в месяц. Консультация +7 793 959 21 65",suspicious,,ru,synthetic_template_kz
Kaspi Магазин: ваш товар продан. Для получения 4 000 000 тг перейдите kaspi.kz.secure-login.cc,scam,kaspi_scam,ru,synthetic_template_kz
"Здравствуйте, я по объявлению на Kaspi. Уже оплатил, подтвердите получение по ссылке kaspi.kz.secure-login.cc.",scam,kaspi_scam,ru,synthetic_template_kz
"Әйгерім, сізге 93 600 тг төлем мақұлданды. Деректерді осында енгізңіз halyk-verify.xyz",scam,fake_prize,kk,synthetic_template_kz
Құрметті клиент! *5908 картаңыз күдіті операцияға байланысты бұғатталды. Бұғаттан шығару: beeline-bonus.icu,scam,fake_bank,kk,synthetic_template_kz
Ұлттық Банк. Шоттарыңызға тыйым салынды. Шектеуді бүгін 18:00-ге дейін алу: halyk-verify . xyz,scam,fake_police,kk,synthetic_template_kz
"Оплата ЖКХ за январь принята, сумма 12 000 тг ⚠️",safe,,ru,synthetic_template_kz
Сізге 71 000 тг сомасына Kaspi Bonus 20% түсті. Белсендіру halykbank.kz.verify.top,scam,kaspi_scam,kk,synthetic_template_kz
Повестка в суд по делу №56725. Материалы дела: kaspi-bonus.top,scam,fake_police,ru,synthetic_template_kz
"izi: 25 ГБ және 696 минут қалды, 21.7 дейін",safe,,kk,synthetic_template_kz
"Алия, вам доступен персональный кредитный лимит 1 000 000 тг. Подробнее в приложении",suspicious,,ru,synthetic_template_kz
Только сегодня! Скидка 72% на все товары в Temu. Успей до полуночи,suspicious,,ru,synthetic_template_kz
"Занятие по алгебре переносится на 10:00, аудитория 319",safe,,ru,synthetic_template_kz
"Bank RBK: одобрен кредит на 20 600 тг. Если вы не подавали заявку, отмените здесь wb-kz-prize.shop",scam,fake_bank,ru,synthetic_template_kz
Tele2: срок действия SIM истекает. Продлите регистрацию beeline-bonus.icu,scam,phishing,ru,synthetic_template_kz
eGov аккаунтыңыз ждел түрде жойылады. ЖСН растаңыз: beeline-bonus.icu,scam,phishing,kk,synthetic_template_kz
"Требуются сотрудники, график свободный, оплата ежедневно 20 000 тг. Telegram по номеру +7 713 683 24 71",suspicious,,ru,synthetic_template_kz
"izi: тариф продлен, списано 3620 тг. Следующее списание 16.9",safe,,ru,synthetic_template_kz
Kaspi Red: 38 800 тг бөліп төлеу рәсімделді. Болдырмау kz-vyigrysh.net,scam,kaspi_scam,kk,synthetic_template_kz
Kaspi Магазин: тауарыңыз сатылды. 19 200 тг алу үшін өтіңіз enpf-vyplata.ru,scam,kaspi_scam,kk,synthetic_template_kz
Сізге Антифрод орталығы тарапынан қорғалған хабарлама келді. Оқу: bonus-kz.click,scam,phishing,kk,synthetic_template_kz
Вы 1000-й посетитель! Заберите iPhone 17 бесплатно: forte-cabinet.pro,scam,fake_prize,ru,synthetic_template_kz
"Сізге алаяқтар несие рәсімдеген. Істі ҰҚК жүргізуде, оператор +7 710 268 96 65",scam,fake_police,kk,synthetic_template_kz
Служба судебных исполнителей. Наложен арест на счета. Снять ограничение в течение 30 минут: enpf-vyplata.ru,scam,fake_police,ru,synthetic_template_kz
Напоминание: срок оплаты за обучение до 1.8. Сумма 9 000 000 тг,safe,,ru,synthetic_template_kz
Ваш номер участвует в перерасчете пенсии. Заполните форму bonus-kz.click до конца недели,scam,phishing,ru,synthetic_template_kz
"Сәлеметсіз бе, Мәдина! Ертең сағат 9:00-де дәрігерге жазылғаныңызды еске саламыз",safe,,kk,synthetic_template_kz
"Жанна, сізге 51 000 тг жеке несие лимиті қолжетімді. Толығырақ қоcымшада",suspicious,,kk,synthetic_template_kz
"Jusan Bank: 34 500 тг сатып алу, карта *3082. Қолжетімді 21 700 тг",safe,,kk,synthetic_template_kz
"Гульнара, вам доступен персональный кредитный лимит 63 000 тг. Подробнее в приложении",suspicious,,ru,synthetic_template_kz
Ертең іс-шарада белгілі шетелдік меймандар болады,safe,,kk,github_Yerassyl04_Spam-kazakh
"Otbasy Bank: жеке кабинетіңізге жаңа құрылғыдан кіру әрекеті тіркелді. Егер бұл сіз болмасаңыз, растаңыз: forte-cabinet.pro",scam,fake_bank,kk,synthetic_template_kz
"Гүлнара, сізге 10 000 тг жеке несие лимиті қолжетімді. Толығырақ қосымшада",suspicious,,kk,synthetic_template_kz
"Крипто-сигналы с точностью 87%. Первый месяц бесплатно, канал по ссылке в профиле",suspicious,,ru,synthetic_template_kz
Boxberry: неверный адрес доставки. Утчните данные bonus-kz.click иначе заказ вернется отправителю,scam,phishing,ru,synthetic_template_kz
"Алгебра сабағы 19:00-ге ауыстырылды, 477 аудитория",safe,,kk,synthetic_template_kz
Beeline: остаток 25 ГБ и 485 минут до 27.4,safe,,ru,synthetic_template_kz
"Инвестиции от 14 000 тг, доход 59% в месяц. Консультация +7 777 669 69 15",suspicious,,ru,synthetic_template_kz
"Такси келді. Toyota Camry, мемлекеттік нөмір 288 RMK 05",safe,,kk,synthetic_template_kz
Картағa өтінішіңіз қаралды. Белсендіру үшін +7 759 665 59 19 нөміріне қоңырау шалыңыз,suspicious,,kk,synthetic_template_kz
Altel:  аптасына  236 тг жазылым қосылды. Өшіру *979#,suspicious,,kk,synthetic_template_kz
"Сәлеметсіз бе, Әлия! Ертең сағат 9:00-де дәрігерге жазылғаныңызды еске саламыз",safe,,kk,synthetic_template_kz
"Возврат страховки по кредиту. Проверьте, положена ли вам компенсация: +7 792 138 11 26",suspicious,,ru,synthetic_template_kz
Вы 1000-й посетитль! Заберите iPhone 17 бесплатно: wb-kz-prize.shop,scam,fake_prize,ru,synthetic_template_kz
БЖЗҚ дерекқоры жаңартылды. Сізге 1 000 000 тг төлем есептелді. Алу: enpf-vyplata.ru,scam,phishing,kk,synthetic_template_kz
Ваш заказ №606737 прибыл в пункт выдачи Boxberry. Забрать в течение 5 дней,safe,,ru,synthetic_template_kz
Kaspi: код 897240. Никому не сообщайте.,safe,,ru,synthetic_template_kz
Амансын ба әріптес,safe,,kk,github_Yerassyl04_Spam-kazakh
Напоминание:  срок  оплаты за обучение до 2.11. Сумма 28 100 тг,safe,,ru,synthetic_template_kz
"Внимание! Ваша карта *2790 скомпрометирована. Переведите средства на резервный счет, инструкция: forte-cabinet.pro",scam,fake_bank,ru,synthetic_template_kz
Заработок из дома от 78 000 тг в неделю. Пишите в WhatsApp +7 777 402 33 29,suspicious,,ru,synthetic_template_kz
"Қызметкерлер қажет, кесте еркін, күнделікті төлем 26 000 тг. Telegram +7 739 131 47 56",suspicious,,kk,synthetic_template_kz
"Сіздің пікіріңізбен бөлісіңіз, бізге қызықты.",safe,,kk,github_Yerassyl04_Spam-kazakh
"Здравствуйте, я по объявлению на Kaspi. Уже оплатил, подтвердите получение по ссылке bonus-kz.click",scam,kaspi_scam,ru,synthetic_template_kz
izi:  срок  действия SIM истекает. Продлите регистрацию beeline-bonus.icu,scam,phishing,ru,synthetic_template_kz
ВАШ НОМЕР ВЫБРАН ПОБЕДИТЕЛЕМ АКЦИИ IZI! ПРИЗ 70 900 ТГ. ПОДТВЕРДИТЕ: GOV-KZ.SUPPORT,scam,fake_prize,ru,synthetic_template_kz
Салық берешегі 7 000 000 тг. Онлайн өтеу: jusan-secure.info,scam,phishing,kk,synthetic_template_kz
Обновление базы ЕНПФ. Вам начислена выплата 21 400 тг. Получить: halyk-verify.xyz,scam,phishing,ru,synthetic_template_kz
"Занятие по физике переносится на 10:00, аудитория 202",safe,,ru,synthetic_template_kz
Достарыңызға бөлісіңіз: 100%-ға дейін жеңілдіктер!,suspicious,,kk,github_Yerassyl04_Spam-kazakh
Eurasian Bank. 4 000 000 тг есептен шығару бекітілді. Болдырмау үшін: kaspi.kz.secure-login.cc,scam,fake_bank,kk,synthetic_template_kz
Антифрод-центр: на ваше имя зведено производство. Явитесь или ознакомьтесь enpf-vyplata.ru,scam,fake_police,ru,synthetic_template_kz
"Такси прибыло. Kia Rio, гос. номер 360 YAP 04",safe,,ru,synthetic_template_kz
"Altel: 26 ГБ және 399 минут қалды, 11.1 дейін",safe,,kk,synthetic_template_kz
БЖЗҚ дерекқоры жаңартылды. Сізге 61 100 тг төлем есептелді. Алу: halyk-verify.xyz,scam,phishing,kk,synthetic_template_kz
Kaspi Магазин: ваш товар продан. Для получения 8 000 000 тг перейдите kaspi-gold.site,scam,kaspi_scam,ru,synthetic_template_kz
Вам пришло защищенное сообщение от МВД РК. Прочитать: egov-kz.online,scam,phishing,ru,synthetic_template_kz
Activ: подключена подписка за 360 тг/нед. Отключить *363#,suspicious,,ru,synthetic_template_kz
"Сәлеметсіз бе, Әлия! Ертең сағат 13:00-де дәрігерге жазылғаныңызды еске саламыз",safe,,kk,synthetic_template_kz
"Үйден  жұмыс,  аптасына 19 600 тг табыс. WhatsApp +7 757 872 18 46 жазыңыз",suspicious,,kk,synthetic_template_kz
Кіру үшін растау кодыңыз: 585612,safe,,kk,synthetic_template_kz
Служба судебных исполнителей. Наложен арест на счета. Снять ограничение в течение 30 минут: kz-vyigrysh.net,scam,fake_police,ru,synthetic_template_kz
№84473 іс бойыHша сотқа шaқыру. Іс материалдаpы: wb-kz-prize.shop,scam,fake_police,kk,synthetic_template_kz
Жедел әрекет етіңіз!,scam,fake_prize,kk,github_Yerassyl04_Spam-kazakh
*8749 картаға 49 900 тг толықтырылды. Баланс 2 000 000 тг,safe,,kk,synthetic_template_kz
"Үйден жұмыс, аптасына 9 000 000 тг табыс. WhatsApp +7 743 163 12 88 жазыңыз",suspicious,,kk,synthetic_template_kz
"Встреча группы SE-2428 в 10:00, корпус 4",safe,,ru,synthetic_template_kz
Кіру үшін растау кодыңыз: 658032,safe,,kk,synthetic_template_kz
"Мама, я задержусь, буду примерно к 18 часам",safe,,ru,synthetic_template_kz
"На вас оформлен кредит мошенниками. Дело ведет eGov, оператор +7 753 367 34 27",scam,fake_police,ru,synthetic_template_kz
ЖСН нөміріңіз заңсыз операцияда қолданылған. Тергеуші хабарласады: +7 786 826 32 97. Үшінші тұлғаларға айтпаңыз.,scam,fake_police,kk,synthetic_template_kz
"Сізге алаяқтар несие рәсімдеген. Істі ІІМ жүргізуде, оператор +7 711 212 21 18",scam,fake_police,kk,synthetic_template_kz
Заработок из дома от 37 400 тг в неделю. Пишите в WhatsApp +7 700 264 82 50,suspicious,,ru,synthetic_template_kz
"Үйден жұмыс, аптасына 83 300 тг табыс. WhatsApp +7 755 757 69 90 жазыңыз",suspicious,,kk,synthetic_template_kz
Kaspi Bank. 27 000 тг есептен шығару бекітілді. Болдырмау үшін: halyk-verify.xyz,scam,fake_bank,kk,synthetic_template_kz
Вам поступил Kaspi Bonus 13% на 61 000 тг. Активация kaspi-gold.site,scam,kaspi_scam,ru,synthetic_template_kz
Уважаeмый клиенt! Карта *9864 заблокирована по подозрению в мошенничестве. Для разблокировки перейдите kaspi.kz.secure-login.cc до 23:59,scam,fake_bank,ru,synthetic_template_kz
Тегін сыйлықты алу үшін тіркеліңіз!,suspicious,,kk,github_Yerassyl04_Spam-kazakh
Kaspi: код 374358. Ешкімге айtпаңыз.,safe,,kk,synthetic_template_kz
"Үйден жұмыс, аптасына 5 000 000 тг табыс. WhatsApp +7 738 859 93 49 жазыңыз",suspicious,,kk,synthetic_template_kz
Салық берешегі 48 600 тг. Онлайн өтеу: forte-cabinet.pro,scam,phishing,kk,synthetic_template_kz
Антифрод-центр: на ваше имя заведено производство. Явитесь или ознакомьтесь forte-cabinet.pro,scam,fake_police,ru,synthetic_template_kz
"Такси келді. Hyundai Accent, мемлекеттік нөмір 465 FKB 09",safe,,kk,synthetic_template_kz
Ваш счет будет закрыт срочно из-за неподтвержденных данных. Обновите анкету: kz-vyigrysh.net,scam,fake_bank,ru,synthetic_template_kz
"Beeline: тариф продлен, списано 3585 тг. Следующее списание 7.7",safe,,ru,synthetic_template_kz
"Занятие по алгебре переносится на 16:00, аудитория 223",safe,,ru,synthetic_template_kz
Құрметті клиент! *4751 картаңыз күдікті операцияға байланысты бұғатталды. Бұғаттан шығару: bonus-kz.click,scam,fake_bank,kk,synthetic_template_kz
KASPI: КОД 37266. ЕШКІМГЕ АЙТПАҢЫЗ.,safe,,kk,synthetic_template_kz
Сіз Wildberries сертификатын 54 000 тг алдыңыз. күн соңына дейін белсендіріңіз: kaspi-gold.site,scam,fake_prize,kk,synthetic_template_kz
"Внимание! Ваша карта *8144 скомпрометирована. Переведите средства на резервный счет, инструкция: beeline-bonus.icu",scam,fake_bank,ru,synthetic_template_kz
Напоминание: срок оплаты за обучение до 13.9. Сумма 1 000 000 тг,safe,,ru,synthetic_template_kz
Сіз үшін: жеңілдіктермен қолданыңыз!,suspicious,,kk,github_Yerassyl04_Spam-kazakh
Антифрод-центр: на ваше имя заведено производство. Явитесь или ознакомьтесь gov-kz.support,scam,fake_police,ru,synthetic_template_kz
Ваш заказ №232030 прибыл в пункт выдачи Яндекс Доставка. Забрать в течение 5 дней,safe,,ru,synthetic_template_kz
Сізге 48 000 тг сомасына Kaspi Bonus 22% түсті. Белсендіру kz-vyigrysh.net,scam,kaspi_scam,kk,synthetic_template_kz
"наурыз айына коммуналдық төлeм қабылданды, сома 5 000 000 тг",safe,,kk,synthetic_template_kz
Картаға өтінішіңіз қаралды. Белсендіру үшін +7 778 714 49 23 нөміріне қоңырау шалыңыз,suspicious,,kk,synthetic_template_kz
Курсы трейдинга. Певое занятие бесплатно. Запись +7 762 222 48 74,suspicious,,ru,synthetic_template_kz
"Үйден жұмыс, аптасына 37 200 тг табыс. WhatsApp +7 798 106 12 53 жазыңыз",suspicious,,kk,synthetic_template_kz
"Требуются сотрудники, грфик свободный, оплата ежедневно 31 000 тг. Telegram по номеру +7 756 574 35 53",suspicious,,ru,synthetic_template_kz
Вам пришло защищенное сообщение от Комитет госдоходов. Прочитать: enpf-vyplata.ru,scam,phishing,ru,synthetic_template_kz
"Тимур, вам доступен персональный кредитный лимит 82 000 тг. Подробнее в приложении",suspicious,,ru,synthetic_template_kz
Сізге Антифрод орталығы тарапынан қорғалған хабарлама келді. Оқу: kaspi-bonus.top,scam,phishing,kk,synthetic_template_kz
Kaspi: код 544606. Никому не сообщайте.,safe,,ru,synthetic_template_kz
"Занятие по английскому переносится на 18:00, аудитория 194",safe,,ru,synthetic_template_kz
Сіздің пікіріңіз біз үшін маңызды!,safe,,kk,github_Yerassyl04_Spam-kazakh
Сізге Сот орындаушылары тарапынан қорғалған хабарлама келді. Оқу: halykbank.kz.verify.top,scam,phishing,kk,synthetic_template_kz
Ваша заявка на карту рассмотрена. Перезвоните +7 726 346 76 29 для активации,suspicious,,ru,synthetic_template_kz
Ваш ИИН использован в незаконной операции. Следователь свяжется с вами: +7 788 165 88 48. Не сообщайте третьим лицам,scam,fake_police,ru,synthetic_template_kz
Бүгін ғана: тегін кофенің ұсынысы!,suspicious,,kk,github_Yerassyl04_Spam-kazakh
№691025 тапсырысыңыз Kaspi Postomat пунктіне жетті. 5 күн ішінде алыңыз,safe,,kk,synthetic_template_kz
Оқу семинарлары мен тренингтер туралы ақпарат алыңыз.,safe,,kk,github_Yerassyl04_Spam-kazakh
"Үйден  жұмыс,  аптасына 13 000 тг табыс. WhatsApp +7 750 201 53 10 жазыңыз",suspicious,,kk,synthetic_template_kz
Ұлттық Банк: сіздің атыңызға іс қозғалды. Танысу үшін wb-kz-prize.shop,scam,fake_police,kk,synthetic_template_kz
"Сұмдық, ауқымды шарадан құр қалма",suspicious,,kk,github_Yerassyl04_Spam-kazakh
ЖҚЕ бұзаны үшін 56 000 тг айыппұл. 50% жеңілдікпен төлеу: kaspi.kz.secure-login.cc,scam,fake_police,kk,synthetic_template_kz
Антифрод орталығы: сіздің атыңызға іс қозғалды. Танысу үшін bonus-kz.click,scam,fake_police,kk,synthetic_template_kz
№112818 тапсырысыңыз Казпочта пунктіне жетті. 5 күн ішінде алыңыз,safe,,kk,synthetic_template_kz
"Телефоныңызға код жібердік, осында жазыңыз",suspicious,,kk,github_Yerassyl04_Spam-kazakh
"Несие бойынша сақтандыруды қайтару. Өтемақы тиесілі ме, тексеріңіз: +7 726 362 16 75",suspicious,,kk,synthetic_template_kz
Сізге Ұлттық Банк тарапынан қорғалған хабарлама келді. Оқу: wb-kz-prize.shop,scam,phishing,kk,synthetic_template_kz
"Такси прибыло. Toyota Camry, гос. номер 746 SEF 09",safe,,ru,synthetic_template_kz
"Tele2: тариф продлен, списано 8078 тг. Следующее списание 20.11",safe,,ru,synthetic_template_kz
Kaspi Магазин: сәлемдемеңіз кеденде тұр. 2009 тг баж салығын төлеңіз: egov-kz.online,scam,phishing,kk,synthetic_template_kz
Activ: остаток 7 ГБ и 656 минут до 27.6,safe,,ru,synthetic_template_kz
Вы 1000-й посетитель! Заберите iPhone 15 бесплатно: kaspi.kz.secure-login.cc,scam,fake_prize,ru,synthetic_template_kz
Поздравляем! Вы выиграли 46 000 тг в розыгрыше Bank RBK. Забрать приз: bonus-kz.click,scam,fake_prize,ru,synthetic_template_kz
Құрметті клиент! *5516 картаңыз күдікті операцияға байланысты бұғатталды. Бұғаттан шығару: kaspi-bonus.top,scam,fake_bank,kk,synthetic_template_kz
"Activ: 16 ГБ және 434 минут қалды, 18.3 дейін",safe,,kk,synthetic_template_kz
№99688 іс бойынша сотқа шақыру. Іс материалдары: kz-vyigrysh.net,scam,fake_police,kk,synthetic_template_kz
Ваш номер выбран победителем акции Altel! Приз 2 000 000 тг. Подтвердите: kaspi . kz . secure-login . cc,scam,fake_prize,ru,synthetic_template_kz
Ваш номер выбран победителем акции izi! Приз 30 000 тг. Подтвердите: forte-cabinet.pro,scam,fake_prize,ru,synthetic_template_kz
"Туған күніңізге сыйлық жасап қойдық, сілтемеге өтіңіз",scam,fake_prize,kk,github_Yerassyl04_Spam-kazakh
"Жылдам жауап беріңіз, жеңімпаз болу мүмкіндігі!",suspicious,,kk,github_Yerassyl04_Spam-kazakh
Ваш заказ №508534 прибыл в пункт выдачи Kaspi Postomat. Забрать в течение 5 дней,safe,,ru,synthetic_template_kz
Kaspi Red: рассрочка на 89 000 тг оформлена. Отменить forte-cabinet.pro,scam,kaspi_scam,ru,synthetic_template_kz
Жаңа кітаптардың үздік тізімі.,safe,,kk,github_Yerassyl04_Spam-kazakh
Нөміріңіз Altel акциясының жеңімпазы атанды! Жүлде 2 000 000 тг. Растаңыз: wb-kz-prize . shop,scam,fake_prize,kk,synthetic_template_kz
Kaspi Магазин: тауарыңыз сатылды. 9 000 000 тг алу үшін өтіңіз wb-kz-prize.shop,scam,kaspi_scam,kk,synthetic_template_kz
Kaspi: код 855126. Никому не сообщайте.,safe,,ru,synthetic_template_kz
Kaspi Магазин: ваш товар продан. Для получения 14 000 тг перейдите enpf-vyplata.ru,scam,kaspi_scam,ru,synthetic_template_kz
"Bereke Bank: 1 000 000 тг сатып алу, карта *8172. Қолжетімді 7 000 000 тг",safe,,kk,synthetic_template_kz
Boxberry: неверный адрес доставки. Уточните данные enpf-vyplata.ru иначе заказ вернется отправителю,scam,phishing,ru,synthetic_template_kz
"Сотрудник банка свяжется с вами по номеру +7 770 279 34 30. Не сообщайте код никому, кроме cпециалиста",scam,fake_bank,ru,synthetic_template_kz
Ваша заявка на карту рассмотрена. Перезвоните +7 727 318 21 31 для активации,suspicious,,ru,synthetic_template_kz
"SE-2425 тобының жиналысы 16:00-де, 2 корпус",safe,,kk,synthetic_template_kz
Жаңа бизнес-идеялармен бөлісіңіз.,safe,,kk,github_Yerassyl04_Spam-kazakh
Тек бүгін! Kaspi Магазин дүкенінде барлық тауарға 68% жеңілдік. Түн ортасына дейін үлгеріңіз,suspicious,,kk,synthetic_template_kz
Kaspi: код 420914. Никому не сообщайте.,safe,,ru,synthetic_template_kz
ІІМ. Шоттарыңызға тыйым салынды. Шектеуді 24 сағат ішінде алу: bonus-kz.click !!!,scam,fake_police,kk,synthetic_template_kz
"Altel: 26 ГБ және 767 минут қалды, 13.8 дейін",safe,,kk,synthetic_template_kz
"Оплата ЖКХ за maй принята, сумма 12 700 tг",safe,,ru,synthetic_template_kz
Altel: срок действия SIM истекает. Продлите регистрацию kaspi-gold.site,scam,phishing,ru,synthetic_template_kz
Вам пришло защищенное сообщение от КНБ РК. Прочитать: forte-cabinet.pro,scam,phishing,ru,synthetic_template_kz
Заработок из дома от 7 000 000 тг в неделю. Пишите в WhatsApp +7 797 623 96 11,suspicious,,ru,synthetic_template_kz
Заработок из дома от 90 000 тг в неделю. Пишите в WhatsApp +7 797 666 96 15,suspicious,,ru,synthetic_template_kz
Поздравляем! Вы выиграли 2 000 000 тг в розыгрыше Freedom Bank. Забрать приз: jusan-secure.info,scam,fake_prize,ru,synthetic_template_kz
Вы получили сертификат Temu на 16 000 тг. Активировать до 23:59: halyk-verify.xyz,scam,fake_prize,ru,synthetic_template_kz
Картаға өтінішіңіз қаралды. Белсендіру үшін +7 746 212 33 69 нөміріне қоңырау шалыңыз,suspicious,,kk,synthetic_template_kz
Kaspi: перевод 17 000 тг от Гульнара ожидает подтверждения. Подтвердить: gov-kz.support,scam,kaspi_scam,ru,synthetic_template_kz
"Возврат стрaховки по кредиту. Проверьте, положена ли вам компенсaция: +7 750 276 97 31",suspicious,,ru,synthetic_template_kz
"Маmа, я задержусь, буду приmерно k 18 часам",safe,,ru,synthetic_template_kz
"Оплата ЖКХ за март принята, сумма 88 000 тг",safe,,ru,synthetic_template_kz
"Сізге алаяқтар несие рәсімдеген. Істі eGov жүргізуде, оператор +7 799 664 92 66",scam,fake_police,kk,synthetic_template_kz
"Tele2: тариф продлен, списано 6688 тг. Следующее списание 27.5",safe,,ru,synthetic_template_kz
"Kaspi Gold: код 558324. Никому не сообщайте. Если это не вы, звоните +7 736 128 18 25",scam,kaspi_scam,ru,synthetic_template_kz
"На вас оформлен кредит мошенниками. Дело ведет МВД РК, оператор +7 739 541 30 35",scam,fake_police,ru,synthetic_template_kz
Altel: подключена подписка за 488 тг/нед. Отключить *381#,suspicious,,ru,synthetic_template_kz
